# timestamp tx ty tz qx qy qz qw
1783055701.700073 8.517835 3.809589 0.746899 -0.145455 0.089616 0.876686 0.449704
1783055701.800393 8.595946 3.857902 0.760877 -0.148055 0.083364 0.882121 0.439310
1783055701.900233 8.614625 3.865864 0.766565 -0.152528 0.079153 0.887415 0.427743
1783055702.000073 8.619099 3.865348 0.767888 -0.156836 0.078679 0.891490 0.417682
1783055702.100407 8.621712 3.861841 0.769791 -0.156570 0.076663 0.895820 0.408797
1783055702.200247 8.620826 3.857541 0.770794 -0.158736 0.073092 0.899007 0.401556
1783055702.300087 8.620763 3.852375 0.770745 -0.159735 0.069231 0.900666 0.398112
1783055702.400407 8.620278 3.848114 0.771101 -0.159809 0.067478 0.902502 0.394204
1783055702.500247 8.618941 3.843627 0.770683 -0.160269 0.067396 0.904317 0.389849
1783055702.600087 8.619763 3.840813 0.771195 -0.160423 0.069940 0.906622 0.383938
1783055702.700407 8.618886 3.837745 0.770244 -0.161426 0.072468 0.906406 0.383559
1783055702.800247 8.617082 3.833589 0.770011 -0.161782 0.072751 0.906265 0.383689
1783055702.900087 8.615737 3.830489 0.769404 -0.162159 0.074184 0.904680 0.386982
1783055703.000407 8.612461 3.827328 0.769216 -0.163120 0.073177 0.903716 0.389018
1783055703.100260 8.611037 3.825264 0.770433 -0.160811 0.074988 0.903198 0.390833
1783055703.200100 8.609615 3.822963 0.771672 -0.157403 0.076205 0.903315 0.391712
1783055703.300420 8.607050 3.820902 0.772362 -0.157145 0.075030 0.902545 0.393813
1783055703.400260 8.604343 3.819145 0.771955 -0.157171 0.074082 0.902452 0.394195
1783055703.500100 8.601365 3.818583 0.772791 -0.157272 0.073500 0.902396 0.394391
1783055703.600420 8.598975 3.818372 0.772578 -0.157573 0.073252 0.902410 0.394284
1783055703.700260 8.597245 3.818691 0.773339 -0.156769 0.072436 0.902878 0.393684
1783055703.800100 8.594980 3.819008 0.773992 -0.156472 0.073020 0.903955 0.391216
1783055703.900420 8.592577 3.818451 0.774540 -0.154354 0.071227 0.906666 0.386081
1783055704.000260 8.591997 3.818660 0.774518 -0.154927 0.071793 0.910405 0.376837
1783055704.100113 8.589739 3.819390 0.773280 -0.160544 0.070786 0.911374 0.372306
1783055704.200433 8.588037 3.820713 0.771691 -0.163347 0.070674 0.912443 0.368470
1783055704.300273 8.588010 3.821312 0.771719 -0.164133 0.069767 0.913684 0.365206
1783055704.400113 8.588214 3.822168 0.772101 -0.165014 0.069600 0.914728 0.362213
1783055704.500433 8.589081 3.824698 0.772498 -0.164911 0.069743 0.915230 0.360962
1783055704.600273 8.589360 3.825453 0.772062 -0.163131 0.069552 0.915141 0.362033
1783055704.700113 8.591136 3.827277 0.772512 -0.161947 0.069421 0.915329 0.362115
1783055704.800433 8.592110 3.828700 0.772248 -0.162798 0.068975 0.915254 0.362007
1783055704.900273 8.592993 3.830224 0.772148 -0.163410 0.069352 0.915246 0.361679
1783055705.000113 8.594745 3.831763 0.771529 -0.163162 0.068648 0.915580 0.361081
1783055705.100446 8.597432 3.830911 0.771408 -0.161682 0.068798 0.915913 0.360873
1783055705.200286 8.598733 3.832016 0.771904 -0.162311 0.068670 0.915792 0.360922
1783055705.300126 8.601610 3.833083 0.771023 -0.161503 0.069973 0.915452 0.361895
1783055705.400446 8.604862 3.833990 0.772119 -0.160113 0.071722 0.914119 0.365522
1783055705.500286 8.610006 3.834771 0.772142 -0.156252 0.074109 0.911895 0.372211
1783055705.600126 8.613665 3.835809 0.772010 -0.153441 0.076724 0.908481 0.381092
1783055705.700446 8.618401 3.836725 0.772433 -0.151646 0.078862 0.904016 0.391842
1783055705.800286 8.622898 3.837106 0.773253 -0.149554 0.081132 0.899516 0.402396
1783055705.900126 8.628571 3.837307 0.775285 -0.146989 0.083171 0.894791 0.413310
1783055706.000446 8.633882 3.836776 0.776621 -0.144781 0.084205 0.889754 0.424601
1783055706.100299 8.640278 3.837187 0.776996 -0.143091 0.084590 0.884399 0.436128
1783055706.200139 8.646839 3.837086 0.777731 -0.140740 0.085797 0.879306 0.446824
1783055706.300459 8.653539 3.837276 0.779220 -0.138676 0.087661 0.874498 0.456441
1783055706.400299 8.661568 3.837635 0.781719 -0.136808 0.089300 0.868863 0.467318
1783055706.500139 8.667633 3.838554 0.782812 -0.135832 0.090831 0.862808 0.478395
1783055706.600459 8.675151 3.838387 0.783449 -0.132842 0.093419 0.857295 0.488540
1783055706.700299 8.682275 3.839416 0.784442 -0.130325 0.095672 0.851673 0.498514
1783055706.800139 8.688812 3.839690 0.785785 -0.128137 0.096158 0.845775 0.508920
1783055706.900459 8.695232 3.840210 0.786932 -0.126277 0.096387 0.839881 0.519003
1783055707.000299 8.700647 3.841315 0.788052 -0.122684 0.098224 0.834699 0.527805
1783055707.100152 8.707013 3.841999 0.787990 -0.120228 0.098681 0.829080 0.537060
1783055707.200472 8.711635 3.843131 0.786771 -0.118625 0.098537 0.823468 0.546003
1783055707.300312 8.716256 3.844480 0.784952 -0.118918 0.098900 0.817844 0.554264
1783055707.400152 8.718833 3.845204 0.785104 -0.117482 0.099797 0.813203 0.561195
1783055707.500472 8.722191 3.846802 0.785409 -0.115703 0.099367 0.808446 0.568466
1783055707.600312 8.726457 3.847383 0.784383 -0.113881 0.100208 0.803902 0.575092
1783055707.700152 8.728827 3.847514 0.783487 -0.111300 0.100087 0.799767 0.581350
1783055707.800472 8.730559 3.847615 0.782635 -0.110406 0.100004 0.795517 0.587335
1783055707.900312 8.732479 3.847582 0.782986 -0.109310 0.100936 0.792018 0.592091
1783055708.000152 8.734547 3.846263 0.782222 -0.108163 0.102627 0.788248 0.597021
1783055708.100485 8.734828 3.844908 0.783679 -0.106757 0.102550 0.784945 0.601621
1783055708.200325 8.735544 3.843072 0.784772 -0.105607 0.102497 0.781467 0.606342
1783055708.300165 8.737261 3.840668 0.785910 -0.104274 0.103512 0.777747 0.611164
1783055708.400485 8.737653 3.837491 0.787363 -0.102050 0.104417 0.775073 0.614772
1783055708.500325 8.738103 3.835183 0.788627 -0.101430 0.104787 0.772554 0.617974
1783055708.600165 8.738056 3.832649 0.790258 -0.100097 0.105269 0.771319 0.619650
1783055708.700485 8.737986 3.829580 0.790809 -0.098310 0.105329 0.771188 0.620088
1783055708.800325 8.736570 3.826467 0.792472 -0.094818 0.104082 0.771894 0.619964
1783055708.900165 8.736566 3.824559 0.793821 -0.091809 0.102225 0.772919 0.619450
1783055709.000485 8.735577 3.822724 0.795369 -0.089300 0.099679 0.773643 0.619327
1783055709.100338 8.735620 3.821970 0.795636 -0.087421 0.097350 0.773884 0.619664
1783055709.200178 8.735208 3.820728 0.796805 -0.082159 0.094277 0.775194 0.619222
1783055709.300018 8.734426 3.820654 0.797267 -0.078621 0.091262 0.776447 0.618562
1783055709.400338 8.733301 3.820176 0.796487 -0.076870 0.088383 0.777465 0.617922
1783055709.500178 8.732345 3.821206 0.795777 -0.077072 0.087954 0.778162 0.617080
1783055709.600018 8.731765 3.822259 0.794570 -0.076560 0.088392 0.778866 0.616192
1783055709.700338 8.731761 3.823670 0.793637 -0.076006 0.089640 0.779512 0.615263
1783055709.800178 8.731713 3.824760 0.793188 -0.076536 0.090273 0.779791 0.614751
1783055709.900018 8.731562 3.826889 0.792956 -0.078116 0.091377 0.779614 0.614614
1783055710.000338 8.731617 3.828001 0.792330 -0.078745 0.092453 0.779523 0.614488
1783055710.100191 8.731654 3.828896 0.792123 -0.079557 0.093125 0.779445 0.614380
1783055710.200031 8.731971 3.830508 0.791555 -0.080965 0.093271 0.779060 0.614663
1783055710.300351 8.731056 3.831433 0.793143 -0.082532 0.093512 0.778647 0.614941
1783055710.400191 8.731960 3.832315 0.793918 -0.082507 0.093986 0.779313 0.614028
1783055710.500031 8.732797 3.833307 0.793709 -0.083043 0.093541 0.779419 0.613890
1783055710.600351 8.733525 3.833953 0.792636 -0.083680 0.093736 0.779312 0.613908
1783055710.700191 8.733546 3.834723 0.794052 -0.084859 0.094185 0.779273 0.613728
1783055710.800031 8.733026 3.835371 0.793666 -0.084298 0.094270 0.779422 0.613603
1783055710.900351 8.733060 3.835551 0.795045 -0.084030 0.094323 0.779580 0.613431
1783055711.000191 8.733094 3.836497 0.796324 -0.084106 0.094484 0.779798 0.613119
1783055711.100045 8.732321 3.836489 0.796321 -0.083569 0.093849 0.779854 0.613218
1783055711.200365 8.731172 3.836591 0.796030 -0.083154 0.094486 0.780203 0.612733
1783055711.300205 8.730476 3.836784 0.795681 -0.083675 0.093593 0.780287 0.612692
1783055711.400045 8.728782 3.837002 0.796139 -0.083159 0.092547 0.780578 0.612550
1783055711.500365 8.727796 3.836674 0.794525 -0.083020 0.092312 0.780884 0.612214
1783055711.600205 8.726380 3.836705 0.793518 -0.082614 0.092487 0.780972 0.612130
1783055711.700045 8.725196 3.836578 0.792327 -0.082428 0.092512 0.781016 0.612096
1783055711.800365 8.725282 3.837975 0.792259 -0.083558 0.093517 0.780354 0.612634
1783055711.900205 8.724113 3.837902 0.791011 -0.083558 0.093459 0.780014 0.613075
1783055712.000045 8.723196 3.838525 0.791083 -0.084323 0.093516 0.779492 0.613625
1783055712.100378 8.722730 3.838551 0.790255 -0.084247 0.092218 0.779497 0.613826
1783055712.200218 8.723823 3.839375 0.789648 -0.084443 0.091694 0.779503 0.613870
1783055712.300058 8.723107 3.840096 0.788970 -0.083889 0.091491 0.779485 0.614000
1783055712.400378 8.723516 3.841269 0.789639 -0.084676 0.091631 0.779459 0.613903
1783055712.500218 8.724752 3.842061 0.789841 -0.084810 0.092172 0.779613 0.613608
1783055712.600058 8.725073 3.842385 0.788648 -0.085289 0.092265 0.779403 0.613795
1783055712.700378 8.724886 3.843983 0.788241 -0.085816 0.093360 0.779300 0.613686
1783055712.800218 8.725578 3.844511 0.787798 -0.085949 0.092890 0.778854 0.614305
1783055712.900058 8.725276 3.844865 0.786873 -0.085201 0.093354 0.778990 0.614166
1783055713.000378 8.725050 3.844841 0.787136 -0.085349 0.093488 0.778694 0.614501
1783055713.100231 8.725636 3.845820 0.788068 -0.085433 0.094461 0.778616 0.614439
1783055713.200071 8.724558 3.845142 0.787239 -0.085210 0.093592 0.778571 0.614660
1783055713.300391 8.723679 3.844887 0.787935 -0.086098 0.094072 0.778565 0.614470
1783055713.400231 8.723150 3.845276 0.789004 -0.086239 0.094870 0.778863 0.613950
1783055713.500071 8.721801 3.844340 0.788402 -0.085749 0.094777 0.778937 0.613940
1783055713.600391 8.720633 3.843542 0.788126 -0.086024 0.094534 0.778782 0.614135
1783055713.700231 8.719578 3.843458 0.787854 -0.085781 0.094220 0.778740 0.614270
1783055713.800071 8.718082 3.842974 0.788513 -0.085529 0.094488 0.778912 0.614046
1783055713.900391 8.718645 3.842112 0.788089 -0.085443 0.094042 0.778724 0.614365
1783055714.000231 8.717922 3.841445 0.788322 -0.085852 0.094082 0.778730 0.614294
1783055714.100084 8.717733 3.842074 0.789330 -0.086401 0.093364 0.778628 0.614456
1783055714.200404 8.718175 3.841053 0.789901 -0.085854 0.093096 0.778976 0.614133
1783055714.300244 8.718273 3.841134 0.789473 -0.085821 0.093313 0.778927 0.614167
1783055714.400084 8.718954 3.840442 0.790263 -0.086002 0.092803 0.778923 0.614224
1783055714.500404 8.719715 3.840499 0.791363 -0.086392 0.092838 0.778853 0.614252
1783055714.600244 8.721725 3.840642 0.791658 -0.085715 0.093694 0.778866 0.614201
1783055714.700084 8.722161 3.839364 0.791240 -0.084996 0.093357 0.778869 0.614348
1783055714.800404 8.722692 3.839620 0.791829 -0.085109 0.093551 0.778826 0.614357
1783055714.900244 8.723562 3.839283 0.791986 -0.085566 0.093807 0.778474 0.614701
1783055715.000084 8.724875 3.838891 0.792042 -0.085625 0.094113 0.778741 0.614307
1783055715.100417 8.725126 3.837303 0.792683 -0.085079 0.093251 0.778857 0.614367
1783055715.200257 8.725882 3.836642 0.793475 -0.084632 0.092812 0.779037 0.614268
1783055715.300097 8.726069 3.835638 0.792581 -0.084790 0.092305 0.779260 0.614040
1783055715.400417 8.725834 3.835395 0.792013 -0.085171 0.092182 0.779332 0.613914
1783055715.500257 8.726289 3.834587 0.792266 -0.084250 0.092210 0.779858 0.613369
1783055715.600097 8.726675 3.833623 0.792630 -0.083965 0.092216 0.779786 0.613499
1783055715.700417 8.726496 3.832839 0.791696 -0.084062 0.091531 0.779742 0.613644
1783055715.800257 8.725913 3.831703 0.792176 -0.083832 0.092056 0.779394 0.614038
1783055715.900097 8.726403 3.830985 0.792197 -0.082998 0.092327 0.779537 0.613929
1783055716.000417 8.725981 3.830904 0.791613 -0.082741 0.092394 0.779351 0.614190
1783055716.100270 8.725872 3.830941 0.791263 -0.082383 0.092965 0.779072 0.614506
1783055716.200110 8.725536 3.830994 0.792342 -0.082960 0.092310 0.778582 0.615148
1783055716.300430 8.725134 3.831264 0.792413 -0.082763 0.092282 0.778532 0.615241
1783055716.400270 8.724949 3.831133 0.792133 -0.082015 0.092791 0.778505 0.615300
1783055716.500110 8.725129 3.832030 0.792499 -0.081811 0.092453 0.778247 0.615704
1783055716.600430 8.724513 3.832026 0.790871 -0.082776 0.091067 0.777953 0.616153
1783055716.700270 8.724277 3.832902 0.790666 -0.082737 0.091672 0.778348 0.615569
1783055716.800110 8.724764 3.833648 0.791023 -0.082076 0.092847 0.778727 0.615001
1783055716.900430 8.723809 3.834592 0.791497 -0.082195 0.092400 0.778210 0.615707
1783055717.000270 8.723967 3.834967 0.790902 -0.081340 0.092138 0.778059 0.616051
1783055717.100124 8.724088 3.835272 0.790201 -0.080735 0.092111 0.777650 0.616651
1783055717.200444 8.724012 3.837039 0.790374 -0.081361 0.092227 0.777018 0.617347
1783055717.300284 8.723934 3.837375 0.790220 -0.081569 0.091946 0.776765 0.617680
1783055717.400124 8.723724 3.838434 0.790158 -0.081886 0.092142 0.776610 0.617804
1783055717.500443 8.723842 3.838614 0.789466 -0.081326 0.091715 0.776762 0.617750
1783055717.600284 8.723107 3.839159 0.788533 -0.080751 0.091593 0.776829 0.617759
1783055717.700124 8.723565 3.840209 0.789065 -0.079526 0.091682 0.777336 0.617267
1783055717.800444 8.723821 3.840746 0.789513 -0.079082 0.091557 0.777297 0.617392
1783055717.900284 8.723707 3.841610 0.790199 -0.078770 0.092082 0.776924 0.617823
1783055718.000124 8.723826 3.842197 0.789541 -0.077474 0.092467 0.776678 0.618238
1783055718.100457 8.723472 3.842620 0.789416 -0.079070 0.092873 0.775883 0.618973
1783055718.200297 8.723465 3.844291 0.790879 -0.080131 0.093717 0.774973 0.619849
1783055718.300137 8.723406 3.844237 0.790399 -0.079673 0.094132 0.775137 0.619640
1783055718.400457 8.723682 3.845001 0.790682 -0.080062 0.093623 0.775259 0.619514
1783055718.500297 8.722587 3.844958 0.790871 -0.081852 0.094576 0.774900 0.619585
1783055718.600137 8.721766 3.846697 0.790470 -0.083978 0.095646 0.774845 0.619205
1783055718.700457 8.721278 3.846534 0.790292 -0.084718 0.094275 0.774840 0.619321
1783055718.800297 8.721053 3.845813 0.790830 -0.083689 0.094162 0.775061 0.619201
1783055718.900137 8.721228 3.846072 0.791642 -0.082554 0.093572 0.775203 0.619266
1783055719.000457 8.720573 3.846004 0.792007 -0.082099 0.093229 0.775063 0.619553
1783055719.100310 8.719903 3.845745 0.790904 -0.082041 0.093894 0.775241 0.619237
1783055719.200150 8.718678 3.844853 0.789734 -0.082000 0.093992 0.775000 0.619529
1783055719.300470 8.717663 3.843583 0.789709 -0.081235 0.093698 0.775231 0.619385
1783055719.400310 8.717202 3.842363 0.787750 -0.081449 0.094293 0.775344 0.619126
1783055719.500150 8.716764 3.841645 0.786606 -0.081580 0.095318 0.775583 0.618653
1783055719.600470 8.716355 3.840923 0.786671 -0.082293 0.095099 0.775237 0.619024
1783055719.700310 8.714905 3.839781 0.786361 -0.081951 0.095341 0.775534 0.618661
1783055719.800150 8.714726 3.839240 0.785782 -0.081691 0.094267 0.775545 0.618846
1783055719.900470 8.714318 3.838056 0.786053 -0.081272 0.093566 0.775662 0.618861
1783055720.000310 8.713545 3.837471 0.785286 -0.081861 0.092933 0.775864 0.618625
1783055720.100163 8.713185 3.836791 0.784634 -0.082528 0.092474 0.776014 0.618418
1783055720.200483 8.714180 3.836898 0.784813 -0.082956 0.091826 0.776141 0.618297
1783055720.300323 8.714103 3.836606 0.785297 -0.082863 0.092045 0.775752 0.618765
1783055720.400163 8.714511 3.836873 0.785962 -0.082464 0.091467 0.775785 0.618862
1783055720.500483 8.714530 3.836493 0.785875 -0.082996 0.091469 0.775305 0.619392
1783055720.600323 8.713945 3.837024 0.786816 -0.083204 0.091726 0.775086 0.619600
1783055720.700163 8.713007 3.836556 0.787257 -0.083525 0.091385 0.775079 0.619617
1783055720.800483 8.713528 3.836567 0.788650 -0.083221 0.092068 0.775085 0.619549
1783055720.900323 8.713094 3.836289 0.788918 -0.082522 0.091481 0.774970 0.619874
1783055721.000163 8.712034 3.836197 0.789490 -0.082387 0.091155 0.774721 0.620251
1783055721.100496 8.710626 3.835483 0.790055 -0.082163 0.090903 0.774827 0.620185
1783055721.200336 8.708591 3.833825 0.790919 -0.081928 0.090729 0.774530 0.620612
1783055721.300176 8.706985 3.833896 0.790930 -0.082192 0.090111 0.774834 0.620288
1783055721.400016 8.704954 3.832741 0.791438 -0.082820 0.090443 0.774800 0.620199
1783055721.500336 8.704222 3.832556 0.791002 -0.082680 0.090270 0.775349 0.619555
1783055721.600176 8.703836 3.831834 0.791374 -0.082039 0.090296 0.775621 0.619297
1783055721.700016 8.704741 3.832811 0.790328 -0.082615 0.090684 0.775773 0.618973
1783055721.800336 8.706203 3.833171 0.788354 -0.082623 0.090004 0.775773 0.619070
1783055721.900176 8.707933 3.833737 0.787127 -0.082555 0.089966 0.775842 0.619000
1783055722.000016 8.711558 3.835590 0.786305 -0.082258 0.090296 0.776054 0.618725
1783055722.100349 8.717613 3.838248 0.784319 -0.082069 0.090603 0.776048 0.618712
1783055722.200189 8.725066 3.841706 0.781854 -0.082394 0.090599 0.775629 0.619195
1783055722.300029 8.734961 3.846515 0.778938 -0.081231 0.091218 0.775140 0.619870
1783055722.400349 8.749020 3.853136 0.777193 -0.081401 0.092968 0.774470 0.620425
1783055722.500189 8.763822 3.860751 0.774205 -0.080746 0.092903 0.773285 0.621996
1783055722.600029 8.782139 3.869545 0.770678 -0.081182 0.091929 0.771590 0.624186
1783055722.700349 8.805643 3.881605 0.766939 -0.082528 0.093446 0.769179 0.626754
1783055722.800189 8.832135 3.895826 0.762548 -0.084691 0.097200 0.766665 0.628970
1783055722.900029 8.862665 3.911340 0.756795 -0.083652 0.101876 0.765643 0.629614
1783055723.000349 8.899946 3.931348 0.750771 -0.082366 0.111425 0.765938 0.627805
1783055723.100203 8.941638 3.952898 0.743470 -0.081364 0.119264 0.765505 0.627023
1783055723.200043 8.988540 3.978044 0.738903 -0.079954 0.126678 0.763593 0.628081
1783055723.300363 9.040565 4.004558 0.734741 -0.078672 0.131817 0.762414 0.628617
1783055723.400203 9.096338 4.033957 0.730152 -0.082396 0.135700 0.758058 0.632569
1783055723.500043 9.156144 4.064212 0.724908 -0.082520 0.135277 0.753792 0.637722
1783055723.600363 9.221445 4.096944 0.719638 -0.084622 0.135548 0.749544 0.642378
1783055723.700203 9.286177 4.130751 0.718114 -0.088506 0.134443 0.746233 0.645933
1783055723.800043 9.354957 4.163055 0.715011 -0.091808 0.130702 0.743874 0.648953
1783055723.900363 9.423579 4.197381 0.715089 -0.097661 0.129094 0.734846 0.658633
1783055724.000203 9.494245 4.231388 0.715471 -0.098930 0.134982 0.720352 0.673116
1783055724.100056 9.567693 4.266332 0.717682 -0.092757 0.145285 0.704295 0.688664
1783055724.200376 9.640547 4.300158 0.719856 -0.085103 0.154807 0.689208 0.702698
1783055724.300216 9.715885 4.335147 0.718749 -0.078632 0.167242 0.671961 0.717158
1783055724.400056 9.789542 4.370760 0.717337 -0.077936 0.169546 0.657995 0.729536
1783055724.500376 9.862681 4.409040 0.718320 -0.082591 0.168477 0.645049 0.740747
1783055724.600216 9.936042 4.445014 0.720517 -0.086648 0.161861 0.633881 0.751324
1783055724.700056 10.008534 4.483915 0.728497 -0.090288 0.160679 0.623227 0.760012
1783055724.800376 10.081081 4.523855 0.736304 -0.088445 0.168707 0.620936 0.760364
1783055724.900216 10.155371 4.562503 0.739125 -0.080086 0.173872 0.632123 0.750849
1783055725.000056 10.224325 4.604579 0.739436 -0.080490 0.171906 0.640300 0.744302
1783055725.100389 10.293302 4.648731 0.734887 -0.086075 0.164317 0.651305 0.735794
1783055725.200229 10.362216 4.692931 0.728164 -0.093426 0.160971 0.652746 0.734359
1783055725.300069 10.430614 4.741350 0.730488 -0.103025 0.163477 0.645221 0.739155
1783055725.400389 10.498107 4.787037 0.734824 -0.101021 0.162206 0.633575 0.749711
1783055725.500229 10.565886 4.836963 0.734124 -0.098918 0.169702 0.618738 0.760644
1783055725.600069 10.633073 4.886384 0.727759 -0.090384 0.171971 0.605519 0.771754
1783055725.700389 10.701583 4.938362 0.718946 -0.081914 0.175443 0.592445 0.781997
1783055725.800229 10.764862 4.990761 0.712007 -0.078078 0.169311 0.576806 0.795319
1783055725.900069 10.832976 5.043276 0.709959 -0.075193 0.169813 0.561907 0.806083
1783055726.000389 10.902889 5.097987 0.710807 -0.078149 0.179321 0.545350 0.815065
1783055726.100242 10.973550 5.151529 0.713081 -0.078299 0.189445 0.534078 0.820208
1783055726.200082 11.046773 5.204565 0.711685 -0.075938 0.195889 0.528839 0.822308
1783055726.300402 11.120244 5.257108 0.709470 -0.077306 0.193478 0.529062 0.822608
1783055726.400242 11.191468 5.309073 0.704575 -0.082726 0.183167 0.536687 0.819496
1783055726.500082 11.263314 5.359046 0.705101 -0.091540 0.171434 0.548408 0.813314
1783055726.600402 11.337352 5.410739 0.710745 -0.099350 0.172843 0.564517 0.800984
1783055726.700242 11.408642 5.459967 0.714892 -0.102172 0.173120 0.576262 0.792157
1783055726.800082 11.480294 5.508148 0.717290 -0.099712 0.175837 0.584770 0.785610
1783055726.900402 11.551155 5.553314 0.713742 -0.090561 0.172686 0.591994 0.781999
1783055727.000242 11.620550 5.599960 0.708378 -0.088988 0.173186 0.596232 0.778842
1783055727.100096 11.684638 5.642657 0.710681 -0.086871 0.160690 0.596751 0.781358
1783055727.200415 11.749999 5.686474 0.717458 -0.090523 0.163309 0.599525 0.778270
1783055727.300255 11.813148 5.725556 0.724632 -0.093732 0.165355 0.598119 0.778541
1783055727.400095 11.877531 5.763216 0.726888 -0.091134 0.174511 0.602635 0.773351
1783055727.500415 11.939119 5.797438 0.724374 -0.090567 0.174888 0.611099 0.766662
1783055727.600255 11.998370 5.828658 0.720246 -0.097611 0.165014 0.625834 0.756025
1783055727.700095 12.057653 5.858291 0.720865 -0.110815 0.164690 0.637094 0.744787
1783055727.800415 12.114786 5.886690 0.730443 -0.124246 0.164552 0.652442 0.729250
1783055727.900255 12.169268 5.912871 0.737252 -0.132014 0.165988 0.660248 0.720481
1783055728.000095 12.224786 5.936014 0.743616 -0.131474 0.165363 0.670945 0.710776
1783055728.100429 12.279193 5.955478 0.746960 -0.124538 0.159693 0.680919 0.703802
1783055728.200269 12.330458 5.973775 0.747274 -0.121393 0.149669 0.688409 0.699254
1783055728.300109 12.378997 5.988430 0.746063 -0.122851 0.134153 0.695781 0.694837
1783055728.400429 12.425468 6.004759 0.750866 -0.127196 0.133062 0.702265 0.687706
1783055728.500269 12.470656 6.016378 0.757601 -0.125992 0.133407 0.711515 0.678288
1783055728.600109 12.512155 6.027284 0.765395 -0.122821 0.138413 0.721738 0.666971
1783055728.700429 12.549189 6.035210 0.768098 -0.123817 0.135639 0.733381 0.654541
1783055728.800269 12.581592 6.042070 0.770501 -0.124856 0.129405 0.746572 0.640543
1783055728.900109 12.609567 6.045699 0.772162 -0.127880 0.121787 0.763784 0.620845
1783055729.000429 12.631986 6.050462 0.772769 -0.136816 0.120578 0.777522 0.601833
1783055729.100282 12.647679 6.054074 0.773628 -0.146621 0.118687 0.788964 0.584766
1783055729.200122 12.655409 6.057695 0.771431 -0.152885 0.122605 0.795896 0.572839
1783055729.300442 12.661604 6.059097 0.769664 -0.148835 0.126934 0.798775 0.568942
1783055729.400282 12.663744 6.059798 0.768085 -0.142101 0.128651 0.799372 0.569439
1783055729.500122 12.660996 6.060289 0.765429 -0.137457 0.127897 0.795643 0.575934
1783055729.600442 12.657592 6.061203 0.762379 -0.134700 0.129938 0.792637 0.580257
1783055729.700282 12.649747 6.061489 0.758888 -0.137542 0.127889 0.790182 0.583386
1783055729.800122 12.642169 6.060462 0.756360 -0.137130 0.126921 0.788151 0.586434
1783055729.900442 12.636156 6.059705 0.754468 -0.136426 0.127537 0.788063 0.586582
1783055730.000282 12.629537 6.058797 0.751420 -0.136853 0.127735 0.786531 0.588493
1783055730.100135 12.624294 6.059067 0.750453 -0.135321 0.128416 0.785283 0.590363
1783055730.200455 12.621099 6.057672 0.749601 -0.135368 0.128281 0.783945 0.592157
1783055730.300295 12.618458 6.057718 0.747582 -0.136261 0.127211 0.782424 0.594191
1783055730.400135 12.616866 6.057024 0.747177 -0.137671 0.126617 0.780957 0.595920
1783055730.500455 12.616803 6.056602 0.747966 -0.136624 0.125569 0.780358 0.597166
1783055730.600295 12.618104 6.057013 0.750553 -0.134011 0.125180 0.779873 0.598473
1783055730.700135 12.618644 6.056826 0.750690 -0.133489 0.124251 0.779195 0.599665
1783055730.800455 12.620079 6.057838 0.751475 -0.133298 0.125040 0.778458 0.600499
1783055730.900295 12.621614 6.059636 0.751980 -0.134185 0.125859 0.777988 0.600740
1783055731.000135 12.622398 6.061350 0.751188 -0.134432 0.126442 0.777071 0.601748
1783055731.100468 12.623398 6.063737 0.752317 -0.135635 0.126770 0.776793 0.601769
1783055731.200308 12.623755 6.065840 0.752766 -0.135252 0.125766 0.776684 0.602206
1783055731.300148 12.624114 6.067899 0.753471 -0.134673 0.125252 0.776481 0.602705
1783055731.400468 12.624606 6.070526 0.753391 -0.134324 0.125463 0.776494 0.602721
1783055731.500308 12.623975 6.073082 0.752537 -0.134119 0.126263 0.776767 0.602248
1783055731.600148 12.623635 6.076177 0.752960 -0.134677 0.126753 0.776603 0.602233
1783055731.700468 12.623043 6.078456 0.752580 -0.135270 0.127500 0.777134 0.601255
1783055731.800308 12.622384 6.080853 0.752576 -0.135740 0.128738 0.777426 0.600508
1783055731.900148 12.621429 6.082310 0.752341 -0.136783 0.129364 0.777286 0.600318
1783055732.000468 12.619930 6.083599 0.751867 -0.137634 0.130125 0.777225 0.600038
1783055732.100322 12.618586 6.083274 0.751229 -0.137883 0.129770 0.777115 0.600201
1783055732.200162 12.617534 6.083004 0.750950 -0.137493 0.128867 0.777022 0.600604
1783055732.300482 12.616798 6.082993 0.751412 -0.137420 0.128156 0.776548 0.601386
1783055732.400322 12.615767 6.082145 0.750159 -0.137917 0.128445 0.776282 0.601553
1783055732.500162 12.613753 6.080707 0.749001 -0.138171 0.127979 0.776034 0.601915
1783055732.600482 12.613167 6.079958 0.750156 -0.138131 0.128619 0.775420 0.602578
1783055732.700322 12.612782 6.077506 0.749713 -0.137548 0.128467 0.775302 0.602896
1783055732.800162 12.612378 6.077360 0.750539 -0.136992 0.128687 0.774786 0.603639
1783055732.900482 12.611149 6.074990 0.751432 -0.136180 0.126030 0.774267 0.605047
1783055733.000322 12.611080 6.073977 0.751473 -0.133711 0.124394 0.774580 0.605536
1783055733.100175 12.611853 6.073257 0.750992 -0.133677 0.122260 0.773890 0.606859
1783055733.200015 12.611643 6.072418 0.750294 -0.134026 0.121860 0.773437 0.607439
1783055733.300335 12.611604 6.072921 0.748518 -0.135010 0.122786 0.772732 0.607932
1783055733.400175 12.612399 6.072215 0.748737 -0.135362 0.124084 0.772220 0.608240
1783055733.500015 12.613048 6.072708 0.749964 -0.135118 0.124854 0.771662 0.608845
1783055733.600335 12.613496 6.073073 0.752185 -0.133731 0.125686 0.771747 0.608873
1783055733.700175 12.614958 6.073646 0.752169 -0.132125 0.126799 0.771862 0.608847
1783055733.800015 12.615503 6.074491 0.751291 -0.132126 0.126741 0.771767 0.608979
1783055733.900335 12.616212 6.075805 0.750668 -0.131527 0.127718 0.771645 0.609059
1783055734.000175 12.617267 6.076063 0.750182 -0.130918 0.126825 0.771776 0.609211
1783055734.100028 12.617999 6.078152 0.749595 -0.131445 0.127081 0.771415 0.609501
1783055734.200348 12.618130 6.079386 0.749158 -0.131838 0.127465 0.771619 0.609078
1783055734.300188 12.617672 6.080849 0.750261 -0.132575 0.127959 0.771069 0.609511
1783055734.400028 12.617642 6.081736 0.751145 -0.131894 0.128185 0.771094 0.609579
1783055734.500348 12.617443 6.082330 0.750784 -0.132192 0.128430 0.771109 0.609445
1783055734.600188 12.617458 6.083256 0.749566 -0.132067 0.129143 0.771260 0.609130
1783055734.700028 12.617201 6.084722 0.749566 -0.132306 0.128549 0.771571 0.608809
1783055734.800348 12.617039 6.085068 0.749197 -0.131968 0.128797 0.771965 0.608331
1783055734.900188 12.616223 6.085655 0.750055 -0.132037 0.128872 0.772330 0.607836
1783055735.000028 12.615802 6.085982 0.749997 -0.132439 0.129221 0.772552 0.607392
1783055735.100361 12.614210 6.085937 0.750241 -0.132772 0.128850 0.772685 0.607229
1783055735.200201 12.613183 6.085300 0.751044 -0.132272 0.129252 0.773415 0.606323
1783055735.300041 12.612035 6.084635 0.753093 -0.132176 0.128809 0.773533 0.606288
1783055735.400362 12.610785 6.084222 0.755293 -0.131930 0.128499 0.773911 0.605924
1783055735.500202 12.610998 6.082363 0.753806 -0.131546 0.128109 0.774103 0.605845
1783055735.600042 12.609196 6.082287 0.754146 -0.132451 0.128533 0.774489 0.605064
1783055735.700361 12.608983 6.080903 0.754527 -0.132267 0.128635 0.775574 0.603692
1783055735.800201 12.607498 6.080508 0.754072 -0.132421 0.128332 0.777754 0.600911
1783055735.900041 12.605851 6.078942 0.753951 -0.131546 0.126279 0.780833 0.597536
1783055736.000362 12.604565 6.077631 0.754499 -0.130675 0.124418 0.784242 0.593640
1783055736.100215 12.603456 6.077328 0.754119 -0.129579 0.124127 0.787304 0.589877
1783055736.200055 12.603860 6.076368 0.753992 -0.128746 0.123536 0.790030 0.586528
1783055736.300375 12.601933 6.075745 0.753571 -0.129237 0.123087 0.791287 0.584818
1783055736.400215 12.602300 6.075337 0.750566 -0.129134 0.122844 0.792081 0.583816
1783055736.500055 12.602444 6.075105 0.749062 -0.129761 0.122620 0.792406 0.583284
1783055736.600375 12.600957 6.074633 0.749165 -0.129469 0.122062 0.793036 0.582608
1783055736.700215 12.601527 6.075256 0.748351 -0.129995 0.122007 0.793128 0.582377
1783055736.800055 12.600194 6.074895 0.746993 -0.131039 0.121690 0.793130 0.582207
1783055736.900375 12.600259 6.075269 0.745502 -0.131264 0.120975 0.793443 0.581879
1783055737.000215 12.599284 6.075008 0.746341 -0.130286 0.121166 0.793978 0.581329
1783055737.100068 12.599104 6.075130 0.746773 -0.129597 0.121787 0.794694 0.580375
1783055737.200388 12.598303 6.074880 0.746232 -0.130398 0.121453 0.794319 0.580777
1783055737.300228 12.597510 6.075873 0.746960 -0.131181 0.121611 0.794257 0.580653
1783055737.400068 12.596622 6.076244 0.747697 -0.131884 0.121817 0.793857 0.580997
1783055737.500388 12.596973 6.076168 0.749302 -0.131892 0.121276 0.793735 0.581275
1783055737.600228 12.596429 6.076870 0.752123 -0.131067 0.120654 0.793515 0.581892
1783055737.700068 12.595121 6.077495 0.753332 -0.130382 0.119896 0.793496 0.582229
1783055737.800388 12.595009 6.077712 0.753370 -0.129964 0.119692 0.793157 0.582825
1783055737.900228 12.593905 6.077719 0.752375 -0.129531 0.120063 0.793270 0.582692
1783055738.000068 12.591994 6.079412 0.754161 -0.130319 0.119954 0.792967 0.582950
1783055738.100401 12.591150 6.079495 0.754117 -0.130481 0.119756 0.792608 0.583443
1783055738.200241 12.590417 6.080604 0.754614 -0.130580 0.119581 0.792781 0.583222
1783055738.300081 12.590076 6.081607 0.755566 -0.130518 0.119518 0.792531 0.583588
1783055738.400401 12.588299 6.082407 0.754731 -0.132247 0.119440 0.791555 0.584538
1783055738.500241 12.588507 6.082947 0.753872 -0.131546 0.120423 0.791335 0.584792
1783055738.600081 12.587126 6.084838 0.752791 -0.131692 0.121506 0.790539 0.585612
1783055738.700401 12.587042 6.085590 0.752805 -0.131697 0.121239 0.789867 0.586572
1783055738.800241 12.586302 6.085956 0.752010 -0.131851 0.121087 0.788876 0.587901
1783055738.900081 12.585986 6.086362 0.750977 -0.131768 0.121533 0.787847 0.589206
1783055739.000401 12.585209 6.086354 0.750432 -0.131186 0.121717 0.787739 0.589442
1783055739.100255 12.585780 6.087193 0.749746 -0.132052 0.121149 0.787486 0.589704
1783055739.200095 12.586371 6.088000 0.751534 -0.131556 0.121597 0.787267 0.590015
1783055739.300415 12.586140 6.087024 0.750782 -0.131954 0.121833 0.787421 0.589673
1783055739.400255 12.586576 6.087374 0.749863 -0.131889 0.121514 0.787580 0.589540
1783055739.500095 12.587384 6.087228 0.750233 -0.131643 0.120621 0.788107 0.589074
1783055739.600415 12.587855 6.086860 0.749791 -0.131201 0.121453 0.788431 0.588567
1783055739.700255 12.587964 6.086891 0.748698 -0.131052 0.121761 0.788322 0.588683
1783055739.800095 12.588550 6.086574 0.749515 -0.130526 0.122570 0.788191 0.588808
1783055739.900415 12.589015 6.085678 0.750297 -0.130129 0.123233 0.788037 0.588963
1783055740.000255 12.588339 6.085277 0.750794 -0.130762 0.121335 0.788268 0.588908
1783055740.100108 12.588708 6.084869 0.749766 -0.130038 0.122200 0.788862 0.588094
1783055740.200428 12.590047 6.084727 0.748371 -0.129348 0.122374 0.789313 0.587604
1783055740.300268 12.589191 6.084272 0.747928 -0.129793 0.121239 0.789640 0.587302
1783055740.400108 12.588359 6.084151 0.747894 -0.130900 0.120049 0.790056 0.586741
1783055740.500428 12.588193 6.083643 0.748007 -0.130567 0.119442 0.790718 0.586047
1783055740.600268 12.588918 6.083196 0.747252 -0.131028 0.119548 0.791210 0.585257
1783055740.700108 12.588477 6.082800 0.746931 -0.131666 0.119747 0.791381 0.584843
1783055740.800428 12.587726 6.083179 0.746747 -0.133382 0.119505 0.791289 0.584628
1783055740.900268 12.587887 6.082301 0.746587 -0.133508 0.119603 0.791482 0.584317
1783055741.000108 12.588347 6.083382 0.746256 -0.133718 0.119874 0.791517 0.584167
1783055741.100441 12.587851 6.082735 0.746188 -0.134672 0.119748 0.791025 0.584639
1783055741.200281 12.588943 6.083074 0.745812 -0.134456 0.120118 0.790984 0.584669
1783055741.300121 12.589521 6.083177 0.746743 -0.134603 0.120286 0.790665 0.585032
1783055741.400441 12.590188 6.084086 0.746868 -0.133865 0.120413 0.790556 0.585322
1783055741.500281 12.590881 6.084273 0.746801 -0.134575 0.120923 0.790625 0.584961
1783055741.600121 12.591311 6.084795 0.747166 -0.134352 0.121338 0.790971 0.584458
1783055741.700441 12.592849 6.085757 0.747137 -0.134469 0.121365 0.790691 0.584804
1783055741.800281 12.593720 6.086029 0.747241 -0.134078 0.121065 0.790478 0.585245
1783055741.900121 12.593791 6.086827 0.746943 -0.132616 0.121119 0.790854 0.585058
1783055742.000441 12.593569 6.087339 0.747724 -0.131381 0.120749 0.791021 0.585188
1783055742.100295 12.594856 6.087812 0.747226 -0.130783 0.120369 0.790994 0.585436
1783055742.200135 12.593839 6.088352 0.746732 -0.131392 0.120480 0.790916 0.585383
1783055742.300455 12.593650 6.088549 0.746041 -0.131197 0.121510 0.790966 0.585146
1783055742.400295 12.593835 6.089690 0.745247 -0.131425 0.121880 0.791006 0.584963
1783055742.500134 12.593431 6.090763 0.743565 -0.132006 0.122052 0.791151 0.584600
1783055742.600455 12.592799 6.090712 0.743365 -0.133945 0.122048 0.790669 0.584812
1783055742.700294 12.592754 6.091309 0.743294 -0.133582 0.121462 0.790998 0.584572
1783055742.800135 12.593460 6.092618 0.742256 -0.133263 0.122408 0.791472 0.583806
1783055742.900455 12.592830 6.093979 0.741029 -0.133997 0.123428 0.791383 0.583544
1783055743.000294 12.594826 6.095378 0.740765 -0.133876 0.123916 0.791546 0.583247
1783055743.100148 12.596061 6.095847 0.739121 -0.133901 0.123722 0.791501 0.583343
1783055743.200468 12.597490 6.097543 0.738768 -0.133934 0.124690 0.791360 0.583321
1783055743.300308 12.597825 6.098084 0.738503 -0.132856 0.124985 0.791398 0.583454
1783055743.400148 12.600005 6.099756 0.739187 -0.132914 0.125257 0.791497 0.583246
1783055743.500468 12.600792 6.101505 0.739598 -0.133007 0.125242 0.791227 0.583596
1783055743.600308 12.600910 6.102318 0.738119 -0.132128 0.125242 0.791253 0.583760
1783055743.700148 12.601324 6.103035 0.737311 -0.132671 0.126074 0.791162 0.583581
1783055743.800468 12.599461 6.103602 0.736567 -0.133303 0.125676 0.790944 0.583818
1783055743.900308 12.598449 6.103123 0.736412 -0.132929 0.125590 0.791352 0.583369
1783055744.000148 12.595480 6.102706 0.737222 -0.133388 0.125408 0.791620 0.582939
1783055744.100482 12.592220 6.102353 0.738478 -0.133069 0.125679 0.792188 0.582182
1783055744.200321 12.588360 6.100668 0.738738 -0.132322 0.126652 0.792727 0.581407
1783055744.300161 12.583928 6.099515 0.738726 -0.131962 0.127509 0.792382 0.581771
1783055744.400481 12.580576 6.099087 0.739893 -0.132799 0.127595 0.792229 0.581771
1783055744.500321 12.576755 6.098469 0.742232 -0.134025 0.127473 0.791642 0.582315
1783055744.600162 12.574560 6.097579 0.743087 -0.133916 0.127062 0.791624 0.582455
1783055744.700481 12.573248 6.096703 0.743325 -0.134029 0.126679 0.791682 0.582433
1783055744.800321 12.573976 6.097515 0.741887 -0.134600 0.126159 0.791848 0.582188
1783055744.900162 12.577285 6.098697 0.740637 -0.134849 0.125582 0.792033 0.582004
1783055745.000481 12.584719 6.100947 0.740750 -0.135594 0.125777 0.792151 0.581629
1783055745.100335 12.595625 6.104421 0.740236 -0.134745 0.126801 0.792420 0.581236
1783055745.200175 12.609220 6.109422 0.740184 -0.135826 0.127402 0.791829 0.581659
1783055745.300015 12.624763 6.114669 0.739507 -0.135093 0.127652 0.791215 0.582609
1783055745.400335 12.643986 6.122104 0.738649 -0.133702 0.127942 0.790693 0.583574
1783055745.500175 12.665652 6.130535 0.738131 -0.130068 0.129638 0.791577 0.582823
1783055745.600015 12.689982 6.138498 0.736666 -0.121162 0.130110 0.792619 0.583221
1783055745.700335 12.717460 6.150135 0.736087 -0.114883 0.132944 0.793836 0.582196
1783055745.800175 12.744980 6.161611 0.734441 -0.110977 0.133032 0.792739 0.584424
1783055745.900015 12.773823 6.174565 0.731644 -0.111353 0.135523 0.791100 0.586000
1783055746.000335 12.806265 6.190710 0.726384 -0.110370 0.141825 0.790058 0.586100
1783055746.100188 12.838024 6.208280 0.722418 -0.108783 0.148313 0.786564 0.589481
1783055746.200028 12.872946 6.227678 0.718156 -0.105998 0.156687 0.783080 0.592451
1783055746.300348 12.907870 6.248310 0.714779 -0.101984 0.160942 0.778573 0.597930
1783055746.400188 12.946164 6.270000 0.713610 -0.099064 0.163507 0.772954 0.604974
1783055746.500028 12.983941 6.294764 0.713664 -0.098521 0.163512 0.763588 0.616840
1783055746.600348 13.025409 6.319544 0.713189 -0.094912 0.163073 0.751154 0.632587
1783055746.700188 13.065166 6.348152 0.713508 -0.098626 0.161022 0.734257 0.652083
1783055746.800028 13.105372 6.378922 0.712932 -0.102079 0.159905 0.715306 0.672568
1783055746.900348 13.144485 6.409690 0.710259 -0.103689 0.156983 0.698312 0.690626
1783055747.000188 13.186548 6.444201 0.707675 -0.102570 0.164330 0.682882 0.704377
1783055747.100041 13.228581 6.479880 0.707765 -0.099214 0.170107 0.670825 0.714993
1783055747.200361 13.270427 6.517692 0.707521 -0.098115 0.172786 0.658560 0.725822
1783055747.300201 13.312479 6.557236 0.708658 -0.095900 0.175757 0.649105 0.733877
1783055747.400041 13.353517 6.600110 0.709672 -0.096088 0.176754 0.639835 0.741712
1783055747.500361 13.394209 6.642809 0.708005 -0.094983 0.173479 0.633033 0.748433
1783055747.600201 13.434258 6.686845 0.708189 -0.091702 0.170521 0.630981 0.751250
1783055747.700041 13.472656 6.732574 0.708626 -0.090134 0.172717 0.631474 0.750524
1783055747.800361 13.508478 6.779578 0.711797 -0.091505 0.177670 0.626126 0.753676
1783055747.900201 13.543732 6.826355 0.712207 -0.092003 0.186239 0.623710 0.753549
1783055748.000041 13.577843 6.870903 0.712399 -0.090633 0.189831 0.620199 0.755714
1783055748.100375 13.608571 6.915200 0.710600 -0.090077 0.192127 0.621119 0.754443
1783055748.200215 13.638934 6.959502 0.706417 -0.091352 0.190026 0.625128 0.751505
1783055748.300055 13.667228 7.002398 0.702117 -0.093245 0.182109 0.636184 0.743916
1783055748.400375 13.694142 7.045859 0.697953 -0.103091 0.175671 0.648087 0.733823
1783055748.500215 13.721947 7.088466 0.700677 -0.106169 0.174820 0.654818 0.727585
1783055748.600055 13.748228 7.128141 0.697552 -0.109499 0.171975 0.659659 0.723384
1783055748.700375 13.777389 7.168633 0.695517 -0.112405 0.175893 0.661151 0.720629
1783055748.800215 13.804278 7.206356 0.693444 -0.117086 0.175544 0.662447 0.718776
1783055748.900055 13.833607 7.243197 0.689802 -0.119347 0.176132 0.663003 0.717747
1783055749.000375 13.868022 7.278907 0.687620 -0.117458 0.176220 0.663753 0.717343
1783055749.100228 13.901317 7.312716 0.684883 -0.116675 0.171994 0.663379 0.718842
1783055749.200068 13.939548 7.345215 0.683759 -0.115958 0.173597 0.664621 0.717424
1783055749.300388 13.979140 7.376819 0.685610 -0.113409 0.173877 0.661519 0.720623
1783055749.400228 14.020541 7.408565 0.686249 -0.112860 0.179673 0.658455 0.722092
1783055749.500068 14.063966 7.439153 0.686672 -0.114413 0.187277 0.656227 0.721944
1783055749.600388 14.107452 7.469398 0.687468 -0.113783 0.190439 0.657247 0.720287
1783055749.700228 14.151796 7.500778 0.687011 -0.114217 0.193585 0.662182 0.714838
1783055749.800068 14.196601 7.532290 0.685477 -0.114956 0.192697 0.671507 0.706209
1783055749.900388 14.240888 7.566174 0.684269 -0.119500 0.188747 0.683672 0.694756
1783055750.000228 14.286295 7.604244 0.685248 -0.130009 0.187784 0.694581 0.682196
1783055750.100082 14.329720 7.641940 0.687103 -0.139254 0.183508 0.703870 0.671938
1783055750.200402 14.371804 7.683577 0.687102 -0.147045 0.180762 0.707301 0.667404
1783055750.300241 14.414340 7.724751 0.686891 -0.148380 0.181432 0.707931 0.666258
1783055750.400082 14.454704 7.767513 0.687904 -0.144840 0.182412 0.708986 0.665648
1783055750.500401 14.494789 7.812906 0.687016 -0.139864 0.180976 0.709875 0.666155
1783055750.600242 14.534527 7.858855 0.683904 -0.134413 0.177836 0.709681 0.668326
1783055750.700082 14.572617 7.905269 0.679643 -0.131815 0.172679 0.709841 0.670024
1783055750.800402 14.611142 7.951484 0.676160 -0.131657 0.169776 0.711123 0.669438
1783055750.900242 14.649270 8.000398 0.677963 -0.133561 0.172890 0.711567 0.667790
1783055751.000082 14.688165 8.045205 0.679608 -0.132829 0.177957 0.708886 0.669454
1783055751.100415 14.726488 8.091086 0.682955 -0.132776 0.183560 0.709221 0.667594
1783055751.200255 14.765655 8.134583 0.683411 -0.131683 0.188536 0.711793 0.663675
1783055751.300095 14.806326 8.175951 0.681954 -0.130223 0.187653 0.718829 0.656592
1783055751.400415 14.844902 8.216786 0.684020 -0.135268 0.180333 0.728991 0.646340
1783055751.500255 14.885418 8.254750 0.683715 -0.145269 0.171825 0.742531 0.630888
1783055751.600095 14.929386 8.293346 0.687139 -0.153247 0.170961 0.751144 0.618926
1783055751.700415 14.973408 8.327023 0.691507 -0.157746 0.163834 0.755211 0.614760
1783055751.800255 15.017366 8.361626 0.697635 -0.160997 0.163844 0.754894 0.614304
1783055751.900095 15.062261 8.392337 0.704321 -0.153388 0.162260 0.757136 0.613913
1783055752.000415 15.109712 8.420431 0.709409 -0.142771 0.160736 0.761069 0.612009
1783055752.100268 15.158817 8.447040 0.712747 -0.130725 0.157420 0.763049 0.613095
1783055752.200109 15.208764 8.469791 0.711995 -0.124799 0.148492 0.764747 0.614441
1783055752.300428 15.260476 8.490262 0.712223 -0.125860 0.140603 0.763706 0.617369
1783055752.400269 15.315079 8.507363 0.714359 -0.126827 0.136616 0.762442 0.619623
1783055752.500108 15.371036 8.522402 0.714569 -0.129955 0.140187 0.760040 0.621127
1783055752.600428 15.428200 8.535897 0.719462 -0.130856 0.147778 0.758381 0.621206
1783055752.700269 15.485438 8.543142 0.725464 -0.129061 0.146110 0.761904 0.617655
1783055752.800108 15.545664 8.544380 0.726125 -0.122884 0.144038 0.768670 0.610983
1783055752.900429 15.608835 8.543915 0.723922 -0.117210 0.144692 0.780397 0.596914
1783055753.000268 15.672419 8.539557 0.719000 -0.121626 0.143616 0.793258 0.579071
1783055753.100122 15.738675 8.530949 0.717797 -0.130282 0.140628 0.805114 0.561286
1783055753.200442 15.805269 8.522134 0.719157 -0.137648 0.140710 0.811231 0.550598
1783055753.300282 15.870016 8.507007 0.721530 -0.136161 0.136315 0.812349 0.550425
1783055753.400122 15.935892 8.487806 0.721682 -0.125778 0.135047 0.814156 0.550538
1783055753.500442 16.000448 8.466816 0.717465 -0.118722 0.136230 0.814231 0.551701
1783055753.600282 16.062037 8.442868 0.712363 -0.116774 0.133760 0.814398 0.552474
1783055753.700122 16.121542 8.418670 0.704522 -0.119879 0.131780 0.813850 0.553093
1783055753.800442 16.179804 8.391024 0.692776 -0.126838 0.130035 0.812651 0.553715
1783055753.900282 16.235523 8.366926 0.687432 -0.138070 0.140004 0.809023 0.553912
1783055754.000122 16.285210 8.341016 0.684476 -0.144589 0.144924 0.805898 0.555536
1783055754.100455 16.332687 8.315424 0.685516 -0.140579 0.151841 0.805664 0.555056
1783055754.200295 16.376232 8.289726 0.685378 -0.131549 0.155013 0.809107 0.551373
1783055754.300135 16.418184 8.264830 0.683294 -0.122930 0.151862 0.814761 0.545885
1783055754.400455 16.460476 8.237650 0.678228 -0.113684 0.142369 0.820546 0.541766
1783055754.500295 16.500492 8.214760 0.673384 -0.116743 0.136976 0.821163 0.541572
1783055754.600135 16.540461 8.192030 0.673226 -0.116953 0.132879 0.819226 0.545467
1783055754.700455 16.579737 8.170758 0.673385 -0.119877 0.136214 0.814059 0.551709
1783055754.800295 16.618822 8.150512 0.674314 -0.118995 0.140387 0.808564 0.558887
1783055754.900135 16.658697 8.131109 0.676854 -0.112508 0.140177 0.803447 0.567597
1783055755.000455 16.702950 8.114088 0.678307 -0.105402 0.144293 0.797836 0.575784
1783055755.100309 16.748678 8.096637 0.675852 -0.100480 0.144171 0.790987 0.586053
1783055755.200149 16.798347 8.084517 0.672854 -0.102033 0.149947 0.782423 0.595752
1783055755.300469 16.849073 8.075414 0.670969 -0.108067 0.152419 0.776627 0.601614
1783055755.400309 16.900345 8.067822 0.670301 -0.117953 0.153728 0.774263 0.602472
1783055755.500149 16.952042 8.070338 0.672371 -0.126242 0.164124 0.767392 0.606824
1783055755.600469 17.004389 8.074230 0.676299 -0.121530 0.168861 0.760950 0.614549
1783055755.700309 17.054333 8.083549 0.678492 -0.112822 0.172055 0.753010 0.625016
1783055755.800149 17.104761 8.098989 0.681106 -0.103659 0.175020 0.745385 0.634841
1783055755.900469 17.152918 8.123178 0.680773 -0.098319 0.175330 0.737148 0.645140
1783055756.000309 17.196737 8.154343 0.678388 -0.098571 0.172864 0.726779 0.657414
1783055756.100162 17.235636 8.194367 0.675801 -0.103856 0.169883 0.716041 0.669059
1783055756.200482 17.269602 8.241620 0.672694 -0.109786 0.170342 0.703771 0.680909
1783055756.300322 17.301647 8.294079 0.670121 -0.107389 0.172041 0.695746 0.689063
1783055756.400162 17.333084 8.353773 0.664624 -0.102170 0.183287 0.684115 0.698537
1783055756.500482 17.363293 8.418389 0.660873 -0.092859 0.192154 0.677338 0.704037
1783055756.600322 17.390331 8.486628 0.656651 -0.086466 0.193208 0.675164 0.706646
1783055756.700162 17.418085 8.557825 0.648429 -0.085699 0.189665 0.677327 0.705628
1783055756.800482 17.445553 8.636201 0.639735 -0.092426 0.183654 0.679122 0.704643
1783055756.900322 17.475792 8.711727 0.639401 -0.094066 0.172269 0.686390 0.700246
1783055757.000162 17.505640 8.789000 0.643159 -0.097799 0.164335 0.695483 0.692627
1783055757.100496 17.541105 8.864604 0.644895 -0.098315 0.161772 0.706016 0.682426
1783055757.200336 17.580109 8.940096 0.643219 -0.097330 0.168071 0.714012 0.672656
1783055757.300175 17.621492 9.015234 0.640545 -0.095773 0.169475 0.718826 0.667379
1783055757.400016 17.666382 9.090099 0.634856 -0.091172 0.165310 0.728659 0.658344
1783055757.500335 17.711975 9.164480 0.634582 -0.088623 0.155430 0.739467 0.648981
1783055757.600176 17.761295 9.236924 0.638732 -0.086762 0.150531 0.751109 0.636905
1783055757.700016 17.812292 9.308798 0.648767 -0.085443 0.153929 0.757937 0.628121
1783055757.800335 17.863901 9.377875 0.655869 -0.085428 0.153479 0.761812 0.623530
1783055757.900176 17.912388 9.445779 0.659166 -0.089538 0.151184 0.762402 0.622792
1783055758.000015 17.966549 9.512963 0.656563 -0.086918 0.151112 0.764916 0.620092
1783055758.100349 18.020124 9.578117 0.653307 -0.083738 0.145988 0.765749 0.620728
1783055758.200189 18.070879 9.640261 0.651644 -0.086988 0.138672 0.763820 0.624325
1783055758.300029 18.124460 9.705080 0.657414 -0.089519 0.144622 0.762992 0.623629
1783055758.400349 18.178886 9.768206 0.670482 -0.091670 0.153431 0.755455 0.630351
1783055758.500189 18.234243 9.828176 0.677301 -0.088106 0.157316 0.757004 0.628040
1783055758.600029 18.287931 9.887446 0.682129 -0.084802 0.154577 0.754964 0.631620
1783055758.700349 18.342548 9.944995 0.677800 -0.083641 0.143370 0.760105 0.628243
1783055758.800189 18.397198 10.002364 0.678780 -0.088071 0.135691 0.770014 0.617179
1783055758.900029 18.451538 10.061215 0.688229 -0.093764 0.136113 0.777621 0.606619
1783055759.000349 18.503843 10.119707 0.697973 -0.095980 0.133816 0.782411 0.600594
1783055759.100202 18.555096 10.179485 0.707817 -0.095474 0.135380 0.785529 0.596239
1783055759.200042 18.605196 10.238387 0.710962 -0.093140 0.131228 0.789615 0.592125
1783055759.300362 18.654463 10.297584 0.709746 -0.088519 0.123689 0.794761 0.587554
1783055759.400203 18.704206 10.357330 0.709338 -0.085586 0.112357 0.800456 0.582513
1783055759.500042 18.751286 10.415876 0.712719 -0.088232 0.101919 0.805442 0.577141
1783055759.600362 18.798626 10.477087 0.722110 -0.092348 0.101436 0.808066 0.572898
1783055759.700202 18.847601 10.537447 0.728004 -0.089306 0.108296 0.811098 0.567817
1783055759.800042 18.898516 10.596331 0.732659 -0.080859 0.111699 0.815906 0.561501
1783055759.900362 18.946991 10.656026 0.734233 -0.078946 0.109696 0.821905 0.553360
1783055760.000202 18.995024 10.713806 0.730723 -0.082616 0.100838 0.830958 0.540847
1783055760.100056 19.043619 10.770707 0.730009 -0.088595 0.093609 0.842462 0.523112
1783055760.200376 19.093264 10.829165 0.733945 -0.097721 0.093208 0.852429 0.505101
1783055760.300216 19.142849 10.886507 0.738460 -0.102270 0.092995 0.858008 0.494687
1783055760.400056 19.190228 10.942134 0.740620 -0.105389 0.097357 0.861833 0.486475
1783055760.500376 19.237043 10.997458 0.738834 -0.104318 0.100560 0.865497 0.479501
1783055760.600216 19.283213 11.053814 0.733795 -0.102803 0.106602 0.867201 0.475425
1783055760.700056 19.328690 11.109376 0.727612 -0.098538 0.107310 0.867371 0.475859
1783055760.800376 19.374718 11.164409 0.723363 -0.096418 0.105856 0.866356 0.478461
1783055760.900216 19.418283 11.219375 0.724338 -0.098928 0.107726 0.864409 0.481046
1783055761.000056 19.460854 11.274038 0.728341 -0.102217 0.110705 0.861524 0.484844
1783055761.100389 19.500950 11.327874 0.729260 -0.102442 0.115363 0.859044 0.488098
1783055761.200229 19.542023 11.378799 0.726319 -0.095286 0.117825 0.859020 0.489001
1783055761.300069 19.582819 11.431493 0.718589 -0.088521 0.119024 0.860484 0.487406
1783055761.400389 19.623718 11.483488 0.713643 -0.085048 0.112376 0.863853 0.483628
1783055761.500229 19.663715 11.534194 0.712201 -0.086381 0.102045 0.868736 0.476889
1783055761.600069 19.702831 11.591106 0.714929 -0.094411 0.103683 0.870040 0.472618
1783055761.700389 19.744505 11.645395 0.717226 -0.090804 0.106022 0.871068 0.470909
1783055761.800229 19.782228 11.703685 0.716526 -0.090966 0.114370 0.868643 0.473397
1783055761.900069 19.821165 11.762718 0.713561 -0.089141 0.119843 0.866919 0.475545
1783055762.000389 19.861906 11.823586 0.708154 -0.082052 0.122993 0.868079 0.473897
1783055762.100243 19.901594 11.886092 0.701735 -0.081123 0.119649 0.872632 0.466494
1783055762.200083 19.938194 11.951574 0.692993 -0.088669 0.113906 0.878306 0.455788
1783055762.300403 19.980202 12.019769 0.691960 -0.091294 0.112065 0.886236 0.440106
1783055762.400243 20.020882 12.089055 0.697504 -0.093485 0.105594 0.889465 0.434699
1783055762.500083 20.062462 12.157640 0.704762 -0.095083 0.101338 0.891763 0.430638
1783055762.600403 20.104200 12.229374 0.706287 -0.100538 0.104592 0.894739 0.422367
1783055762.700243 20.146318 12.300399 0.704923 -0.105658 0.103825 0.897325 0.415769
1783055762.800083 20.190544 12.372952 0.699421 -0.108192 0.103770 0.901597 0.405770
1783055762.900403 20.235807 12.443843 0.692950 -0.119348 0.099963 0.905657 0.394397
1783055763.000243 20.279608 12.517688 0.694600 -0.139008 0.099728 0.909078 0.379880
1783055763.100096 20.322760 12.590384 0.697346 -0.153661 0.103968 0.906690 0.378804
1783055763.200416 20.369211 12.660942 0.703537 -0.156123 0.107244 0.903898 0.383527
1783055763.300256 20.413139 12.730333 0.705712 -0.156876 0.107520 0.902475 0.386482
1783055763.400096 20.455986 12.799444 0.704126 -0.159126 0.104408 0.902302 0.386819
1783055763.500416 20.500229 12.869810 0.698122 -0.160070 0.102485 0.901212 0.389476
1783055763.600256 20.544250 12.938294 0.693826 -0.158856 0.093421 0.900226 0.394500
1783055763.700096 20.589987 13.007998 0.695582 -0.160291 0.091648 0.899046 0.397019
1783055763.800416 20.637810 13.074448 0.701599 -0.154241 0.088130 0.899781 0.398544
1783055763.900256 20.685728 13.143204 0.706806 -0.150905 0.096545 0.897916 0.402061
1783055764.000096 20.736301 13.207488 0.707850 -0.142750 0.095084 0.900397 0.399833
1783055764.100430 20.787329 13.273353 0.700629 -0.144962 0.090006 0.902624 0.395163
1783055764.200270 20.838385 13.337503 0.689723 -0.149631 0.079621 0.906717 0.386181
1783055764.300110 20.890394 13.403042 0.684228 -0.161269 0.077662 0.910460 0.372858
1783055764.400430 20.944706 13.468095 0.684063 -0.168643 0.084920 0.912295 0.363408
1783055764.500270 20.999260 13.529499 0.685489 -0.169925 0.085232 0.912942 0.361106
1783055764.600110 21.050917 13.593531 0.681500 -0.177338 0.093620 0.910669 0.361203
1783055764.700430 21.102882 13.656256 0.676974 -0.175678 0.096369 0.910628 0.361396
1783055764.800270 21.155479 13.720502 0.669153 -0.168661 0.097486 0.912338 0.360123
1783055764.900110 21.204372 13.782437 0.662445 -0.165296 0.089019 0.912246 0.364089
1783055765.000430 21.254065 13.843287 0.660586 -0.163867 0.073004 0.912013 0.368851
1783055765.100283 21.299717 13.905090 0.664977 -0.165528 0.065534 0.912862 0.367407
1783055765.200123 21.345379 13.968663 0.671330 -0.164911 0.073035 0.911038 0.370784
1783055765.300443 21.390041 14.030352 0.675908 -0.161029 0.076945 0.911134 0.371462
1783055765.400283 21.432859 14.090100 0.675674 -0.159922 0.076772 0.914692 0.363140
1783055765.500123 21.475897 14.147920 0.671550 -0.158104 0.070404 0.921260 0.348319
1783055765.600443 21.520210 14.203127 0.669876 -0.157423 0.063168 0.927841 0.332172
1783055765.700283 21.559153 14.259270 0.673630 -0.166575 0.061055 0.931622 0.317184
1783055765.800123 21.600756 14.312159 0.680671 -0.165348 0.060989 0.933806 0.311363
1783055765.900443 21.640522 14.363404 0.687136 -0.163518 0.064257 0.935250 0.307312
1783055766.000283 21.679729 14.408069 0.690570 -0.160367 0.060956 0.937533 0.302654
1783055766.100137 21.718470 14.453406 0.688697 -0.156196 0.063300 0.939561 0.298029
1783055766.200457 21.757132 14.495691 0.683460 -0.152715 0.062051 0.941740 0.293178
1783055766.300297 21.794949 14.532795 0.677278 -0.151930 0.052485 0.945187 0.284227
1783055766.400137 21.829035 14.567263 0.676128 -0.157045 0.045106 0.948735 0.270562
1783055766.500457 21.865786 14.594455 0.680067 -0.152609 0.035994 0.949790 0.270764
1783055766.600296 21.903147 14.618820 0.683516 -0.146396 0.043087 0.948777 0.276649
1783055766.700137 21.937361 14.638665 0.684545 -0.140638 0.050244 0.945803 0.288364
1783055766.800457 21.969566 14.650702 0.681875 -0.142596 0.050586 0.944891 0.290326
1783055766.900297 21.999918 14.658050 0.675710 -0.147741 0.052854 0.946022 0.283588
1783055767.000137 22.027836 14.657847 0.671060 -0.155436 0.050401 0.946866 0.277026
1783055767.100470 22.054367 14.653049 0.670726 -0.164214 0.055178 0.947689 0.268096
1783055767.200310 22.080244 14.645488 0.672688 -0.168421 0.065611 0.946972 0.265657
1783055767.300150 22.105158 14.630807 0.673895 -0.166441 0.070163 0.947124 0.265199
1783055767.400470 22.127462 14.611805 0.672502 -0.163956 0.070307 0.946972 0.267244
1783055767.500310 22.150703 14.590791 0.674424 -0.157063 0.072625 0.945651 0.275319
1783055767.600150 22.174044 14.567648 0.674797 -0.152102 0.074967 0.942727 0.287247
1783055767.700470 22.196547 14.543878 0.672747 -0.151332 0.079069 0.938334 0.300624
1783055767.800310 22.219439 14.518968 0.669836 -0.152836 0.084454 0.931124 0.320182
1783055767.900150 22.246412 14.495793 0.668329 -0.150884 0.094574 0.923478 0.339820
1783055768.000470 22.276318 14.476349 0.668252 -0.150289 0.113371 0.914220 0.358834
1783055768.100323 22.307924 14.458881 0.670997 -0.146389 0.123011 0.903598 0.383340
1783055768.200164 22.338070 14.446034 0.672301 -0.150709 0.130578 0.891819 0.406072
1783055768.300483 22.371456 14.435144 0.673172 -0.147968 0.131910 0.880499 0.430611
1783055768.400323 22.405590 14.426043 0.674408 -0.140990 0.132402 0.870215 0.453119
1783055768.500164 22.440336 14.419682 0.675086 -0.133547 0.135788 0.857187 0.478495
1783055768.600483 22.472195 14.414101 0.675240 -0.127776 0.134914 0.843523 0.503925
1783055768.700324 22.504736 14.411125 0.676372 -0.123274 0.134087 0.829520 0.527940
1783055768.800164 22.534229 14.408212 0.679219 -0.120689 0.135773 0.814461 0.551048
1783055768.900483 22.560158 14.407240 0.680321 -0.121557 0.139063 0.794552 0.578422
1783055769.000324 22.580156 14.407944 0.681055 -0.126994 0.142632 0.772558 0.605544
1783055769.100177 22.598547 14.408415 0.681848 -0.126162 0.146990 0.752426 0.629549
1783055769.200017 22.612518 14.408977 0.682318 -0.120513 0.149768 0.730766 0.655001
1783055769.300337 22.621855 14.410052 0.682834 -0.115180 0.153527 0.709368 0.678203
1783055769.400177 22.627199 14.412086 0.683606 -0.111024 0.156298 0.687437 0.700482
1783055769.500017 22.628618 14.413785 0.685075 -0.102980 0.157971 0.664140 0.723435
1783055769.600337 22.630468 14.415778 0.688737 -0.093849 0.163759 0.642038 0.743076
1783055769.700177 22.630388 14.417779 0.691180 -0.087441 0.167984 0.620161 0.761273
1783055769.800017 22.627947 14.419053 0.692371 -0.081406 0.171171 0.599127 0.777895
1783055769.900337 22.625238 14.420274 0.692119 -0.076541 0.173200 0.579891 0.792383
1783055770.000177 22.623278 14.421697 0.693924 -0.073047 0.175644 0.562708 0.804471
1783055770.100030 22.622604 14.421682 0.695506 -0.066830 0.176112 0.549009 0.814314
1783055770.200350 22.622047 14.420703 0.697869 -0.058907 0.177897 0.538223 0.821705
1783055770.300190 22.620520 14.420385 0.698839 -0.055246 0.178645 0.529356 0.827536
1783055770.400030 22.619217 14.420065 0.698905 -0.053470 0.177755 0.522291 0.832320
1783055770.500350 22.618414 14.420129 0.699167 -0.052533 0.177683 0.517089 0.835636
1783055770.600190 22.619783 14.417922 0.701982 -0.048738 0.176842 0.515328 0.837131
1783055770.700030 22.618776 14.416147 0.702204 -0.045469 0.176053 0.514788 0.837813
1783055770.800350 22.617760 14.415404 0.702150 -0.045193 0.174409 0.516080 0.837377
1783055770.900190 22.617182 14.415103 0.703359 -0.044369 0.173793 0.519082 0.835692
1783055771.000030 22.615927 14.413265 0.703678 -0.042517 0.172645 0.523402 0.833328
1783055771.100364 22.613787 14.412711 0.703817 -0.042428 0.171151 0.525971 0.832023
1783055771.200204 22.611719 14.413048 0.703452 -0.043368 0.169283 0.528290 0.830886
1783055771.300044 22.609022 14.413623 0.704339 -0.044637 0.167493 0.530787 0.829590
1783055771.400364 22.606520 14.412485 0.706762 -0.043423 0.165061 0.534814 0.827553
1783055771.500204 22.602139 14.413354 0.709191 -0.041087 0.161878 0.539267 0.825408
1783055771.600044 22.596767 14.412660 0.707032 -0.040501 0.159405 0.544398 0.822545
1783055771.700364 22.593582 14.412845 0.704790 -0.041206 0.160109 0.548615 0.819566
1783055771.800204 22.588316 14.413498 0.703796 -0.042856 0.160168 0.550939 0.817910
1783055771.900044 22.583345 14.413511 0.701660 -0.043431 0.159540 0.551914 0.817344
1783055772.000364 22.577873 14.415920 0.701375 -0.047120 0.162203 0.551431 0.816942
1783055772.100217 22.571850 14.415485 0.700655 -0.044808 0.161117 0.549485 0.818596
1783055772.200057 22.567190 14.416243 0.698778 -0.042459 0.162430 0.547910 0.819517
1783055772.300377 22.561087 14.414997 0.698124 -0.041448 0.160430 0.543290 0.823031
1783055772.400217 22.554974 14.412736 0.695783 -0.041118 0.160951 0.540011 0.825101
1783055772.500057 22.549282 14.410369 0.693632 -0.041527 0.162340 0.535631 0.827660
1783055772.600377 22.546141 14.408215 0.693291 -0.042458 0.164817 0.532260 0.829296
1783055772.700217 22.541460 14.403418 0.692582 -0.043432 0.166699 0.528615 0.831198
1783055772.800057 22.536724 14.398242 0.692466 -0.044370 0.170150 0.523589 0.833627
1783055772.900377 22.534857 14.391165 0.692471 -0.043447 0.176880 0.519102 0.835080
1783055773.000217 22.534567 14.379987 0.693653 -0.041172 0.181836 0.514556 0.836943
1783055773.100070 22.532583 14.369164 0.694842 -0.041942 0.185762 0.510620 0.838451
1783055773.200391 22.533251 14.356788 0.697459 -0.045386 0.188103 0.511556 0.837178
1783055773.300231 22.533714 14.340737 0.700570 -0.045039 0.187644 0.512249 0.836876
1783055773.400071 22.534845 14.323772 0.702291 -0.045930 0.186896 0.511414 0.837506
1783055773.500391 22.536068 14.305280 0.705179 -0.046067 0.183666 0.512067 0.837814
1783055773.600230 22.536552 14.286416 0.708590 -0.047896 0.178511 0.515235 0.836883
1783055773.700071 22.538040 14.267168 0.710581 -0.048101 0.176341 0.516981 0.836254
1783055773.800390 22.539587 14.246961 0.713645 -0.045017 0.175868 0.518987 0.835282
1783055773.900231 22.540716 14.227046 0.713971 -0.042616 0.173941 0.520164 0.835079
1783055774.000071 22.538748 14.207621 0.714424 -0.043273 0.171503 0.522163 0.834302
1783055774.100404 22.536337 14.188640 0.714564 -0.046045 0.171736 0.524039 0.832929
1783055774.200244 22.533419 14.170620 0.714205 -0.045800 0.171350 0.526066 0.831743
1783055774.300084 22.529827 14.152018 0.714495 -0.042108 0.170802 0.527333 0.831248
1783055774.400404 22.524420 14.132964 0.712837 -0.038555 0.168534 0.529208 0.830692
1783055774.500244 22.516472 14.116397 0.709972 -0.039846 0.167497 0.528125 0.831529
1783055774.600084 22.507351 14.099448 0.706820 -0.038492 0.166270 0.530408 0.830385
1783055774.700404 22.496452 14.083553 0.704206 -0.037994 0.165912 0.532677 0.829026
1783055774.800244 22.485525 14.067959 0.699772 -0.039022 0.166146 0.534752 0.827595
1783055774.900084 22.471117 14.053771 0.699583 -0.038832 0.165517 0.535944 0.826958
1783055775.000404 22.456518 14.041432 0.699649 -0.038362 0.164744 0.536734 0.826622
1783055775.100257 22.440786 14.030074 0.698946 -0.037728 0.165377 0.535901 0.827066
1783055775.200097 22.423372 14.019331 0.699223 -0.037898 0.162905 0.533424 0.829147
1783055775.300417 22.406527 14.010523 0.700645 -0.038324 0.161157 0.529479 0.831993
1783055775.400257 22.387764 14.002026 0.702615 -0.036665 0.159147 0.525331 0.835078
1783055775.500098 22.369246 13.993880 0.703089 -0.039436 0.155482 0.520810 0.838467
1783055775.600417 22.350269 13.985836 0.703280 -0.041150 0.155446 0.514743 0.842130
1783055775.700258 22.334641 13.980740 0.705637 -0.041309 0.159386 0.509066 0.844832
1783055775.800097 22.321764 13.973357 0.708664 -0.038627 0.162458 0.502830 0.848102
1783055775.900417 22.309515 13.966729 0.710234 -0.037767 0.165074 0.497986 0.850491
1783055776.000257 22.299276 13.959922 0.710826 -0.038664 0.166427 0.493097 0.853031
1783055776.100111 22.291086 13.955636 0.711348 -0.039912 0.168370 0.489765 0.854511
1783055776.200431 22.286453 13.949883 0.710709 -0.040539 0.170076 0.486789 0.855843
1783055776.300271 22.285276 13.944345 0.711200 -0.040646 0.171238 0.486806 0.855597
1783055776.400111 22.283619 13.939196 0.710203 -0.041578 0.171927 0.486630 0.855514
1783055776.500431 22.284761 13.935996 0.710239 -0.044590 0.175081 0.485851 0.855165
1783055776.600271 22.287725 13.932261 0.709008 -0.047068 0.177065 0.486811 0.854077
1783055776.700111 22.291285 13.929065 0.708355 -0.046856 0.177904 0.488771 0.852794
1783055776.800431 22.296799 13.924959 0.708271 -0.043510 0.176369 0.493825 0.850375
1783055776.900271 22.300920 13.922825 0.710606 -0.041999 0.171445 0.497743 0.849173
1783055777.000111 22.303656 13.920725 0.709500 -0.045621 0.165102 0.501250 0.848180
1783055777.100444 22.308510 13.920274 0.709234 -0.047166 0.166333 0.503549 0.846491
1783055777.200284 22.311255 13.919474 0.707212 -0.046516 0.166116 0.504951 0.845734
1783055777.300124 22.313078 13.918749 0.705227 -0.048801 0.166149 0.505324 0.845376
1783055777.400444 22.315535 13.920184 0.705164 -0.051542 0.166361 0.504550 0.845634
1783055777.500284 22.316616 13.921818 0.706656 -0.051849 0.165740 0.504935 0.845507
1783055777.600124 22.316118 13.921819 0.706653 -0.049995 0.166089 0.505710 0.845087
1783055777.700444 22.316414 13.923292 0.706840 -0.050151 0.166195 0.506073 0.844840
1783055777.800284 22.316631 13.924526 0.707561 -0.050826 0.166442 0.506480 0.844507
1783055777.900124 22.315886 13.925860 0.707984 -0.050605 0.165957 0.506626 0.844528
1783055778.000444 22.315292 13.927373 0.708212 -0.050925 0.166498 0.506315 0.844589
1783055778.100298 22.313190 13.927960 0.708927 -0.051276 0.166355 0.506915 0.844236
1783055778.200138 22.312077 13.929038 0.708814 -0.051166 0.167059 0.507062 0.844015
1783055778.300458 22.310862 13.929750 0.710967 -0.050406 0.166287 0.506912 0.844303
1783055778.400298 22.309338 13.929552 0.712516 -0.048719 0.165137 0.506963 0.844598
1783055778.500138 22.306705 13.929623 0.714818 -0.048717 0.164236 0.506657 0.844957
1783055778.600458 22.305096 13.929811 0.714991 -0.048772 0.164370 0.506373 0.845098
1783055778.700298 22.304094 13.929732 0.715562 -0.049380 0.164635 0.505896 0.845296
1783055778.800138 22.303434 13.929072 0.715933 -0.049159 0.163179 0.505485 0.845837
1783055778.900458 22.300692 13.929204 0.715680 -0.048987 0.160952 0.505449 0.846295
1783055779.000298 22.300200 13.928673 0.716019 -0.048710 0.160488 0.505812 0.846183
1783055779.100151 22.299477 13.927053 0.713950 -0.047998 0.160400 0.506191 0.846014
1783055779.200471 22.299265 13.927651 0.712192 -0.048575 0.161394 0.505930 0.845947
1783055779.300311 22.298916 13.927136 0.711413 -0.049739 0.161193 0.505826 0.845980
1783055779.400151 22.299164 13.926815 0.712486 -0.049360 0.160128 0.506268 0.845940
1783055779.500471 22.300793 13.925355 0.711841 -0.047628 0.160085 0.506028 0.846191
1783055779.600311 22.301249 13.923709 0.709972 -0.046715 0.159031 0.505902 0.846516
1783055779.700151 22.301918 13.922379 0.707984 -0.045690 0.158957 0.505950 0.846558
1783055779.800471 22.301769 13.922344 0.706713 -0.047050 0.159486 0.505835 0.846452
1783055779.900311 22.303452 13.921963 0.705209 -0.047320 0.160616 0.505869 0.846203
1783055780.000151 22.303745 13.920791 0.706082 -0.047947 0.160815 0.505638 0.846268
1783055780.100485 22.304022 13.920295 0.706107 -0.047756 0.160210 0.505512 0.846469
1783055780.200325 22.304649 13.919013 0.705785 -0.046657 0.159735 0.505372 0.846704
1783055780.300165 22.305569 13.918495 0.706467 -0.046342 0.159774 0.505192 0.846821
1783055780.400485 22.305796 13.916630 0.706764 -0.044799 0.159304 0.505567 0.846769
1783055780.500325 22.307236 13.916163 0.706855 -0.044294 0.160734 0.505882 0.846337
1783055780.600165 22.306557 13.916788 0.706484 -0.045111 0.160458 0.504984 0.846882
1783055780.700485 22.306860 13.916242 0.708215 -0.045824 0.158925 0.504131 0.847641
1783055780.800325 22.306765 13.915706 0.710488 -0.046192 0.158084 0.503883 0.847925
1783055780.900165 22.306265 13.915494 0.711434 -0.044852 0.157139 0.503266 0.848539
1783055781.000485 22.306753 13.914591 0.711620 -0.042995 0.155919 0.503092 0.848964
1783055781.100338 22.306913 13.915336 0.711959 -0.042120 0.156022 0.502447 0.849370
1783055781.200178 22.306585 13.915849 0.713137 -0.042241 0.156129 0.502301 0.849431
1783055781.300018 22.306396 13.916481 0.712620 -0.041597 0.156827 0.502265 0.849356
1783055781.400338 22.305792 13.916326 0.711461 -0.042096 0.158790 0.502023 0.849109
1783055781.500178 22.305454 13.917476 0.711042 -0.043043 0.159948 0.501885 0.848926
1783055781.600018 22.304081 13.918715 0.712954 -0.044322 0.159859 0.501845 0.848901
1783055781.700338 22.304445 13.918006 0.713381 -0.043249 0.161033 0.501695 0.848823
1783055781.800178 22.303867 13.918592 0.714226 -0.043964 0.161234 0.501133 0.849080
1783055781.900018 22.303337 13.919232 0.714020 -0.045076 0.160491 0.500204 0.849710
1783055782.000338 22.303761 13.918564 0.712874 -0.044377 0.160405 0.499948 0.849914
1783055782.100192 22.302866 13.917737 0.712214 -0.043116 0.159479 0.500578 0.849782
1783055782.200032 22.303444 13.917530 0.713381 -0.042967 0.158954 0.500545 0.849907
1783055782.300352 22.303530 13.917060 0.714082 -0.043682 0.158874 0.501373 0.849398
1783055782.400192 22.302210 13.915833 0.713893 -0.044187 0.158801 0.501425 0.849354
1783055782.500032 22.302328 13.914670 0.713930 -0.044738 0.158812 0.501824 0.849088
1783055782.600352 22.301880 13.914243 0.713792 -0.045196 0.157937 0.501969 0.849141
1783055782.700192 22.302162 13.913401 0.714416 -0.045262 0.157460 0.502124 0.849134
1783055782.800032 22.302584 13.912189 0.715083 -0.043916 0.156912 0.502319 0.849191
1783055782.900352 22.301802 13.911741 0.715571 -0.043772 0.155487 0.502182 0.849542
1783055783.000192 22.301613 13.911076 0.715796 -0.044225 0.154562 0.502330 0.849600
1783055783.100045 22.301285 13.909922 0.714957 -0.042825 0.154364 0.502627 0.849532
1783055783.200365 22.301271 13.910712 0.715357 -0.042409 0.154450 0.502698 0.849495
1783055783.300205 22.300661 13.910155 0.713563 -0.041723 0.154622 0.502737 0.849474
1783055783.400045 22.299534 13.911071 0.713921 -0.040989 0.153547 0.502857 0.849634
1783055783.500365 22.298901 13.911456 0.712732 -0.039418 0.153833 0.503576 0.849231
1783055783.600205 22.299679 13.911774 0.712017 -0.038771 0.154329 0.503787 0.849045
1783055783.700045 22.299595 13.912097 0.711231 -0.038034 0.153967 0.503915 0.849069
1783055783.800365 22.299051 13.913103 0.711226 -0.038494 0.152860 0.503674 0.849390
1783055783.900205 22.298065 13.915013 0.710975 -0.040249 0.152692 0.503355 0.849529
1783055784.000045 22.298973 13.916337 0.710567 -0.039005 0.152868 0.503740 0.849327
1783055784.100379 22.299341 13.916694 0.710240 -0.039040 0.151964 0.503855 0.849419
1783055784.200218 22.300364 13.918324 0.709966 -0.039874 0.152709 0.503162 0.849657
1783055784.300059 22.300980 13.919905 0.710967 -0.040519 0.152180 0.503137 0.849737
1783055784.400378 22.300848 13.919808 0.710217 -0.040076 0.152510 0.503390 0.849549
1783055784.500219 22.301607 13.921424 0.710503 -0.040200 0.152729 0.503081 0.849687
1783055784.600059 22.303055 13.923285 0.711540 -0.040688 0.153895 0.503049 0.849472
1783055784.700378 22.302959 13.924564 0.713305 -0.042115 0.153971 0.502437 0.849751
1783055784.800219 22.303873 13.925365 0.714338 -0.043083 0.153595 0.502384 0.849802
1783055784.900059 22.305088 13.926200 0.716509 -0.042518 0.154349 0.503393 0.849096
1783055785.000379 22.303946 13.926880 0.718747 -0.042777 0.153377 0.503667 0.849096
1783055785.100232 22.303806 13.927448 0.721839 -0.043026 0.153651 0.503885 0.848905
1783055785.200072 22.304251 13.928061 0.724828 -0.043497 0.153878 0.504412 0.848527
1783055785.300392 22.302214 13.929309 0.729270 -0.044563 0.153469 0.503825 0.848894
1783055785.400232 22.301514 13.928634 0.733805 -0.043366 0.153893 0.504417 0.848528
1783055785.500072 22.300814 13.928181 0.735514 -0.042708 0.155175 0.503590 0.848819
1783055785.600392 22.300678 13.928414 0.737142 -0.043154 0.156193 0.503155 0.848868
1783055785.700232 22.299122 13.928414 0.739977 -0.043676 0.155541 0.502874 0.849127
1783055785.800072 22.298775 13.928151 0.743096 -0.043147 0.154563 0.503504 0.848959
1783055785.900392 22.296831 13.928109 0.745843 -0.042115 0.154070 0.503538 0.849081
1783055786.000232 22.295681 13.927212 0.746241 -0.043482 0.154207 0.503738 0.848869
1783055786.100085 22.295261 13.925874 0.748352 -0.045679 0.153903 0.504952 0.848087
1783055786.200405 22.293919 13.927628 0.752225 -0.048507 0.153287 0.504007 0.848603
1783055786.300246 22.292601 13.926676 0.755433 -0.045678 0.149888 0.506621 0.847810
1783055786.400085 22.291431 13.925937 0.756799 -0.044808 0.146804 0.506437 0.848506
1783055786.500405 22.290653 13.924581 0.755741 -0.043921 0.147250 0.507178 0.848033
1783055786.600245 22.291235 13.925091 0.753955 -0.043869 0.148923 0.506876 0.847923
1783055786.700085 22.290018 13.923172 0.749732 -0.042579 0.149444 0.506855 0.847910
1783055786.800406 22.290262 13.924010 0.750455 -0.042359 0.150459 0.506799 0.847775
1783055786.900245 22.289425 13.924105 0.749951 -0.041805 0.149148 0.507122 0.847841
1783055787.000085 22.289505 13.922656 0.748236 -0.041313 0.147643 0.508735 0.847162
1783055787.100419 22.289803 13.923533 0.748770 -0.041999 0.148358 0.509092 0.846789
1783055787.200259 22.289206 13.923441 0.747815 -0.042331 0.148283 0.509528 0.846523
1783055787.300099 22.289200 13.923104 0.746795 -0.041574 0.148842 0.509896 0.846241
1783055787.400419 22.289888 13.923601 0.745763 -0.041269 0.149533 0.509973 0.846087
1783055787.500259 22.289574 13.924466 0.745670 -0.041643 0.149487 0.509354 0.846450
1783055787.600099 22.290174 13.923662 0.745326 -0.040340 0.149533 0.509259 0.846562
1783055787.700419 22.290535 13.924665 0.745810 -0.040310 0.148801 0.508317 0.847259
1783055787.800259 22.290550 13.924156 0.745718 -0.040109 0.147887 0.507797 0.847740
1783055787.900099 22.290945 13.924874 0.745610 -0.040389 0.148441 0.507360 0.847891
1783055788.000419 22.290678 13.925508 0.746675 -0.040178 0.148502 0.507465 0.847828
1783055788.100272 22.291082 13.924994 0.746909 -0.039890 0.147914 0.508040 0.847600
1783055788.200112 22.291464 13.925319 0.747836 -0.040053 0.147675 0.508266 0.847498
1783055788.300432 22.291231 13.924582 0.748565 -0.040497 0.146709 0.508088 0.847752
1783055788.400272 22.291183 13.925478 0.749751 -0.041525 0.146482 0.508458 0.847519
1783055788.500112 22.292156 13.924847 0.749724 -0.040592 0.147376 0.508826 0.847188
1783055788.600432 22.291809 13.924992 0.749851 -0.039344 0.147778 0.508948 0.847104
1783055788.700272 22.291840 13.924571 0.750138 -0.038606 0.147532 0.508620 0.847378
1783055788.800112 22.292292 13.925499 0.752368 -0.039256 0.146619 0.507636 0.848096
1783055788.900432 22.292011 13.925134 0.753541 -0.037687 0.146096 0.507541 0.848315
1783055789.000272 22.292068 13.926132 0.752476 -0.037202 0.146661 0.507386 0.848331
1783055789.100126 22.293283 13.927204 0.752047 -0.037187 0.147832 0.508150 0.847671
1783055789.200446 22.293682 13.927866 0.753007 -0.037465 0.147574 0.508149 0.847704
1783055789.300286 22.293144 13.929317 0.752006 -0.037828 0.146476 0.508442 0.847703
1783055789.400126 22.293453 13.930283 0.750582 -0.038126 0.147045 0.509263 0.847098
1783055789.500446 22.294119 13.931746 0.750220 -0.038393 0.145792 0.509477 0.847174
1783055789.600286 22.293488 13.933236 0.748929 -0.038472 0.145008 0.509098 0.847533
1783055789.700126 22.294451 13.934301 0.748555 -0.038911 0.144864 0.509093 0.847540
1783055789.800446 22.294609 13.935698 0.747808 -0.038982 0.144467 0.508934 0.847700
1783055789.900285 22.294476 13.936829 0.748286 -0.038871 0.144744 0.508909 0.847673
1783055790.000126 22.294352 13.938007 0.747478 -0.038517 0.144785 0.509020 0.847616
1783055790.100459 22.294386 13.938856 0.746036 -0.039093 0.145525 0.508932 0.847516
1783055790.200299 22.294527 13.939675 0.746142 -0.039650 0.145407 0.509334 0.847268
1783055790.300139 22.294828 13.940251 0.745728 -0.039300 0.145803 0.509493 0.847121
1783055790.400459 22.294119 13.940858 0.748212 -0.039362 0.146190 0.508972 0.847364
1783055790.500299 22.293722 13.941588 0.749625 -0.039505 0.145972 0.509069 0.847337
1783055790.600139 22.293688 13.941867 0.748470 -0.040067 0.146567 0.509199 0.847130
1783055790.700459 22.293180 13.942243 0.749602 -0.040554 0.146874 0.509250 0.847023
1783055790.800299 22.292740 13.942393 0.749705 -0.040290 0.146590 0.509600 0.846874
1783055790.900139 22.292679 13.942210 0.751157 -0.040041 0.146503 0.509954 0.846688
1783055791.000459 22.292742 13.942505 0.750862 -0.040194 0.146886 0.510102 0.846525
1783055791.100312 22.292147 13.942976 0.752136 -0.040756 0.147435 0.510133 0.846384
1783055791.200152 22.291473 13.943055 0.751863 -0.041053 0.147165 0.510264 0.846338
1783055791.300472 22.291801 13.943939 0.753734 -0.041150 0.146940 0.510379 0.846303
1783055791.400312 22.292622 13.943725 0.755292 -0.040751 0.146718 0.509958 0.846615
1783055791.500153 22.292433 13.943619 0.754807 -0.040784 0.145659 0.509659 0.846976
1783055791.600472 22.292332 13.943471 0.754047 -0.041009 0.145982 0.509641 0.846920
1783055791.700312 22.292322 13.943979 0.753750 -0.041108 0.147086 0.510037 0.846486
1783055791.800153 22.292540 13.943691 0.754067 -0.041608 0.146803 0.509802 0.846652
1783055791.900472 22.292566 13.942743 0.754039 -0.042116 0.146670 0.509702 0.846710
1783055792.000313 22.292358 13.943239 0.753711 -0.042433 0.146009 0.509677 0.846823
1783055792.100166 22.292767 13.942110 0.753494 -0.041398 0.145701 0.510119 0.846662
1783055792.200486 22.291803 13.941397 0.752531 -0.040677 0.145395 0.510446 0.846552
1783055792.300326 22.292078 13.940560 0.752156 -0.041077 0.145409 0.510876 0.846271
1783055792.400166 22.291643 13.940290 0.751204 -0.040426 0.144966 0.510782 0.846435
1783055792.500486 22.290993 13.938361 0.750158 -0.040076 0.144964 0.510435 0.846662
1783055792.600326 22.290997 13.937179 0.748326 -0.040200 0.145304 0.509961 0.846883
1783055792.700166 22.291138 13.936673 0.746582 -0.040393 0.145802 0.509389 0.847132
1783055792.800486 22.291250 13.935800 0.746157 -0.040948 0.146189 0.508981 0.847284
1783055792.900326 22.290230 13.935278 0.746230 -0.040040 0.145656 0.509055 0.847375
1783055793.000166 22.289629 13.934868 0.745164 -0.039810 0.144968 0.509675 0.847131
1783055793.100499 22.289820 13.934343 0.745307 -0.039512 0.145170 0.510058 0.846880
1783055793.200339 22.289268 13.933392 0.745339 -0.038291 0.145085 0.510296 0.846807
1783055793.300179 22.287958 13.934163 0.745105 -0.038150 0.144469 0.510192 0.846981
1783055793.400019 22.288448 13.933509 0.746996 -0.038047 0.144733 0.510392 0.846820
1783055793.500339 22.288177 13.933524 0.747057 -0.038589 0.144197 0.509650 0.847334
1783055793.600179 22.287991 13.933673 0.747113 -0.038212 0.144547 0.508925 0.847727
1783055793.700019 22.288212 13.933794 0.748028 -0.036884 0.144591 0.509088 0.847681
1783055793.800339 22.286213 13.934330 0.748222 -0.037148 0.143348 0.509130 0.847855
1783055793.900179 22.285944 13.934300 0.748348 -0.037616 0.143617 0.509365 0.847647
1783055794.000019 22.285986 13.935137 0.748471 -0.038600 0.144372 0.509333 0.847494
1783055794.100353 22.285183 13.935877 0.749730 -0.039824 0.143814 0.508810 0.847846
1783055794.200193 22.284662 13.935308 0.750397 -0.039703 0.142645 0.508742 0.848091
1783055794.300033 22.282885 13.935760 0.748992 -0.039637 0.141616 0.508599 0.848352
1783055794.400353 22.280954 13.936530 0.749096 -0.040318 0.141676 0.507902 0.848727
1783055794.500193 22.280157 13.936725 0.749276 -0.040560 0.142100 0.507390 0.848951
1783055794.600033 22.278816 13.937028 0.748714 -0.039286 0.141631 0.506685 0.849510
1783055794.700353 22.277451 13.937778 0.748792 -0.039679 0.141884 0.505890 0.849924
1783055794.800193 22.275028 13.938666 0.748142 -0.039729 0.142167 0.505389 0.850172
1783055794.900033 22.273783 13.939490 0.747607 -0.039417 0.143030 0.505678 0.849870
1783055795.000353 22.270597 13.940752 0.747544 -0.039405 0.143716 0.505672 0.849758
1783055795.100206 22.267750 13.941849 0.746905 -0.039385 0.143474 0.505512 0.849895
1783055795.200046 22.265406 13.943277 0.746235 -0.039407 0.143891 0.504839 0.850223
1783055795.300366 22.262409 13.944059 0.746493 -0.039046 0.143891 0.504776 0.850278
1783055795.400206 22.259827 13.945860 0.746953 -0.038220 0.144412 0.505711 0.849671
1783055795.500046 22.256460 13.946429 0.746976 -0.037273 0.143751 0.506893 0.849121
1783055795.600366 22.252832 13.947174 0.745991 -0.036963 0.143473 0.508300 0.848340
1783055795.700206 22.249643 13.948074 0.745000 -0.036518 0.144027 0.509336 0.847644
1783055795.800046 22.247076 13.948165 0.743612 -0.037032 0.144259 0.510303 0.847000
1783055795.900366 22.245384 13.947499 0.743261 -0.037442 0.144823 0.511115 0.846396
1783055796.000206 22.242371 13.947267 0.743420 -0.038262 0.144412 0.511722 0.846062
1783055796.100060 22.239136 13.946484 0.743027 -0.039101 0.143437 0.512654 0.845626
1783055796.200380 22.239143 13.944451 0.742665 -0.039827 0.142743 0.514630 0.844508
1783055796.300220 22.237637 13.941808 0.741512 -0.039340 0.142458 0.516016 0.843733
1783055796.400059 22.236765 13.939254 0.739574 -0.039231 0.141724 0.517647 0.842862
1783055796.500380 22.234863 13.938066 0.738758 -0.040251 0.141445 0.519031 0.842009
1783055796.600219 22.234247 13.935362 0.738208 -0.041099 0.140966 0.521370 0.840602
1783055796.700060 22.234243 13.932889 0.737964 -0.040513 0.139836 0.524112 0.839114
1783055796.800380 22.233555 13.930710 0.736727 -0.040680 0.139361 0.526509 0.837683
1783055796.900219 22.234924 13.929134 0.737022 -0.041217 0.139852 0.528152 0.836539
1783055797.000060 22.233862 13.927571 0.737767 -0.041411 0.139787 0.528492 0.836326
1783055797.100393 22.233318 13.927945 0.738703 -0.040533 0.139955 0.529824 0.835498
1783055797.200233 22.234158 13.927539 0.738361 -0.039941 0.140511 0.532068 0.834006
1783055797.300073 22.234560 13.928066 0.738943 -0.039940 0.140690 0.532031 0.833999
1783055797.400393 22.235567 13.929452 0.739780 -0.039702 0.140824 0.531683 0.834210
1783055797.500233 22.234694 13.930435 0.740386 -0.039346 0.140399 0.531570 0.834370
1783055797.600073 22.234604 13.931569 0.742321 -0.039056 0.139353 0.531433 0.834646
1783055797.700393 22.235445 13.933228 0.743331 -0.038691 0.139117 0.531004 0.834976
1783055797.800233 22.235132 13.934457 0.743621 -0.038367 0.137923 0.530510 0.835502
1783055797.900073 22.235279 13.936852 0.744285 -0.038449 0.137954 0.530608 0.835432
1783055798.000393 22.235760 13.938078 0.743593 -0.037593 0.138121 0.531128 0.835113
1783055798.100246 22.235851 13.939477 0.743339 -0.037353 0.139168 0.531251 0.834871
1783055798.200086 22.236324 13.940574 0.742725 -0.037509 0.139448 0.531742 0.834505
1783055798.300406 22.236156 13.941700 0.741183 -0.038302 0.139731 0.531932 0.834300
1783055798.400246 22.235340 13.942518 0.741112 -0.038746 0.139080 0.532007 0.834341
1783055798.500087 22.234913 13.943758 0.740608 -0.039441 0.138916 0.532243 0.834185
1783055798.600406 22.236210 13.944515 0.740172 -0.039989 0.138791 0.532289 0.834150
1783055798.700246 22.235554 13.944585 0.738723 -0.039821 0.138328 0.532085 0.834365
1783055798.800086 22.235540 13.945923 0.737393 -0.040726 0.138392 0.531358 0.834774
1783055798.900406 22.235525 13.946763 0.736375 -0.040916 0.138496 0.531484 0.834667
1783055799.000247 22.236385 13.947059 0.735413 -0.041177 0.139005 0.531707 0.834428
1783055799.100100 22.236647 13.948235 0.735091 -0.040948 0.139138 0.531478 0.834563
1783055799.200420 22.238102 13.948868 0.733927 -0.041264 0.139623 0.531634 0.834367
1783055799.300260 22.239548 13.949405 0.734244 -0.040854 0.139986 0.532087 0.834037
1783055799.400100 22.239897 13.950476 0.733965 -0.040694 0.140133 0.532157 0.833976
1783055799.500420 22.240782 13.951859 0.734511 -0.040989 0.140354 0.532414 0.833760
1783055799.600260 22.241276 13.952973 0.734529 -0.040673 0.139558 0.532707 0.833722
1783055799.700100 22.243032 13.954803 0.734658 -0.040387 0.138540 0.533606 0.833331
1783055799.800420 22.243233 13.955942 0.735633 -0.039987 0.138071 0.534454 0.832884
1783055799.900260 22.244822 13.957241 0.735093 -0.038942 0.138622 0.535222 0.832349
1783055800.000100 22.246859 13.958855 0.733908 -0.038344 0.141919 0.534944 0.831999
1783055800.100434 22.247955 13.961919 0.733671 -0.038393 0.143288 0.533314 0.832809
1783055800.200274 22.249477 13.963710 0.733839 -0.037441 0.143243 0.532984 0.833071
1783055800.300114 22.249413 13.965952 0.734211 -0.036254 0.143081 0.532137 0.833693
1783055800.400434 22.250740 13.967808 0.732565 -0.034712 0.142595 0.532189 0.833809
1783055800.500273 22.251925 13.969613 0.732532 -0.035369 0.141929 0.531596 0.834272
1783055800.600114 22.251966 13.971787 0.731253 -0.037076 0.140982 0.530441 0.835094
1783055800.700433 22.252882 13.973924 0.730470 -0.037794 0.141828 0.530399 0.834945
1783055800.800274 22.253445 13.974746 0.731188 -0.038403 0.143014 0.529634 0.835201
1783055800.900114 22.255405 13.975622 0.730953 -0.038173 0.143083 0.529376 0.835363
1783055801.000434 22.255745 13.975762 0.731505 -0.038652 0.143106 0.528464 0.835914
1783055801.100287 22.256357 13.976426 0.731385 -0.038496 0.143266 0.528804 0.835679
1783055801.200127 22.256205 13.975690 0.731194 -0.038834 0.144123 0.528946 0.835426
1783055801.300447 22.257189 13.974152 0.731321 -0.038743 0.144937 0.529384 0.835012
1783055801.400287 22.256702 13.972707 0.731145 -0.038260 0.144298 0.529139 0.835300
1783055801.500127 22.256475 13.971749 0.733919 -0.038517 0.143605 0.529045 0.835467
1783055801.600447 22.256670 13.969878 0.734134 -0.037829 0.143037 0.528954 0.835654
1783055801.700287 22.255384 13.967814 0.735088 -0.037738 0.143363 0.528380 0.835965
1783055801.800127 22.254614 13.966243 0.736186 -0.037320 0.143235 0.527633 0.836477
1783055801.900447 22.253754 13.963557 0.737522 -0.035960 0.143226 0.526649 0.837158
1783055802.000287 22.250628 13.961521 0.739070 -0.035984 0.142888 0.525818 0.837737
1783055802.100140 22.247814 13.960479 0.738275 -0.035634 0.142743 0.525362 0.838063
1783055802.200460 22.245962 13.959841 0.738426 -0.034969 0.143487 0.524085 0.838763
1783055802.300300 22.244217 13.957723 0.738910 -0.033860 0.143153 0.521803 0.840287
1783055802.400141 22.240866 13.957409 0.738743 -0.032478 0.141610 0.517754 0.843103
1783055802.500460 22.238136 13.956191 0.739386 -0.031650 0.140679 0.513975 0.845599
1783055802.600301 22.237427 13.954823 0.739574 -0.030438 0.140584 0.509965 0.848083
1783055802.700140 22.235668 13.954028 0.739194 -0.029653 0.140970 0.505429 0.850758
1783055802.800460 22.237261 13.953836 0.737116 -0.030206 0.141649 0.501661 0.852854
1783055802.900301 22.238737 13.954025 0.736669 -0.031578 0.141358 0.497228 0.855444
1783055803.000140 22.241060 13.952934 0.735069 -0.030633 0.141506 0.493200 0.857783
1783055803.100474 22.247141 13.952651 0.733974 -0.028944 0.141902 0.488264 0.860595
1783055803.200314 22.254230 13.953145 0.732266 -0.026488 0.139796 0.482740 0.864128
1783055803.300154 22.263256 13.953329 0.729998 -0.024393 0.138770 0.475992 0.868090
1783055803.400474 22.275627 13.956566 0.727259 -0.025187 0.140646 0.469056 0.871533
1783055803.500314 22.292410 13.959504 0.723528 -0.023744 0.142566 0.461926 0.875063
1783055803.600154 22.311405 13.965724 0.722006 -0.021199 0.144816 0.454637 0.878569
1783055803.700474 22.336088 13.973111 0.719327 -0.019367 0.147456 0.451662 0.879706
1783055803.800314 22.363115 13.984625 0.716811 -0.020671 0.150429 0.447435 0.881332
1783055803.900154 22.397352 13.998161 0.713782 -0.020555 0.153992 0.444377 0.882266
1783055804.000474 22.436193 14.015015 0.710528 -0.019025 0.158322 0.442998 0.882227
1783055804.100327 22.480083 14.036555 0.707340 -0.018183 0.163280 0.441793 0.881946
1783055804.200167 22.529099 14.060053 0.702558 -0.015605 0.165878 0.437322 0.883737
1783055804.300487 22.583607 14.087996 0.698379 -0.014444 0.171006 0.432487 0.885157
1783055804.400327 22.642418 14.116665 0.694084 -0.010444 0.174316 0.428542 0.886485
1783055804.500167 22.704874 14.148240 0.690781 -0.007162 0.176434 0.425252 0.887683
1783055804.600487 22.769907 14.182208 0.688595 -0.005865 0.176412 0.420500 0.889957
1783055804.700327 22.838036 14.218778 0.686255 -0.006828 0.177525 0.414011 0.892767
1783055804.800167 22.909595 14.253388 0.684448 -0.005929 0.181371 0.409346 0.894151
1783055804.900487 22.980597 14.293097 0.684024 -0.008167 0.184306 0.400855 0.897374
1783055805.000327 23.050343 14.330940 0.681123 -0.012543 0.185926 0.389501 0.901977
1783055805.100181 23.120066 14.369303 0.677167 -0.013065 0.186245 0.377417 0.907027
1783055805.200021 23.191772 14.407363 0.672633 -0.007478 0.186933 0.362493 0.913016
1783055805.300341 23.264137 14.446468 0.667088 -0.000215 0.185561 0.344034 0.920439
1783055805.400181 23.336025 14.485413 0.662246 0.003306 0.186137 0.328627 0.925930
1783055805.500021 23.406984 14.524220 0.660707 0.010473 0.191795 0.311936 0.930484
1783055805.600341 23.482344 14.562607 0.663202 0.012721 0.203021 0.291451 0.934707
1783055805.700181 23.556721 14.601021 0.661832 0.012735 0.210429 0.276258 0.937677
1783055805.800021 23.630455 14.637772 0.658899 0.013256 0.208789 0.265811 0.941050
1783055805.900341 23.705534 14.674956 0.653228 0.010576 0.201736 0.261725 0.943764
1783055806.000181 23.782047 14.711065 0.650426 0.009445 0.194680 0.263675 0.944715
1783055806.100034 23.859173 14.746045 0.649824 0.008166 0.192536 0.265432 0.944674
1783055806.200354 23.940260 14.781880 0.649344 0.007658 0.199306 0.266526 0.942964
1783055806.300194 24.019709 14.815647 0.650892 0.006584 0.206587 0.265213 0.941775
1783055806.400034 24.098589 14.848225 0.649117 0.008086 0.207604 0.263095 0.942134
1783055806.500354 24.180023 14.880559 0.642730 0.009134 0.208911 0.260464 0.942566
1783055806.600194 24.262455 14.910137 0.635403 0.013969 0.207465 0.251397 0.945284
1783055806.700034 24.340199 14.939435 0.630354 0.012998 0.202592 0.238478 0.949693
1783055806.800354 24.422304 14.966991 0.628713 0.009828 0.207569 0.226840 0.951505
1783055806.900194 24.501984 14.992339 0.630500 0.006933 0.211068 0.217142 0.953022
1783055807.000034 24.581507 15.013368 0.630999 0.008253 0.214533 0.211466 0.953515
1783055807.100368 24.661537 15.032240 0.626477 0.008780 0.217248 0.211189 0.952956
1783055807.200208 24.740564 15.050839 0.618063 0.009623 0.212681 0.218303 0.952375
1783055807.300048 24.818825 15.064775 0.610714 0.006886 0.203627 0.230022 0.951619
1783055807.400368 24.900318 15.078689 0.608963 0.001158 0.210159 0.239229 0.947946
1783055807.500208 24.978689 15.090154 0.610824 -0.004250 0.212725 0.247311 0.945287
1783055807.600048 25.060257 15.101455 0.611778 -0.007414 0.217277 0.252285 0.942915
1783055807.700368 25.141899 15.111434 0.608425 -0.008072 0.215992 0.254896 0.942502
1783055807.800208 25.224003 15.120242 0.603757 -0.005444 0.211972 0.256946 0.942877
1783055807.900048 25.309656 15.129342 0.598681 -0.003422 0.204627 0.255952 0.944778
1783055808.000368 25.393753 15.138930 0.598985 -0.002339 0.196328 0.248049 0.948642
1783055808.100221 25.482790 15.148674 0.602080 -0.001616 0.199182 0.235719 0.951189
1783055808.200061 25.574438 15.155683 0.603404 0.004001 0.211723 0.227767 0.950410
1783055808.300381 25.667679 15.162511 0.604030 0.011423 0.216332 0.221753 0.950734
1783055808.400221 25.761841 15.169343 0.600607 0.011715 0.221281 0.217756 0.950516
1783055808.500061 25.856001 15.175369 0.593722 0.006735 0.215801 0.219758 0.951363
1783055808.600381 25.950495 15.178864 0.590283 0.003758 0.211407 0.229084 0.950165
1783055808.700221 26.047581 15.181093 0.593618 0.000097 0.217804 0.237522 0.946649
1783055808.800061 26.141033 15.177883 0.598847 -0.001143 0.217886 0.244807 0.944772
1783055808.900381 26.238924 15.175543 0.598865 -0.004383 0.230569 0.245714 0.941511
1783055809.000221 26.331663 15.168712 0.592515 -0.005734 0.229090 0.248483 0.941138
1783055809.100075 26.424757 15.159401 0.581439 -0.002687 0.227386 0.247884 0.941723
1783055809.200395 26.517994 15.147607 0.571934 -0.003169 0.225146 0.242371 0.943693
1783055809.300235 26.609678 15.133027 0.570452 0.001749 0.226285 0.244242 0.942941
1783055809.400075 26.697422 15.114153 0.572084 0.005453 0.225624 0.233083 0.945905
1783055809.500395 26.788397 15.093938 0.568831 0.010645 0.233891 0.225282 0.945743
1783055809.600235 26.876101 15.071252 0.561633 0.015798 0.236688 0.223405 0.945420
1783055809.700075 26.960905 15.048923 0.550860 0.014362 0.233056 0.226914 0.945510
1783055809.800395 27.046253 15.026911 0.543196 0.002788 0.226247 0.233504 0.945664
1783055809.900235 27.130997 15.004774 0.540219 -0.006420 0.227983 0.244019 0.942569
1783055810.000075 27.215561 14.980910 0.539882 -0.005871 0.230708 0.246487 0.941267
1783055810.100408 27.301880 14.958484 0.538485 -0.003024 0.242069 0.245933 0.938568
1783055810.200248 27.382929 14.937732 0.534661 -0.005119 0.243561 0.244633 0.938513
1783055810.300088 27.465042 14.917670 0.527023 -0.004019 0.242097 0.244171 0.939017
1783055810.400408 27.546242 14.899330 0.522076 -0.004116 0.230778 0.242281 0.942351
1783055810.500248 27.624182 14.879218 0.521543 -0.002953 0.221847 0.242756 0.944375
1783055810.600088 27.705217 14.860664 0.526370 -0.002996 0.226044 0.241537 0.943692
1783055810.700408 27.782566 14.844554 0.532127 -0.005672 0.229071 0.237856 0.943885
1783055810.800248 27.859804 14.825297 0.534118 0.000631 0.230851 0.240180 0.942879
1783055810.900088 27.938389 14.805588 0.530029 0.003257 0.231568 0.244430 0.941605
1783055811.000408 28.012798 14.786309 0.526494 -0.003357 0.224616 0.249785 0.941883
1783055811.100262 28.089928 14.767076 0.526945 -0.014806 0.225687 0.257110 0.939543
1783055811.200102 28.167213 14.747821 0.532926 -0.020772 0.228178 0.265952 0.936362
1783055811.300422 28.240887 14.728382 0.534132 -0.027534 0.229572 0.276218 0.932868
1783055811.400262 28.318911 14.712426 0.536276 -0.025115 0.240284 0.281948 0.928514
1783055811.500102 28.392031 14.694903 0.533035 -0.023368 0.234437 0.288429 0.928064
1783055811.600422 28.469049 14.678133 0.527155 -0.017796 0.229781 0.291849 0.928282
1783055811.700262 28.540262 14.663834 0.522348 -0.015094 0.215666 0.289197 0.932537
1783055811.800102 28.617254 14.648256 0.521836 -0.008389 0.219222 0.291434 0.931095
1783055811.900422 28.693624 14.637434 0.524487 -0.007858 0.227363 0.286719 0.930611
1783055812.000262 28.767521 14.625127 0.526889 0.000038 0.228857 0.287299 0.930099
1783055812.100115 28.843943 14.615821 0.526333 0.004489 0.228269 0.293177 0.928397
1783055812.200435 28.918749 14.609663 0.519419 0.002079 0.221748 0.302522 0.926986
1783055812.300275 28.995235 14.601849 0.513365 -0.002283 0.218968 0.309005 0.925507
1783055812.400115 29.074785 14.594488 0.513371 -0.006171 0.223857 0.307803 0.924720
1783055812.500435 29.148754 14.591154 0.516304 -0.010104 0.216114 0.306302 0.927023
1783055812.600275 29.228193 14.586970 0.516254 -0.010740 0.224420 0.303179 0.926068
1783055812.700115 29.304485 14.586437 0.513403 -0.012462 0.226132 0.299740 0.926750
1783055812.800435 29.383387 14.586274 0.507320 -0.011215 0.229012 0.295280 0.927490
1783055812.900275 29.464632 14.584689 0.499917 -0.010845 0.223851 0.291726 0.929876
1783055813.000115 29.544722 14.585620 0.495513 -0.014309 0.217268 0.286098 0.933134
1783055813.100449 29.625002 14.586376 0.494936 -0.015927 0.215901 0.284398 0.933944
1783055813.200289 29.707054 14.585198 0.497420 -0.015950 0.219627 0.277628 0.935111
1783055813.300129 29.790146 14.585567 0.501817 -0.012899 0.229847 0.268751 0.935295
1783055813.400449 29.870733 14.582735 0.500715 -0.006176 0.230904 0.265391 0.936062
1783055813.500289 29.953724 14.581415 0.496363 -0.005356 0.232099 0.264611 0.935993
1783055813.600129 30.036362 14.580187 0.491734 -0.011222 0.224272 0.269846 0.936354
1783055813.700449 30.115831 14.576637 0.489717 -0.016516 0.210705 0.284827 0.934989
1783055813.800289 30.199562 14.571685 0.490416 -0.020983 0.213329 0.299721 0.929633
1783055813.900129 30.281593 14.563498 0.492488 -0.018977 0.216853 0.304587 0.927276
1783055814.000449 30.363396 14.556232 0.491302 -0.015362 0.225864 0.301407 0.926231
1783055814.100302 30.444017 14.545816 0.486750 -0.012588 0.225346 0.297835 0.927553
1783055814.200142 30.523825 14.536000 0.480615 -0.008246 0.222884 0.291134 0.930320
1783055814.300462 30.601480 14.525252 0.472894 -0.007120 0.213322 0.283588 0.934891
1783055814.400302 30.679405 14.512653 0.470265 -0.007971 0.210709 0.280684 0.936352
1783055814.500143 30.758606 14.497538 0.468009 -0.003858 0.215279 0.271912 0.937925
1783055814.600462 30.835947 14.481383 0.467652 0.001997 0.223047 0.263961 0.938387
1783055814.700303 30.910196 14.462089 0.465599 0.010276 0.221808 0.263100 0.938869
1783055814.800143 30.986179 14.442899 0.456962 0.010991 0.223021 0.265663 0.937851
1783055814.900462 31.062239 14.423883 0.448427 0.007683 0.219256 0.273294 0.936578
1783055815.000303 31.133163 14.402362 0.445169 -0.003978 0.205976 0.283955 0.936444
1783055815.100156 31.208794 14.381109 0.443604 -0.013790 0.209169 0.292176 0.933109
1783055815.200476 31.282175 14.355703 0.442919 -0.013257 0.208715 0.300505 0.930569
1783055815.300316 31.357201 14.332163 0.439709 -0.011811 0.220838 0.299845 0.928000
1783055815.400156 31.428104 14.306940 0.435062 -0.009962 0.225460 0.302504 0.926045
1783055815.500476 31.500156 14.279715 0.429562 -0.005591 0.225469 0.303672 0.925697
1783055815.600316 31.573475 14.253664 0.420819 -0.009514 0.222825 0.301283 0.927085
1783055815.700156 31.641886 14.228335 0.414867 -0.018065 0.214133 0.296093 0.930672
1783055815.800476 31.713554 14.201121 0.414266 -0.025549 0.215019 0.293848 0.931003
1783055815.900316 31.784136 14.173135 0.414300 -0.022065 0.219059 0.294529 0.929935
1783055816.000156 31.854906 14.143194 0.414665 -0.013153 0.224883 0.295466 0.928415
1783055816.100489 31.926060 14.113413 0.411160 -0.006252 0.227501 0.298686 0.926818
1783055816.200329 31.995249 14.082463 0.406101 -0.004631 0.223070 0.304609 0.925976
1783055816.300169 32.063313 14.051858 0.400834 -0.009894 0.213753 0.315510 0.924481
1783055816.400489 32.129559 14.020487 0.397262 -0.024269 0.206247 0.329546 0.921017
1783055816.500329 32.200436 13.990321 0.395218 -0.032615 0.211778 0.335604 0.917309
1783055816.600169 32.268894 13.959517 0.395658 -0.036592 0.214395 0.339308 0.915186
1783055816.700489 32.337456 13.929687 0.392604 -0.035396 0.222556 0.339685 0.913143
1783055816.800329 32.405319 13.901498 0.390387 -0.031053 0.224968 0.342308 0.911729
1783055816.900169 32.471504 13.873172 0.384337 -0.027398 0.222475 0.345932 0.911090
1783055817.000489 32.536720 13.847422 0.377508 -0.029501 0.216322 0.349536 0.911131
1783055817.100343 32.602085 13.823474 0.374821 -0.035408 0.214647 0.352835 0.910044
1783055817.200183 32.665577 13.800326 0.377487 -0.041047 0.211027 0.352336 0.910847
1783055817.300023 32.729980 13.778152 0.379505 -0.036239 0.216160 0.353464 0.909409
1783055817.400343 32.789913 13.753728 0.382680 -0.030621 0.211312 0.359153 0.908526
1783055817.500183 32.850044 13.732690 0.381968 -0.029526 0.206166 0.366595 0.906770
1783055817.600023 32.905258 13.710227 0.378431 -0.033733 0.197387 0.376891 0.904353
1783055817.700343 32.962734 13.688622 0.375199 -0.042837 0.205099 0.389181 0.897016
1783055817.800183 33.014011 13.667758 0.376881 -0.048495 0.206066 0.394294 0.894269
1783055817.900023 33.065731 13.647782 0.377553 -0.054108 0.214152 0.396020 0.891280
1783055818.000343 33.115173 13.629157 0.381184 -0.053267 0.224381 0.395219 0.889167
1783055818.100197 33.160130 13.609192 0.382775 -0.053343 0.225560 0.398401 0.887442
1783055818.200037 33.204094 13.592518 0.383383 -0.054161 0.223759 0.400516 0.886897
1783055818.300357 33.240372 13.573658 0.383622 -0.054259 0.210549 0.401200 0.889811
1783055818.400197 33.278755 13.557512 0.388844 -0.057237 0.214767 0.400882 0.888759
1783055818.500036 33.307430 13.542313 0.395023 -0.061992 0.206138 0.397366 0.892056
1783055818.600357 33.335400 13.526156 0.402550 -0.061399 0.203678 0.405885 0.888821
1783055818.700197 33.357010 13.512231 0.404741 -0.064943 0.198724 0.415110 0.885423
1783055818.800036 33.377335 13.499373 0.407263 -0.068465 0.191703 0.429339 0.879904
1783055818.900357 33.394085 13.486225 0.411316 -0.069105 0.189123 0.442924 0.873656
1783055819.000196 33.405502 13.475641 0.414841 -0.072183 0.186996 0.455150 0.867560
1783055819.100050 33.413300 13.466313 0.415598 -0.074766 0.185829 0.467023 0.861259
1783055819.200370 33.416473 13.459724 0.415962 -0.073806 0.186056 0.474497 0.857198
1783055819.300210 33.416962 13.455869 0.418741 -0.073014 0.188257 0.482392 0.852365
1783055819.400050 33.413372 13.453385 0.420764 -0.072343 0.187575 0.486321 0.850338
1783055819.500370 33.408722 13.452394 0.419826 -0.074223 0.190188 0.486901 0.849263
1783055819.600210 33.403587 13.452248 0.417563 -0.074467 0.193333 0.488656 0.847521
1783055819.700050 33.396938 13.450130 0.416957 -0.068569 0.191140 0.490567 0.847412
1783055819.800370 33.389194 13.447361 0.416432 -0.064793 0.186270 0.491715 0.848129
1783055819.900210 33.382820 13.446598 0.415828 -0.066603 0.184093 0.491304 0.848701
1783055820.000050 33.377113 13.445221 0.413416 -0.066632 0.182333 0.493229 0.847962
1783055820.100384 33.372974 13.442701 0.413170 -0.064165 0.175813 0.496641 0.847538
1783055820.200224 33.370556 13.439436 0.412699 -0.061655 0.171077 0.501997 0.845536
1783055820.300064 33.368279 13.435363 0.412337 -0.061627 0.166318 0.505649 0.844310
1783055820.400384 33.367958 13.431955 0.409658 -0.061984 0.164473 0.510501 0.841721
1783055820.500224 33.368397 13.426170 0.408630 -0.060479 0.162631 0.516039 0.838807
1783055820.600064 33.369362 13.421562 0.407469 -0.059508 0.162808 0.520218 0.836257
1783055820.700384 33.370850 13.418085 0.406048 -0.058327 0.161530 0.525161 0.833494
1783055820.800224 33.372051 13.413058 0.404056 -0.057014 0.161565 0.529338 0.830932
1783055820.900064 33.373199 13.409152 0.403040 -0.056134 0.159310 0.533896 0.828507
1783055821.000384 33.374210 13.406332 0.402313 -0.055770 0.159078 0.538766 0.825418
1783055821.100237 33.373276 13.403143 0.402349 -0.056105 0.157306 0.543167 0.822847
1783055821.200077 33.372379 13.401971 0.402341 -0.056826 0.155754 0.547192 0.820422
1783055821.300397 33.370361 13.399624 0.403718 -0.057929 0.153687 0.551303 0.817979
1783055821.400237 33.368641 13.398310 0.402554 -0.059125 0.154189 0.554591 0.815573
1783055821.500077 33.366276 13.397722 0.401343 -0.059408 0.155372 0.557373 0.813428
1783055821.600397 33.364178 13.397800 0.400858 -0.059604 0.154727 0.559461 0.812102
1783055821.700237 33.361549 13.397164 0.403076 -0.060012 0.153189 0.560386 0.811726
1783055821.800077 33.360703 13.396419 0.404948 -0.058524 0.151776 0.562090 0.810921
1783055821.900397 33.360073 13.395732 0.405271 -0.057592 0.151110 0.561884 0.811256
1783055822.000237 33.358318 13.396505 0.405730 -0.059030 0.151861 0.560860 0.811720
1783055822.100091 33.357151 13.397262 0.405538 -0.059182 0.153325 0.561007 0.811332
1783055822.200411 33.357716 13.397871 0.406439 -0.058871 0.154767 0.561616 0.810660
1783055822.300251 33.357449 13.398089 0.407207 -0.060269 0.155270 0.562731 0.809687
1783055822.400091 33.359512 13.397890 0.408133 -0.061322 0.154370 0.564122 0.808811
1783055822.500411 33.361004 13.398437 0.410741 -0.060697 0.153634 0.565883 0.807768
1783055822.600251 33.361889 13.399226 0.412642 -0.060954 0.152456 0.566887 0.807267
1783055822.700091 33.362698 13.399514 0.415297 -0.060803 0.151287 0.568360 0.806463
1783055822.800411 33.364426 13.400434 0.416780 -0.060828 0.150242 0.570291 0.805292
1783055822.900251 33.365227 13.401942 0.416509 -0.059688 0.150516 0.571270 0.804632
1783055823.000091 33.366646 13.403182 0.415901 -0.060312 0.152229 0.571808 0.803880
1783055823.100424 33.367691 13.405823 0.415599 -0.061249 0.152291 0.571982 0.803675
1783055823.200264 33.367920 13.407533 0.416424 -0.060888 0.151466 0.572317 0.803619
1783055823.300104 33.368324 13.409700 0.414935 -0.060439 0.151329 0.572551 0.803512
1783055823.400424 33.368374 13.412537 0.414983 -0.060285 0.152240 0.572733 0.803222
1783055823.500264 33.368542 13.414836 0.415132 -0.061353 0.152997 0.572326 0.803288
1783055823.600104 33.367588 13.417323 0.413771 -0.062406 0.153740 0.572034 0.803273
1783055823.700424 33.368534 13.420537 0.413540 -0.062455 0.155338 0.572273 0.802791
1783055823.800264 33.368729 13.422705 0.414572 -0.062657 0.156205 0.571959 0.802831
1783055823.900104 33.368786 13.423227 0.413273 -0.061598 0.156132 0.571496 0.803257
1783055824.000424 33.368221 13.425188 0.411956 -0.061488 0.155364 0.570493 0.804127
1783055824.100278 33.368607 13.426948 0.410226 -0.062082 0.155532 0.569897 0.804471
1783055824.200118 33.369419 13.427918 0.410019 -0.062553 0.155296 0.569399 0.804833
1783055824.300438 33.370251 13.428788 0.409965 -0.062479 0.155540 0.568811 0.805207
1783055824.400278 33.371204 13.429721 0.409485 -0.062695 0.155550 0.568218 0.805607
1783055824.500118 33.371471 13.429657 0.408961 -0.063202 0.155802 0.567908 0.805737
1783055824.600438 33.371723 13.429327 0.407660 -0.062522 0.155431 0.567505 0.806146
1783055824.700278 33.373264 13.429529 0.406993 -0.062446 0.156478 0.567047 0.806271
1783055824.800118 33.373333 13.428819 0.407843 -0.062356 0.156510 0.566447 0.806693
1783055824.900438 33.373356 13.429628 0.408313 -0.063142 0.155535 0.566033 0.807111
1783055825.000278 33.372898 13.427866 0.408431 -0.062858 0.155238 0.565535 0.807539
1783055825.100131 33.372658 13.427556 0.407017 -0.062341 0.155669 0.565327 0.807642
1783055825.200451 33.372532 13.427068 0.405839 -0.062318 0.156963 0.564581 0.807915
1783055825.300291 33.371986 13.427275 0.406000 -0.062906 0.157185 0.563964 0.808258
1783055825.400131 33.371399 13.427193 0.405476 -0.062207 0.157157 0.563970 0.808313
1783055825.500451 33.370770 13.426643 0.406469 -0.061836 0.157428 0.563937 0.808312
1783055825.600291 33.369976 13.426097 0.406970 -0.061295 0.156879 0.564381 0.808150
1783055825.700131 33.369137 13.425000 0.407557 -0.061766 0.156272 0.564428 0.808199
1783055825.800451 33.369247 13.424459 0.406285 -0.061675 0.156054 0.564579 0.808142
1783055825.900291 33.368980 13.423947 0.406433 -0.061695 0.155999 0.564247 0.808383
1783055826.000131 33.370735 13.423004 0.406326 -0.061576 0.157017 0.564553 0.807981
1783055826.100465 33.371559 13.423262 0.406096 -0.061787 0.157645 0.564221 0.808075
1783055826.200305 33.372562 13.422300 0.406495 -0.061889 0.156703 0.563822 0.808529
1783055826.300145 33.373726 13.421371 0.407929 -0.060831 0.156435 0.563632 0.808793
1783055826.400465 33.374939 13.421240 0.408843 -0.060455 0.156253 0.563146 0.809195
1783055826.500305 33.374416 13.420475 0.409044 -0.059661 0.156573 0.562561 0.809599
1783055826.600145 33.372929 13.419725 0.409294 -0.059927 0.157100 0.561452 0.810247
1783055826.700465 33.370060 13.418489 0.409498 -0.059286 0.156719 0.561558 0.810294
1783055826.800305 33.363892 13.418757 0.410203 -0.059158 0.156784 0.561785 0.810134
1783055826.900145 33.356724 13.418677 0.412226 -0.059598 0.156624 0.563361 0.809037
1783055827.000465 33.346958 13.418094 0.412399 -0.059522 0.157015 0.566677 0.806648
1783055827.100318 33.334129 13.418096 0.413842 -0.061065 0.157257 0.572252 0.802539
1783055827.200158 33.318600 13.417940 0.413735 -0.062638 0.155108 0.583513 0.794689
1783055827.300478 33.300728 13.418240 0.415485 -0.065641 0.153619 0.598196 0.783744
1783055827.400318 33.281368 13.417583 0.415684 -0.067232 0.150154 0.615675 0.770635
1783055827.500158 33.261543 13.417559 0.416295 -0.070466 0.146766 0.633619 0.756321
1783055827.600478 33.240818 13.417554 0.417454 -0.074939 0.143729 0.650796 0.741748
1783055827.700318 33.221668 13.417800 0.419515 -0.078169 0.138449 0.666974 0.727920
1783055827.800158 33.203812 13.417858 0.421747 -0.081516 0.134158 0.682349 0.713972
1783055827.900478 33.190723 13.417295 0.424808 -0.082710 0.129312 0.696321 0.701124
1783055828.000318 33.196499 13.415532 0.429103 -0.083433 0.127528 0.708693 0.688861
1783055829.100006 33.066723 13.437381 0.422493 -0.102069 0.111609 0.781059 0.605865
1783055829.200325 33.127747 13.413580 0.427744 -0.102897 0.112463 0.778798 0.608472
1783055829.300166 33.130119 13.409921 0.433346 -0.105132 0.112236 0.779193 0.607625
1783055829.400486 33.127037 13.411442 0.436543 -0.104421 0.111455 0.780446 0.606282
1783055829.500325 33.121838 13.413657 0.437868 -0.102497 0.113187 0.781027 0.605541
1783055829.600166 33.116947 13.414079 0.440599 -0.100643 0.113830 0.781218 0.605485
1783055829.700485 33.111664 13.414556 0.442309 -0.099147 0.113201 0.780566 0.606690
1783055829.800326 33.108574 13.414719 0.443965 -0.098646 0.113293 0.780068 0.607394
1783055829.900166 33.106018 13.414808 0.445870 -0.097184 0.112864 0.779886 0.607943
1783055830.000485 33.104618 13.414315 0.446451 -0.098263 0.112280 0.779555 0.608302
1783055830.100339 33.103065 13.413095 0.447290 -0.099558 0.111472 0.778946 0.609020
1783055830.200179 33.103054 13.411855 0.447224 -0.099631 0.109462 0.778477 0.609971
1783055830.300019 33.103706 13.410954 0.447963 -0.099492 0.109224 0.778028 0.610609
1783055830.400339 33.103645 13.409691 0.449491 -0.099677 0.109124 0.777807 0.610878
1783055830.500179 33.103493 13.408770 0.449296 -0.099286 0.108247 0.777693 0.611244
1783055830.600019 33.103893 13.408830 0.449229 -0.099725 0.107737 0.777488 0.611523
1783055830.700339 33.103218 13.407596 0.448010 -0.099017 0.107542 0.777422 0.611756
1783055830.800179 33.102455 13.408284 0.448100 -0.098722 0.108161 0.776961 0.612280
1783055830.900019 33.102158 13.408332 0.448156 -0.099408 0.107923 0.776120 0.613277
1783055831.000339 33.100445 13.408579 0.448123 -0.099327 0.107586 0.775231 0.614472
1783055831.100193 33.098976 13.409617 0.447777 -0.099492 0.107290 0.774663 0.615213
1783055831.200033 33.098740 13.409813 0.447533 -0.098523 0.107096 0.774354 0.615792
1783055831.300353 33.096615 13.409287 0.446710 -0.098516 0.107134 0.774189 0.615994
1783055831.400193 33.095181 13.410596 0.445832 -0.097694 0.106818 0.773774 0.616701
1783055831.500033 33.093842 13.411000 0.443634 -0.097921 0.107949 0.772731 0.617774
1783055831.600353 33.092716 13.412312 0.440707 -0.097723 0.108495 0.771693 0.619007
1783055831.700193 33.090843 13.414442 0.441277 -0.097131 0.109722 0.770284 0.620636
1783055831.800033 33.090752 13.416461 0.440736 -0.096241 0.111192 0.768407 0.622836
1783055831.900353 33.090343 13.417648 0.440176 -0.094636 0.112357 0.766963 0.624650
1783055832.000193 33.090721 13.420707 0.440256 -0.094256 0.113309 0.764919 0.627037
1783055832.100046 33.091747 13.422697 0.439877 -0.092422 0.113774 0.762689 0.629936
1783055832.200366 33.093472 13.426459 0.438965 -0.091683 0.114833 0.760432 0.632575
1783055832.300206 33.097343 13.429544 0.438784 -0.089540 0.116891 0.758366 0.634981
1783055832.400046 33.101433 13.434500 0.436707 -0.088803 0.119432 0.755250 0.638316
1783055832.500366 33.108158 13.440827 0.436094 -0.088414 0.122533 0.751740 0.641916
1783055832.600206 33.117989 13.446494 0.434926 -0.088209 0.125679 0.748206 0.645455
1783055832.700046 33.129734 13.454378 0.434809 -0.088958 0.127908 0.744315 0.649401
1783055832.800366 33.146069 13.463159 0.434587 -0.091440 0.129309 0.740770 0.652823
1783055832.900206 33.164577 13.473052 0.433915 -0.092622 0.130606 0.738602 0.654852
1783055833.000046 33.187508 13.484033 0.431973 -0.091371 0.132791 0.737853 0.655431
1783055833.100380 33.214573 13.496886 0.429952 -0.090213 0.135904 0.737764 0.655054
1783055833.200220 33.244389 13.510761 0.427466 -0.089243 0.136721 0.740356 0.652086
1783055833.300060 33.276627 13.525537 0.424592 -0.090154 0.137793 0.742645 0.649125
1783055833.400380 33.311707 13.544795 0.423316 -0.089141 0.143492 0.742396 0.648315
1783055833.500220 33.348843 13.563001 0.420587 -0.086449 0.150135 0.741449 0.648259
1783055833.600060 33.385845 13.583354 0.417988 -0.082862 0.153795 0.735474 0.654645
1783055833.700380 33.421696 13.604562 0.415585 -0.080689 0.158977 0.725548 0.664677
1783055833.800220 33.456367 13.629104 0.413924 -0.081476 0.164729 0.710844 0.678916
1783055833.900060 33.489201 13.654765 0.412434 -0.084173 0.169467 0.691267 0.697384
1783055834.000380 33.518841 13.679698 0.411013 -0.083772 0.169802 0.668752 0.718971
1783055834.100233 33.545052 13.707473 0.407535 -0.082777 0.171982 0.644291 0.740580
1783055834.200073 33.568386 13.735607 0.405891 -0.082560 0.174912 0.618623 0.761509
1783055834.300393 33.588840 13.765571 0.404647 -0.080587 0.178787 0.595888 0.778754
1783055834.400233 33.606697 13.796027 0.405339 -0.077345 0.180534 0.576413 0.793204
1783055834.500073 33.625641 13.828034 0.405739 -0.074542 0.183386 0.556401 0.806989
1783055834.600393 33.646267 13.859639 0.405702 -0.065924 0.184812 0.536051 0.821065
1783055834.700233 33.669304 13.891944 0.404312 -0.055033 0.186384 0.512506 0.836403
1783055834.800073 33.693722 13.924656 0.406559 -0.045552 0.188024 0.486211 0.852157
1783055834.900393 33.722919 13.956698 0.410064 -0.036481 0.188311 0.457636 0.868204
1783055835.000233 33.758484 13.988545 0.413132 -0.030190 0.193707 0.429346 0.881606
1783055835.100087 33.795975 14.017936 0.414656 -0.025398 0.192892 0.402616 0.894454
1783055835.200407 33.841068 14.049471 0.416337 -0.025267 0.197895 0.382615 0.902112
1783055835.300247 33.889862 14.078863 0.415884 -0.025598 0.200034 0.363855 0.909363
1783055835.400087 33.943344 14.108260 0.415197 -0.023487 0.201360 0.348543 0.915107
1783055835.500407 34.001888 14.135274 0.409816 -0.018440 0.203258 0.334743 0.919942
1783055835.600247 34.065216 14.162512 0.405134 -0.012044 0.204465 0.322695 0.924076
1783055835.700087 34.127995 14.190219 0.406555 -0.012320 0.197549 0.312980 0.928906
1783055835.800407 34.193951 14.217841 0.409744 -0.013858 0.195808 0.298114 0.934128
1783055835.900247 34.261284 14.243384 0.412044 -0.009180 0.195006 0.285027 0.938428
1783055836.000087 34.330872 14.265391 0.413425 -0.002370 0.203291 0.267157 0.941963
1783055836.100420 34.399715 14.292906 0.412312 -0.002028 0.206940 0.248064 0.946380
1783055836.200260 34.468758 14.316465 0.412009 0.001935 0.207291 0.231115 0.950585
1783055836.300101 34.537350 14.338785 0.410581 0.010880 0.208121 0.215700 0.953961
1783055836.400420 34.607040 14.363667 0.408605 0.016950 0.211210 0.196744 0.957285
1783055836.500261 34.674889 14.386604 0.407164 0.018488 0.220563 0.181350 0.958187
1783055836.600101 34.742386 14.410258 0.409665 0.018216 0.229317 0.163604 0.959331
1783055836.700421 34.807713 14.430818 0.408840 0.019416 0.234486 0.159874 0.958687
1783055836.800261 34.871864 14.449368 0.408150 0.019896 0.240415 0.153797 0.958202
1783055836.900100 34.932713 14.468430 0.404087 0.020700 0.241351 0.150216 0.958518
1783055837.000421 34.995178 14.485347 0.398621 0.021122 0.241930 0.151361 0.958182
1783055837.100274 35.052441 14.501528 0.395632 0.020487 0.234229 0.158236 0.958999
1783055837.200114 35.108402 14.514160 0.393041 0.019385 0.233504 0.163474 0.958319
1783055837.300434 35.165382 14.527927 0.391313 0.014110 0.240109 0.158033 0.957692
1783055837.400274 35.220501 14.538158 0.388924 0.013084 0.243300 0.153275 0.957674
1783055837.500114 35.271801 14.547442 0.385219 0.012923 0.242292 0.146803 0.958945
1783055837.600434 35.327866 14.555588 0.378653 0.014368 0.244274 0.135611 0.960069
1783055837.700274 35.381290 14.562341 0.371449 0.016244 0.241909 0.124058 0.962198
1783055837.800114 35.436020 14.566260 0.364635 0.019187 0.247490 0.118138 0.961470
1783055837.900434 35.493679 14.565778 0.364060 0.025958 0.250408 0.111934 0.961298
1783055838.000274 35.552498 14.562670 0.360379 0.030719 0.252634 0.108841 0.960930
1783055838.100128 35.611561 14.558712 0.356578 0.030853 0.254330 0.107099 0.960674
1783055838.200448 35.674438 14.550510 0.349077 0.030265 0.256368 0.112010 0.959590
1783055838.300288 35.738567 14.539068 0.341480 0.030114 0.258606 0.120351 0.957983
1783055838.400128 35.803349 14.525035 0.333071 0.026858 0.254218 0.132674 0.957627
1783055838.500448 35.869183 14.508601 0.328259 0.020314 0.250066 0.148393 0.956574
1783055838.600288 35.937298 14.488060 0.325919 0.015406 0.250333 0.163493 0.954131
1783055838.700128 36.005032 14.464758 0.323597 0.009036 0.251036 0.171430 0.952634
1783055838.800448 36.073524 14.439723 0.316721 0.003008 0.255892 0.173139 0.951070
1783055838.900288 36.140442 14.411444 0.312090 0.005188 0.262573 0.173395 0.949190
1783055839.000128 36.205845 14.382273 0.307071 0.006979 0.263694 0.171934 0.949134
1783055839.100461 36.272469 14.350397 0.303429 0.011903 0.264614 0.169293 0.949304
1783055839.200301 36.336555 14.317168 0.299977 0.012227 0.259170 0.163431 0.951826
1783055839.300141 36.402199 14.282153 0.297741 0.016122 0.264434 0.156385 0.951503
1783055839.400461 36.465988 14.245534 0.296755 0.016104 0.269168 0.149014 0.951359
1783055839.500301 36.527973 14.205046 0.298667 0.024953 0.275483 0.141101 0.950567
1783055839.600141 36.590427 14.164284 0.300739 0.029600 0.274565 0.140281 0.950820
1783055839.700461 36.654530 14.124707 0.299584 0.027688 0.273312 0.139434 0.951363
1783055839.800301 36.717438 14.085572 0.297410 0.018849 0.265657 0.147455 0.952538
1783055839.900141 36.780579 14.044097 0.299167 0.010135 0.255579 0.161223 0.953197
1783055840.000461 36.847481 14.000961 0.303628 0.002879 0.257240 0.172121 0.950891
1783055840.100315 36.915562 13.961052 0.307954 -0.002219 0.258398 0.180978 0.948932
1783055840.200155 36.983536 13.920197 0.311503 -0.000121 0.262741 0.185120 0.946941
1783055840.300475 37.049938 13.879227 0.313146 0.003831 0.258778 0.189806 0.947097
1783055840.400315 37.118523 13.839978 0.311358 0.008623 0.256422 0.193264 0.947007
1783055840.500155 37.187424 13.802224 0.307330 0.007472 0.250122 0.195971 0.948145
1783055840.600475 37.255829 13.766958 0.303117 -0.001821 0.242202 0.193734 0.950685
1783055840.700315 37.325153 13.730244 0.301137 -0.007763 0.247571 0.193326 0.949354
1783055840.800155 37.391594 13.692638 0.305773 -0.005041 0.253924 0.198016 0.946724
1783055840.900475 37.455067 13.656124 0.309468 0.000404 0.251581 0.202488 0.946417
1783055841.000315 37.518135 13.618275 0.310784 0.002908 0.248868 0.210501 0.945381
1783055841.100168 37.579700 13.583021 0.310984 0.003410 0.252281 0.212272 0.944078
1783055841.200488 37.639439 13.544321 0.308462 0.007856 0.249652 0.216681 0.943749
1783055841.300328 37.698193 13.509087 0.301701 0.004726 0.246889 0.222859 0.943057
1783055841.400168 37.753407 13.475696 0.298239 -0.005527 0.244767 0.236814 0.940201
1783055841.500488 37.804459 13.441644 0.294561 -0.014039 0.237425 0.258347 0.936317
1783055841.600328 37.858311 13.410073 0.293224 -0.021484 0.239728 0.281833 0.928784
1783055841.700168 37.909454 13.383032 0.292782 -0.029577 0.237521 0.298272 0.923982
1783055841.800488 37.961903 13.357538 0.292593 -0.030980 0.240889 0.311367 0.918729
1783055841.900328 38.010338 13.333290 0.289842 -0.026287 0.239621 0.322292 0.915434
1783055842.000168 38.061413 13.311782 0.288506 -0.019901 0.240853 0.328718 0.912983
1783055842.100488 38.109459 13.295203 0.287524 -0.020025 0.236793 0.332843 0.912548
1783055842.200328 38.155838 13.281342 0.288243 -0.023127 0.229580 0.334339 0.913770
1783055842.300168 38.203793 13.269473 0.289292 -0.026845 0.228729 0.334806 0.913711
1783055842.400488 38.250256 13.256841 0.289077 -0.025587 0.224447 0.333951 0.915120
1783055842.500328 38.299294 13.245872 0.287392 -0.023487 0.234303 0.337170 0.911519
1783055842.600168 38.345001 13.236678 0.287265 -0.023865 0.234097 0.342395 0.909612
1783055842.700488 38.388973 13.226633 0.286470 -0.025876 0.233302 0.351079 0.906446
1783055842.800328 38.435440 13.215479 0.286030 -0.029232 0.231209 0.364536 0.901555
1783055842.900168 38.479546 13.202137 0.282671 -0.036203 0.229377 0.380326 0.895225
1783055843.000488 38.526756 13.188954 0.278415 -0.044440 0.236947 0.396766 0.885696
1783055843.100329 38.570637 13.170903 0.276003 -0.045413 0.235993 0.408687 0.880466
1783055843.200169 38.613449 13.151995 0.275244 -0.044735 0.236734 0.412357 0.878588
1783055843.300489 38.656517 13.131658 0.271271 -0.041333 0.232900 0.414775 0.878642
1783055843.400329 38.697193 13.109411 0.269965 -0.040480 0.230636 0.416543 0.878442
1783055843.500169 38.736076 13.084535 0.266505 -0.043197 0.229839 0.418083 0.877789
1783055843.600489 38.772072 13.057022 0.259133 -0.047317 0.227673 0.424537 0.875040
1783055843.700329 38.808281 13.026006 0.252414 -0.051636 0.230913 0.431376 0.870590
1783055843.800169 38.840851 12.994420 0.246182 -0.055502 0.234389 0.432747 0.868741
1783055843.900489 38.874874 12.960480 0.241017 -0.056637 0.242773 0.433741 0.865865
1783055844.000329 38.906918 12.923857 0.239175 -0.053531 0.246281 0.437414 0.863220
1783055844.100183 38.935368 12.886288 0.237297 -0.048989 0.249532 0.440946 0.860756
1783055844.200023 38.961586 12.844470 0.237911 -0.040750 0.247215 0.446957 0.858751
1783055844.300343 38.985844 12.801132 0.239167 -0.034370 0.241257 0.456152 0.855885
1783055844.400183 39.008415 12.757757 0.237740 -0.037898 0.233769 0.469065 0.850819
1783055844.500023 39.029697 12.712570 0.231949 -0.046465 0.230499 0.481571 0.844275
1783055844.600343 39.048416 12.665521 0.225986 -0.054715 0.229731 0.487726 0.840448
1783055844.700183 39.065548 12.618608 0.219693 -0.058641 0.230008 0.485190 0.841575
1783055844.800023 39.081783 12.570847 0.216900 -0.062414 0.233696 0.482151 0.842034
1783055844.900343 39.096088 12.524342 0.221034 -0.061296 0.232721 0.479649 0.843813
1783055845.000183 39.108112 12.473937 0.223661 -0.056652 0.228298 0.479575 0.845387
1783055845.100036 39.117466 12.424070 0.222358 -0.054943 0.226615 0.478350 0.846646
1783055845.200356 39.126713 12.373461 0.215729 -0.056670 0.226802 0.475752 0.847944
1783055845.300196 39.135651 12.324655 0.210770 -0.060784 0.230394 0.474097 0.847618
1783055845.400036 39.142841 12.274726 0.205389 -0.063273 0.237478 0.474988 0.844978
1783055845.500356 39.152115 12.227199 0.206223 -0.068800 0.247047 0.473114 0.842851
1783055845.600196 39.158512 12.178115 0.203824 -0.068101 0.249646 0.475635 0.840720
1783055845.700036 39.167500 12.129872 0.201987 -0.064590 0.251171 0.483255 0.836185
1783055845.800356 39.172981 12.078323 0.200892 -0.059773 0.243254 0.493273 0.833028
1783055845.900196 39.181316 12.027550 0.198218 -0.060582 0.238501 0.503032 0.828496
1783055846.000036 39.189270 11.977329 0.193956 -0.061666 0.237657 0.506281 0.826678
1783055846.100370 39.196873 11.927608 0.190446 -0.065724 0.240547 0.508512 0.824156
1783055846.200210 39.203285 11.878631 0.189284 -0.064859 0.242859 0.506753 0.824630
1783055846.300050 39.209049 11.832115 0.189996 -0.066430 0.242797 0.503114 0.826749
1783055846.400370 39.214485 11.792206 0.188254 -0.066103 0.242971 0.499254 0.829061
