                   0  0 -0  0 0 0 0 0 0 0 0 0 0 0 0 0 1 0 0
                   0  0 -0  0 0 0 0 0 0 0 0 0 0 0 0 0 1 0 0
                   0  0 -0  0 0 0 0 0 0 0 0 0 0 0 0 0 1 0 0
                   0  0 -0  0 0 0 0 0 0 0 0 0 0 0 0 0 1 0 0
                   0  0 -0  0 0 0 0 0 0 0 0 0 0 0 0 0 1 0 0
            0.330471  0 -0  0 0 0 0 0 0 0 0 0 0 0 0 0 1 0 0
            0.430312 0.00452653  0.0160677 0.00409081 -3.9219e-05 0.000290856 3.74467e-05 -0.0021672 0.00833691 0.00173007 0 0 0 0 0 0 1 0 0
            0.430312 -0.0323349  0.0267658 0.00436004  0.00170599 0.000277062  0.00134484 -0.00181307  0.00896331  0.00184631  6.44641e-08 -1.30178e-08  -5.4771e-10 -8.15059e-09  2.02286e-10 -6.14039e-09 1 0 0
            0.530146  -0.033848  0.0336543 0.00394554  0.00164881 0.000768638  0.00147452 -0.000685434   0.00930982   0.00212818  6.44641e-08 -1.30178e-08  -5.4771e-10 -8.15059e-09  2.02286e-10 -6.14039e-09 1 0 0
            0.530146  -0.15096 0.0361627 0.0120011 0.000598789 -0.00229077 -0.00058044  -0.0122317 -0.00386508 -0.00840637  7.33666e-05 -1.66822e-05  2.15715e-06 1.66178e-06 2.28666e-06 1.53951e-06 1 0 0
            0.629995 -0.0299222 0.00349097  0.0109402  0.00159485 0.000458393  0.00125463 0.000197237  0.00843564 0.000933316 -5.25225e-06  1.10295e-06  2.53701e-06 -1.40533e-08   4.6701e-07  1.79104e-07 1 0 0
            0.629995   -0.108569   0.0166521 -0.00298796  0.00164249 -0.00180256 9.16706e-05 0.00110574 -0.0135432 -0.0106222 9.63711e-05 7.41232e-07  -8.313e-07 1.41619e-06 9.04934e-06 4.51037e-06 1 0 0
            0.729851 -0.0306126   0.011394 0.00367931  0.00223519 0.000915355   0.0021694 0.00131231  0.0124529 0.00526564 -1.14961e-05 -2.44172e-05  1.28222e-05 -2.31676e-06  3.54865e-07 -1.52377e-06 1 0 0
            0.729851  -0.132841  0.0408542 -6.355e-05   0.0012846 0.000461015  0.00186656 -0.00476808   0.0102291  0.00316154  0.000109094 -5.64236e-05  1.18718e-05 3.92934e-05 1.47656e-05 1.79935e-05 1 0 0
            0.830496 -0.0356083  0.0244374 0.00514086  0.00251978 0.000773672   0.0020065 0.00247292  0.0115861 0.00370886  -1.3957e-05 -2.65352e-05  1.03917e-05 -2.43552e-05  6.15829e-05  2.92254e-05 1 0 0
            0.830496  -0.104592  0.0393367 -0.0044619  0.00176556 0.000445443    0.001605 -0.00178216   0.0103694  0.00105599 6.57349e-05 -4.1452e-05 1.86222e-05 6.20226e-05 8.60188e-05 0.000103971 1 0 0
             0.93035 -0.0199664  0.0115732 0.00521933 0.00208984 0.00096009 0.00164461 0.00235734  0.0112028 0.00136269 -3.12309e-05 -2.52815e-05  1.25518e-05  1.7538e-05 0.000106014 0.000111864 1 0 0
             0.93035   -0.105644   0.0327781 -0.00972986  0.00162629 0.000550948  0.00147821 7.97863e-05   0.0091049 0.000311049  6.74232e-05 -4.90266e-05  2.88383e-05 8.92189e-05  0.00020377 0.000149441 1 0 0
             1.03017 -0.0269222 0.00904306 0.00478961 0.00228932 0.00092791 0.00189172 0.00315655 0.00995206 0.00298242 -3.55277e-05 -3.83193e-05  1.60128e-05 -2.57467e-05  0.000284308  0.000105094 1 0 0
             1.03017  -0.0997505   0.0142028 -0.00528984  0.00174029 0.000669988  0.00163292 7.30199e-06  0.00906433  0.00121485  4.86359e-05 -4.38215e-05  2.73815e-05 9.50135e-05 0.000340008 0.000177093 1 0 0
             1.13001 -0.0181305  0.0171765   0.003862  0.00258487 0.000921199  0.00214458 0.00297219 0.00802413 0.00372409 -4.61975e-05 -4.54925e-05  1.96086e-05 -3.89722e-05  0.000433417  0.000115677 1 0 0
             1.13001  -0.112988  0.0319925 -0.0058167  0.00201736 0.000781754  0.00183023 -0.000434564   0.00819219   0.00153518  6.31723e-05 -6.16621e-05  3.08435e-05 0.000100071 0.000458834 0.000204782 1 0 0
             1.22984 -0.0289401  0.0232269 0.00495178 0.00245087 0.00083761 0.00197023 0.00253675 0.00571742 0.00169854 -4.89133e-05 -4.83709e-05  2.21082e-05 3.21397e-05 0.000577601 0.000209091 1 0 0
             1.22984  -0.0949539   0.0479708 -0.00486991   0.0019478 0.000482649  0.00179478 -0.000228279   0.00390933  0.000554417  2.66701e-05 -7.61659e-05  3.35809e-05 0.000149459  0.00066855 0.000255346 1 0 0
             1.33048 -0.0248146  0.0149992 0.00111523  0.00183984 0.000922727  0.00132413 -0.000354341   0.00524086  -0.00140945 -6.47431e-05 -5.11927e-05  2.71878e-05 0.000142726 0.000672641 0.000342586 1 0 0
             1.33048 -0.0930146  0.0249903 -0.0107023   0.0011834 0.000508205  0.00107518 -0.00413053  0.00321506 -0.00308572  1.25104e-05 -6.17916e-05  4.08207e-05 0.000291662 0.000770981 0.000409304 1 0 0
             1.43032 -0.0202383  0.0192737 0.00338246   0.0018245 0.000423928  0.00167096 -0.000481291   0.00269798   0.00142161 -7.63973e-05    -5.96e-05  2.52657e-05 0.000115539 0.000867216 0.000256919 1 0 0
             1.43032 -0.0934052  0.0350091 -0.0061796  0.0015348 0.00033106 0.00167736 -0.00214546  0.00275475  0.00149241   7.4237e-06 -7.71773e-05  3.62591e-05 0.000183292 0.000887179 0.000254025 1 0 0
             1.53016 -0.0223217  0.0181756 0.00588796  0.00186281 0.000371992  0.00190288 -0.000367719   0.00229436   0.00201065 -8.17744e-05  -5.9532e-05  2.51589e-05 0.000100375  0.00094983 0.000238586 1 0 0
             1.53016  -0.0980411   0.0376054 -0.00555475  0.00137667 0.000201663    0.001817 -0.00324088  0.00199415  0.00143648  4.83918e-06 -8.09402e-05  3.82853e-05 0.000213776 0.000983437 0.000260908 1 0 0
                1.63 -0.0390593  0.0190655 0.00559497  0.00184267 0.000543543  0.00170579 0.000689589  0.00368818  0.00147181 -8.75255e-05 -6.42812e-05  2.85225e-05 0.000107697  0.00100105 0.000311331 1 0 0
                1.63   -0.102847   0.0412778 -0.00848595  0.00174312 0.000490916  0.00162384 0.000247265  0.00378169 0.000872392 -1.45059e-05 -8.95563e-05   4.4625e-05 0.000130813  0.00101652 0.000334493 1 0 0
             1.72985 -0.0230269  0.0171666 0.00403821  0.00211646 0.000735097  0.00176344 0.00188865 0.00402529 0.00107375 -0.000112693  -7.0462e-05  3.19573e-05  6.7286e-05  0.00107353 0.000324615 1 0 0
             1.72985   -0.100894   0.0317598 -0.00801006  0.00171645 0.000688959   0.0016306 -0.0005545 0.00458425 0.00015957 -2.35403e-05 -8.65987e-05  4.57446e-05 0.000162626  0.00107569  0.00036001 1 0 0
             1.83047  -0.0328853    0.019109 0.000587118  0.00225233 0.000753804  0.00204028 0.00132338 0.00373022 0.00258675 -0.000115469 -7.67883e-05  3.40021e-05 6.44024e-05  0.00117134 0.000302153 1 0 0
             1.83047  -0.0951438   0.0274862 -0.00654801  0.00161145 0.000474454  0.00174252 -0.00250331  0.00267843 0.000510321 -4.36586e-05  -8.6056e-05  4.24997e-05  0.00020925  0.00122904 0.000382894 1 0 0
             1.93031 -0.0254417  0.0219868 0.00179173  0.00180776 0.000672556  0.00171079 -0.000715416   0.00450691   0.00105675   -0.0001297 -7.93836e-05  3.27785e-05  0.00014416  0.00126727 0.000402336 1 0 0
             1.93031 -0.0944806  0.0374783 -0.0026677  0.00122253 0.000369307  0.00143662 -0.00407671  0.00323251 -0.00079142 -5.60558e-05 -9.48593e-05  3.74871e-05 0.000275047  0.00133335 0.000475492 1 0 0
             2.03016 -0.0269285  0.0266778  0.0014853    0.001689 0.000560935  0.00164695 0.00063821 0.00477685 0.00073257 -0.000136949 -8.07269e-05  3.17079e-05 0.000147086  0.00139237 0.000432178 1 0 0
             2.03016  -0.0945367   0.0345748 -0.00921217  0.00163136 0.000692685  0.00145152  0.000188693   0.00629955 -0.000764705 -6.46291e-05 -8.85273e-05  4.27472e-05 0.000164792  0.00135653 0.000487545 1 0 0
                2.13 -0.0206251  0.0168913 0.00104796  0.00193788 0.000840234  0.00148267  0.00203993  0.00668317 0.000422516 -0.000146221 -7.98112e-05  3.12536e-05 0.000106121   0.0014549 0.000472782 1 0 0
                2.13  -0.102387   0.033776 -0.0096919   0.0018638 0.000842839  0.00132681   0.00167699   0.00726512 -0.000752194 -6.01572e-05 -9.70428e-05  4.24962e-05 0.000122949  0.00145594 0.000514403 1 0 0
             2.22984  -0.0361809   0.0173058 0.000853916  0.00207245 0.000766456  0.00170877 0.00221299 0.00592251 0.00143625 -0.000151582 -8.67272e-05   3.0399e-05 9.63348e-05  0.00158957 0.000452031 1 0 0
             2.22984  -0.103876  0.0324339 -0.0112865  0.00145948 0.000531393  0.00141517  -0.00156941    0.0051433 -0.000622044 -8.16977e-05 -9.78044e-05  4.31776e-05 0.000228334  0.00163288 0.000524897 1 0 0
             2.33047   -0.03103  0.0212067 0.00686198  0.00200645 0.000859745   0.0020961 0.000748689  0.00604395  0.00310068 -0.000170722 -9.14627e-05   2.9467e-05 0.000127401  0.00168283 0.000419471 1 0 0
             2.33047  -0.0826202   0.0308168 -0.00922765  0.00170214 0.000614717  0.00165573 -0.000881178   0.00481932 -8.59669e-05 -0.000113123 -0.000100673  4.79532e-05 0.000184832  0.00173824 0.000532664 1 0 0
              2.4303  -0.0266396   0.0230797 -0.00282152   0.0020453 0.000735522  0.00183463  0.00188123  0.00409753 0.000495791 -0.000184992 -9.60571e-05  3.54801e-05 0.000120617   0.0017989 0.000509041 1 0 0
              2.4303   -0.102979   0.0365898 -0.00819784  0.00185377 0.000733688  0.00153545 0.000771752  0.00474141 -0.00167961 -0.000105994 -0.000109106  4.10358e-05 0.000162913  0.00179498  0.00058992 1 0 0
             2.53015  -0.0246973   0.0174351 -0.00496688  0.00206949 0.000786436  0.00162236  0.00149026   0.0040502 -0.00100912  -0.00019218 -9.52789e-05  3.18637e-05 0.000130222  0.00187066 0.000548752 1 0 0
             2.53015  -0.109423  0.0280643 -0.0127373  0.00157145 0.000535679   0.0013004 -0.00151963   0.0031163 -0.00335235 -0.000105432 -0.000103507  3.99173e-05 0.000237064  0.00192445 0.000633535 1 0 0
             2.62999 -0.0287056  0.0249982 0.00437783  0.00176296 0.000611964  0.00165018 -0.000163844   0.00367855 -0.000744142 -0.000198209 -9.90439e-05  2.55186e-05 0.000189393  0.00196442  0.00052657 1 0 0
             2.62999  -0.0980879   0.0384466 -0.00865201   0.0014838 0.000521532  0.00138011 -0.00181427  0.00368254 -0.00272576 -0.000126038 -0.000111227  3.91141e-05 0.000248863  0.00198171 0.000596662 1 0 0
             2.72983  -0.0198085   0.0233923 -4.9895e-05  0.00181025 0.000627106  0.00156274  0.000723057   0.00519205 -0.000398361 -0.000208892 -9.81558e-05  2.88815e-05 0.000184869  0.00202608 0.000533093 1 0 0
             2.72983  -0.0996139   0.0418438 -0.00754305  0.00123034 0.000549247  0.00144412 -0.00293721   0.0056665 -0.00127952 -0.000124925 -0.000113174  3.68062e-05 0.000313237  0.00203024 0.000563988 1 0 0
             2.83048 -0.0279025  0.0174186  0.0046689   0.0015518 0.000388958  0.00159288 3.06137e-05  0.00449576 0.000702268 -0.000212665 -9.87607e-05  2.66624e-05 0.000221672  0.00212977 0.000523546 1 0 0
             2.83048  -0.0915324     0.03689 -0.00541771  0.00127917 0.000179005  0.00138889   -0.0014408   0.00357737 -0.000785425 -0.000141223 -0.000119581   3.8127e-05 0.000276816  0.00217828 0.000575983 1 0 0
             2.93032 -0.0241073  0.0131648  0.0056635  0.00183909 0.000568867  0.00186017 0.000697627   0.0044259  0.00236375 -0.000222316   -0.0001078  2.96904e-05 0.000177114  0.00216507 0.000497826 1 0 0
             2.93032 -0.0896722   0.027101 -0.0087588  0.00129189 0.000246349  0.00151645 -0.00248167  0.00288928 1.56616e-05 -0.000156133 -0.000119671  4.44751e-05 0.000291599  0.00223514 0.000584453 1 0 0
             3.03017  -0.0278943   0.0201731 -0.00157756  0.00195002 0.000500186  0.00218556 0.000417024  0.00387549  0.00331773 -0.000226899 -0.000118258  3.31742e-05 0.000163457  0.00224516 0.000490215 1 0 0
             3.03017 -0.0963998  0.0286193 -0.0117243  0.00198322 0.000407141  0.00183204 0.000891695  0.00354735  0.00062901 -0.000156519 -0.000127565  4.37378e-05 0.000149168  0.00227353 0.000586767 1 0 0
             3.13002  -0.0183926   0.0199182 -0.00138852  0.00207143 0.000692314  0.00185847 0.00115989 0.00449263 0.00130194 -0.000235683  -0.00012324  3.05133e-05 0.000151323  0.00227488 0.000593375 1 0 0
             3.13002  -0.100588    0.04158 -0.0112707  0.00175414 0.000501202  0.00162109 -0.000608207   0.00383909 -0.000434197 -0.000151387 -0.000143766  4.07709e-05 0.000216669  0.00231749  0.00065431 1 0 0
             3.22987  -0.0235654   0.0200234 0.000997321  0.00176445 0.000795514    0.001676 -0.000192948   0.00462702 -0.000532392 -0.000236253 -0.000128379  2.85588e-05 0.000195819  0.00232934 0.000629579 1 0 0
             3.22987 -0.0834184  0.0339423 -0.0140072  0.00156205 0.000636326    0.001547 -0.00127491  0.00395475 -0.00147584 -0.000174914 -0.000141587  4.42424e-05 0.000235672  0.00236668 0.000662488 1 0 0
              3.3305 -0.0305552  0.0221841 0.00323722  0.00196187 0.000729206  0.00193267  0.00102349  0.00376885 0.000753809  -0.00024398 -0.000135034   2.9046e-05 0.000151832  0.00243014 0.000584197 1 0 0
              3.3305  -0.0791416   0.0369171 -0.00738195  0.00154457 0.000462515  0.00179022  -0.00138488   0.00246896 -0.000204586 -0.000190281 -0.000149187  4.12078e-05 0.000236783  0.00248698 0.000617796 1 0 0
             3.43034 -0.0207206  0.0165804 0.00432933   0.0018372 0.000432579  0.00155126 -0.000101568   0.00188146 -0.000963298 -0.000260915 -0.000134461  3.04382e-05  0.00016631  0.00254557 0.000653431 1 0 0
             3.43034  -0.0924311   0.0303477 -0.00729827  0.00134019 0.000181948  0.00140554 -0.00307045 0.000875253  -0.0019371 -0.000188261 -0.000146458  4.23356e-05 0.000273344  0.00259849 0.000689044 1 0 0
              3.5302 -0.0235714  0.0171893 0.00274935  0.00172133 0.000702154  0.00181745 -0.000688864   0.00375709   0.00101766  -0.00025938 -0.000141473  3.32858e-05 0.000180633   0.0025654 0.000604108 1 0 0
              3.5302 -0.0980194  0.0298427 -0.0121167  0.00165803 0.000616103  0.00167879 -0.000908981   0.00356887 -3.50683e-05 -0.000183204 -0.000154319  4.86151e-05 0.000191465  0.00259059 0.000641578 1 0 0
             3.63005  -0.0350663   0.0229006 0.000297669  0.00202261 0.000940221   0.0022194 0.00133902 0.00387631 0.00261414  -0.00026265 -0.000152009  3.62863e-05 0.000133408  0.00262047 0.000563982 1 0 0
             3.63005   -0.103584   0.0373328 -0.00823227   0.0017666 0.000716493  0.00167517 -6.52876e-05   0.00303883 -0.000724897 -0.000192728  -0.00016556  4.51333e-05 0.000183394  0.00266513 0.000681309 1 0 0
              3.7299  -0.0237155   0.0164856 -0.00205825 0.00222926 0.00070498 0.00214542 0.00227013 0.00247318 0.00141532 -0.000277328 -0.000157106  3.55879e-05 0.000114832  0.00272753 0.000612028 1 0 0
              3.7299 -0.0962579  0.0322092  -0.011582  0.00190377 0.000609243  0.00183595  0.000313069   0.00254451 -0.000863693 -0.00019564 -0.00017273 4.63798e-05 0.000184898   0.0027436 0.000692467 1 0 0
             3.83014 -0.0379628    0.02162 0.00168237 0.00204968 0.00053339 0.00224869 0.000139983  0.00221023  0.00272478 -0.000280969 -0.000165606   3.0668e-05 0.000166615  0.00281399 0.000627987 1 0 0
             3.83014  -0.102243  0.0346453 -0.0113614  0.00192139 0.000567939  0.00210197 -0.00064693  0.00300466  0.00161496 -0.000211722 -0.000178626  4.45993e-05 0.000197478  0.00280301 0.000668288 1 0 0
             3.92998 -0.0234498  0.0208108  0.0083759   0.0021491 0.000799383  0.00222024 0.000959958  0.00438854  0.00270753 -0.000295339 -0.000170588  3.10325e-05 0.000156739  0.00283538 0.000681423 1 0 0
             3.92998   -0.104412   0.0350176 -0.00578678  0.00179102 0.000548777  0.00207168 -0.00110929  0.00332842  0.00165312 -0.000209884  -0.00018378   4.6418e-05 0.000232399  0.00289346 0.000719501 1 0 0
             4.02982 -0.0364582  0.0238025 0.00148412  0.00201876 0.000821737   0.0022316 6.58076e-06  0.00503864  0.00270549 -0.000296212 -0.000176899  3.94975e-05 0.000174749  0.00291564 0.000725201 1 0 0
             4.02982   -0.095147   0.0376557 -0.00753012  0.00154891 0.000754112  0.00194596 -0.00303387  0.00538018 0.000634281 -0.000233229 -0.000188817  4.91447e-05 0.000283559   0.0029191 0.000799776 1 0 0
             4.13046 -0.0243981  0.0206336 0.00430144  0.00192722 0.000837899  0.00206985 -0.000334341   0.00586377   0.00197501 -0.000312099  -0.00017724   3.9684e-05 0.000170191  0.00301677 0.000803272 1 0 0
             4.13046  -0.0924346   0.0400944 -0.00732307  0.00181808 0.000739042  0.00197628 -0.00081727  0.00561286  0.00128567 -0.000240755 -0.000197248  5.19722e-05 0.000192006  0.00304321 0.000827873 1 0 0
              4.2303 -0.0281157  0.0139441 0.00375339  0.00198729 0.000867356  0.00218742 -0.000192342   0.00590514   0.00218049 -0.000316809 -0.000179616  4.35085e-05 0.000149002  0.00312308  0.00082201 1 0 0
              4.2303   -0.100062   0.0298469 -0.00133318  0.00130786 0.000472179  0.00198932 -0.00425064  0.00402082 0.000759493 -0.000242965 -0.000192348  4.88771e-05 0.000292358   0.0032061 0.000872625 1 0 0
             4.33014  -0.0313452   0.0183359 0.000916843  0.00198553 0.000708709  0.00211718 0.000781016  0.00544333  0.00166148 -0.000325618 -0.000189224  4.58922e-05 0.000142404  0.00325634  0.00087058 1 0 0
             4.33014  -0.0966039   0.0360165 -0.00863362  0.00166707 0.000471144  0.00190862 -0.000959897    0.0043459  0.000139904 -0.000257742 -0.000206198  5.60389e-05 0.000206345  0.00331048 0.000924481 1 0 0
                4.43 -0.0236661  0.0181703 0.00301734  0.00216536 0.000751436  0.00216831 0.00210704 0.00517351 0.00283401 -0.000336607 -0.000196489  4.47825e-05 0.000119518  0.00334562  0.00089684 1 0 0
                4.43  -0.113265  0.0297969 -0.0086368  0.00172697 0.000409924  0.00195363 -0.000428029   0.00353291   0.00128518 -0.000243224 -0.000206389  5.72204e-05 0.000209009   0.0034247 0.000951781 1 0 0
             4.52984  -0.033639  0.0242845 0.00546359  0.00193488 0.000707479   0.0023503 0.000854991  0.00469236  0.00296446 -0.000338621 -0.000199987  4.58015e-05 0.000169298  0.00344321 0.000912176 1 0 0
             4.52984  -0.0985166   0.0379328 -0.00987328  0.00164566 0.000468482  0.00214323 -0.000722859    0.0035663   0.00148741  -0.00027041 -0.000213612  6.22471e-05 0.000226857  0.00349845 0.000964773 1 0 0
             4.63048 -0.0263789  0.0178056 0.00265535  0.00203651 0.000705961  0.00208976 0.000262864  0.00434917  0.00119175 -0.000352376 -0.000198285  5.00964e-05 0.000162951  0.00352194 0.000996435 1 0 0
             4.63048  -0.0922832   0.0360429 -0.00809381  0.00167162 0.000426627  0.00188224  -0.00171267   0.00302844 -0.000315306  -0.00028448 -0.000215598  6.14158e-05 0.00023546  0.0035842 0.00105036 1 0 0
             4.73033 -0.028556 0.0307614 0.0105213  0.00211953 0.000617144  0.00194415    0.0013411    0.0037488 -4.79929e-05 -0.000358549 -0.000203916  5.08793e-05 0.000161886  0.00360699  0.00103523 1 0 0
             4.73033   -0.0833024    0.0486469 -0.000911717  0.00167823 0.000506226  0.00184022  -0.00139873   0.00371214 -0.000764618 -0.000301176 -0.000219986  6.28836e-05 0.000260035  0.00362235  0.00106055 1 0 0
             4.83019 -0.0250319  0.0184728 0.00395428  0.00186183 0.000715019  0.00190319 0.000304701  0.00377435 1.88864e-05 -0.000365758 -0.000198462  6.02934e-05 0.000210102  0.00364961  0.00103898 1 0 0
             4.83019   -0.101012   0.0348238 -0.00887712  0.00157845 0.000485384  0.00162907 -0.00124292  0.00272549 -0.00203259  -0.00028635 -0.000214326  7.39105e-05 0.000266891  0.00370475  0.00111137 1 0 0
             4.93003  -0.032136  0.0237375 0.00155506  0.00197265 0.000743042  0.00208317   0.0001171   0.0018043 0.000807131 -0.000367719 -0.000207688  6.38944e-05 0.000190129  0.00371136  0.00101789 1 0 0
             4.93003   -0.110801   0.0398579 -0.00759976  0.00141873 0.000492649  0.00193776   -0.0033038  0.000926783 -0.000202863 -0.000285491 -0.000221477  7.36056e-05 0.000310673  0.00376127  0.00105358 1 0 0
             5.02988   -0.04414  0.0296458 0.00771436  0.00219959 0.000456806  0.00220109  0.00169596 9.16073e-06 0.000894819  -0.00037731 -0.000210944  6.24426e-05 0.00016883  0.0038113 0.00101004 1 0 0
             5.02988   -0.115593   0.0520319 -0.00866869  0.00169664 0.000442635  0.00207332 -0.00151993 0.000828749 4.31462e-05 -0.000300861 -0.000231768  7.98493e-05 0.000284426  0.00380154  0.00104015 1 0 0
             5.13051  -0.0605071   0.0342305 0.000635713 0.00183023 0.00103135 0.00243481 -3.71873e-05   0.00544392   0.00297119 -0.000380409 -0.000211901  7.07657e-05 0.000258164  0.00375852 0.000994182 1 0 0
             5.13051  -0.119909  0.0473226 -0.0114654  0.00155086 0.000783117  0.00211414 -0.00154418  0.00422206 0.000621987 -0.000319471 -0.000224248  8.34527e-05 0.000312859  0.00381538  0.00107791 1 0 0
             5.23036   -0.0588326    0.0244488 -0.000343853 0.00192488 0.00113907 0.00269846 0.00124316 0.00572833 0.00357846 -0.000393132 -0.000216808  7.20254e-05 0.000231257  0.00383204  0.00100191 1 0 0
             5.23036   -0.107734   0.0450821 -0.00934575  0.00152359 0.000838347  0.00243971 -0.00103712  0.00413966  0.00167434  -0.00034313 -0.000236433  8.12849e-05 0.000314084  0.00389839  0.00106916 1 0 0
             5.33019 -0.0446424  0.0235591 0.00361001  0.00232899 0.000724648  0.00208386   0.00250783   0.00471621 -0.000870305 -0.000411643 -0.000222834  6.93506e-05 0.000172625  0.00398023  0.00115208 1 0 0
             5.33019   -0.111516   0.0349326 -0.00556004  0.00197561 0.000552256  0.00164875 0.000432098  0.00418311 -0.00410479 -0.000341953 -0.000232855  7.90271e-05 0.000245559  0.00401501  0.00126576 1 0 0
             5.43002 -0.0472056  0.0272965 0.00960772  0.00267464 0.000665892  0.00177171  0.00274997  0.00308865 -0.00202318 -0.000414538 -0.000220366  6.98354e-05 0.000170826  0.00403935  0.00119072 1 0 0
             5.43002   -0.110682   0.0443525 -0.00369002  0.00223728 0.000430761  0.00169116 8.16628e-05  0.00207246  -0.0025447  -0.00034863 -0.000235866  8.38917e-05 0.000265743  0.00409002  0.00120901 1 0 0
             5.52987   -0.0497977    0.0301097 -0.000559436  0.00225523 0.000911442  0.00242746 0.00265934 0.00539474 0.00225591 -0.000415872 -0.000225654  7.84088e-05 0.000283152  0.00404383  0.00106594 1 0 0
             5.52987  -0.117276  0.0470641 -0.0117545  0.00202803 0.000822517  0.00221871  0.00138102  0.00539758 0.000724407 -0.000333695 -0.000245584  9.21114e-05 0.000331876  0.00406317  0.00112042 1 0 0
             5.63013  -0.0510702    0.028017 -0.00255839 0.00261999  0.0014546  0.0025969 0.00344058 0.00668581 0.00280088   -0.0004179 -0.000232443  8.12522e-05 0.000239831  0.00404508  0.00108491 1 0 0
             5.63013  -0.120854  0.0341574 -0.0123342   0.0017912 0.000990582  0.00225727 -0.00139915  0.00451648 0.000389071 -0.000337534 -0.000238039  9.26677e-05 0.000421063  0.00414329  0.00118076 1 0 0
             5.72998 -0.0549185  0.0332717 0.00492784 0.00222018 0.00041544 0.00200496 -0.00013788  0.00152103 -0.00116666 -0.000429838 -0.000225793   7.3792e-05 0.000313269   0.0043223  0.00121629 1 0 0
             5.72998   -0.111351   0.0409788 -0.00272179  0.00196839 0.000399037  0.00187425 -0.00172761  0.00202307  -0.0021572 -0.000368144 -0.000233477  8.19229e-05 0.000374691   0.0043199  0.00125441 1 0 0
             5.82982  -0.051981  0.0444625 0.00411911 0.00216067 0.00102775 0.00221971 0.000766477  0.00565592  0.00101037 -0.000439736  -0.00022656  7.76828e-05 0.000336851  0.00426564  0.00117098 1 0 0
             5.82982  -0.120766  0.0573737 -0.0075077 0.00173093 0.00081286  0.0020066  -0.00183226   0.00486058 -0.000513762 -0.000365448 -0.000239047  9.03925e-05 0.000434339  0.00431399  0.00122735 1 0 0
             5.93046  -0.0575269   0.0424415 -0.00280817  0.0017199 0.00110427 0.00279964 -0.000373166   0.00521379   0.00235607 -0.000446879 -0.000229073  8.25572e-05 0.000397953  0.00434733  0.00108964 1 0 0
             5.93046   -0.12006  0.0532828 -0.0104929 0.00145798 0.00075058  0.0024636 -0.00166666  0.00320467 -7.1344e-05  -0.00038155 -0.000239842  9.07649e-05 0.000446876  0.00443454  0.00117765 1 0 0
              6.0303 -0.0491642  0.0280585 0.00720467  0.00177107 0.000853915  0.00247332 -0.000909453   0.00219611 -0.000487889 -0.000463709 -0.000226977  7.90885e-05 0.00036155 0.00447505 0.00117471 1 0 0
              6.0303    -0.11671    0.049163 -0.00640507   0.0013428 0.000739451  0.00218462 -0.00346651  0.00220759 -0.00259814 -0.000391635 -0.000247818  9.36319e-05 0.000455829  0.00449266  0.00125023 1 0 0
             6.13014  -0.0498618   0.0271549 -0.00318386  0.00171275 0.000908617  0.00203468 -0.00213983  0.00210433 -0.00167403 -0.000472476  -0.00023014  8.70494e-05 0.000359643  0.00451901   0.0012459 1 0 0
             6.13014   -0.108518   0.0434635 -0.00998208 0.00149151 0.00076408 0.00169659 -0.00336064  0.00161771 -0.00417336 -0.000410061   -0.0002468  9.43413e-05 0.000405837  0.00455107   0.0013352 1 0 0
             6.22999  -0.0431142   0.0250124 -0.00380929  0.00210024 0.000791559  0.00173826 -0.00128442  0.00129133 -0.00231141 -0.000486489 -0.000231682  8.31313e-05 0.00028661 0.00460322 0.00127307 1 0 0
             6.22999   -0.10451  0.0445625 -0.0135224  0.00168185 0.000537737  0.00175241 -0.00375602 0.000138568 -0.00211792 -0.000421338 -0.000251078   9.3533e-05 0.000377249  0.00465938  0.00126605 1 0 0
             6.32982 -0.0477338  0.0265734 0.00348249  0.00217462 0.000241262  0.00187469 -0.000335438  -0.00175017  -0.00159726 -0.000494638 -0.000229881  7.95824e-05 0.000284027  0.00474453  0.00121932 1 0 0
             6.32982  -0.114514   0.045705 -0.0119834 0.00202017 0.00010785 0.00157182 -0.00107897 -0.00218698 -0.00380608  -0.00042287 -0.000250164  9.63301e-05 0.000314645  0.00477736  0.00129873 1 0 0
             6.43045 -0.0485977  0.0161761 0.00401856  0.00175074 0.000873842  0.00205847 -0.000383924   0.00297179 -0.000498075  -0.00049949 -0.000235203  8.43368e-05 0.000360089  0.00467276  0.00117744 1 0 0
             6.43045   -0.113926   0.0337701 -0.00875861  0.00154094 0.000908519  0.00190768 -0.00167539  0.00385797 -0.00161866 -0.000429657 -0.000253136  9.79159e-05 0.000409707   0.0046593  0.00121771 1 0 0
             6.53029   -0.042237 -0.00426711 -0.00585262  0.00204531 0.000850858  0.00174682 -0.000304547  0.000601766  -0.00124214 -0.000513561 -0.000244737  8.97244e-05 0.000280486  0.00476285   0.0012377 1 0 0
             6.53029  -0.116349 0.00604608 -0.0136275  0.00171977 0.000618598  0.00153605  -0.00214322 -0.000435313  -0.00278611 -0.000435442 -0.000254594  9.80626e-05 0.000346762  0.00481828  0.00129302 1 0 0
             6.63013 -0.0460892  0.0191868 0.00578995  0.00195155 0.000878418  0.00181315   0.00119286   0.00355633 -0.000575803 -0.000516824 -0.000249686  8.67126e-05 0.000321465  0.00481721  0.00120728 1 0 0
             6.63013   -0.124515   0.0355583 -0.00574918  0.00168295 0.000558884  0.00147675 -0.000163584   0.00208246  -0.00278699 -0.000434155 -0.000266332  9.90671e-05 0.000372203   0.0048884  0.00128607 1 0 0
             6.72997 -0.0646042  0.0164442 0.00870021   0.0022696 0.000863864  0.00217343  0.00535573 -0.00135316 0.000605686 -0.000521893 -0.000263811  8.96546e-05 0.000264627  0.00488772  0.00115414 1 0 0
             6.72997   -0.115561   0.0258438 -0.00253489  0.00170117 0.000554567  0.00198653   0.00190326  -0.00280896 -0.000621107 -0.000468223 -0.000271757  0.000101651 0.000386174  0.00495123  0.00119808 1 0 0
             6.82983  -0.0523806   0.0317807 -0.00387606  0.00236438 0.000254502  0.00279735  0.00296814 -0.00904143  0.00284168 -0.000545655 -0.000274863  8.97657e-05 0.000260434  0.00503882  0.00107721 1 0 0
             6.82983  -0.117707   0.037619 -0.0128148   0.00170954 -3.56183e-05   0.00258409 -0.00112455  -0.0101761  0.00135002 -0.000476007 -0.000278887  9.94039e-05 0.000403565  0.00509533  0.00113102 1 0 0
             6.93046 -0.059246  0.109729 0.0126146 0.00253712 0.00111259 0.00260741  0.00467991 -0.00184473  0.00182468 -0.000552019 -0.000274649  8.02838e-05 0.000324855  0.00491452  0.00115002 1 0 0
             6.93046   -0.133454    0.128718 -0.00382635 0.00218413 0.00107363 0.00232122  0.00255851 -0.00135591 -0.00020555 -0.000473222  -0.00029361  9.76555e-05 0.000403322  0.00491715  0.00122314 1 0 0
             7.03032 -0.0639443 0.00768163 0.00137653  0.00219998 0.000241579  0.00218189   0.0179324 -0.00557128 -0.00265103 -0.000561319 -0.000274993  8.48377e-05 0.000308757  0.00513263  0.00125542 1 0 0
             7.03032  -0.152905 0.00780029 -0.0126803  0.00198735 0.000284352  0.00175881   0.0165125 -0.00446611 -0.00567924 -0.000465864 -0.000274394  9.98073e-05 0.000357211  0.00511762  0.00136368 1 0 0
             7.13017  -0.134555  0.0159017 -0.0104108 -0.00079412 0.000763911  0.00110553 -0.0194744 0.00102022 0.00349201 -0.000503872 -0.000269788  9.12495e-05 0.00073269 0.00503066  0.0014184 1 0 0
             7.13017  -0.140037  0.0187399 -0.0157396 5.97244e-05  0.00094104  0.00103687 -0.0141932 0.00140344 0.00306052 -0.000498052 -0.000276139  9.69452e-05 0.00055148  0.0050188 0.00143344 1 0 0
                7.23 0.0850689 0.0788328  0.495666 -0.00243446 -0.00173301  0.00367402 -0.0412383 -0.0356044  0.0201098 -0.000580508 -0.000296579  5.25687e-05 0.000549065  0.00516854  0.00105063 1 0 0
                7.23 0.0101452 0.0855026  0.492017 -0.00219144 -0.00167023  0.00336761 -0.0396563 -0.0348995  0.0178718 -0.000500331 -0.000304383  5.65644e-05 0.000495754   0.0051645  0.00113069 1 0 0
             7.32984    1.16706 -0.0936365      0.611  -0.0025473 -0.00786749  0.00713042 -0.00463035  -0.0757599   0.0717182  -0.00061415 -0.000279123  8.59844e-05 0.00014446 0.00519758 0.00121106 1 0 0
             7.32984    1.14872 -0.0728468   0.605915 -0.00253629 -0.00823762  0.00670958 -0.00407736  -0.0781922    0.068979 -0.000593425  -0.00030409  9.25529e-05 0.000130947  0.00528763  0.00130942 1 0 0
             7.43046  2.08644  1.01166 0.761812 -0.000540032   -0.0154573    0.0160331   0.026345 -0.0903267   0.121983 -0.000634025 -0.000288172  8.56306e-05 0.000217989   0.0050662  0.00134502 1 0 0
             7.43046 2.02516  1.1117 0.72646 -0.000310912   -0.0156957    0.0160244  0.0285578 -0.0917802   0.122033 -0.000564964 -0.000401605  0.000128963 0.000165819  0.00513988  0.00134132 1 0 0
              7.5303  2.1883 2.17357 0.51466 0.0029471 -0.027635  0.030487 0.0250441 -0.140697  0.188975 -0.000575323  -0.00034991  0.000141152 7.4139e-05 0.00530443 0.00147301 1 0 0
              7.5303  2.15977  2.20108 0.490004 0.00202652 -0.0281699  0.0304846 0.0203838 -0.143425  0.189016 -0.000546977 -0.000376105  0.000168581 0.000253072  0.00541014  0.00147072 1 0 0
             7.63014  2.37026  2.25645 0.309739 0.000383505  -0.0455007   0.0502801 -0.0142202   -0.18985   0.258793 -0.000595776 -0.000324959  0.000146446 0.000446162  0.00546568  0.00196681 1 0 0
             7.63014  2.32394  2.19905 0.303208 -0.000121601   -0.0460105    0.0508415 -0.0169347  -0.192697   0.262233 -0.00054753 -0.00026141 0.000151289 0.000532293   0.0055761  0.00183671 1 0 0
             7.72999    2.4182   1.94833 -0.304821 -0.00229211  -0.0669755   0.0795672 -0.0173465  -0.237575   0.318355 -0.000575967 -0.000245131  0.000132345 0.000639479  0.00547597  0.00191697 1 0 0
             7.72999   2.40157   1.93439 -0.360579 -0.00240361  -0.0673199   0.0806378 -0.0176746  -0.239705   0.324991  -0.00056083 -0.000227471  0.000192049 0.000659879  0.00554566  0.00167251 1 0 0
             7.82983  2.36255  1.59875 -1.58344 -0.000311489    -0.092423     0.116231 0.0286671 -0.270482  0.362339 -0.000570967 -0.000234549  0.000193911 0.000405672  0.00553187  0.00149855 1 0 0
             7.82983  2.3365 1.59385 -1.6234 -0.000251199    -0.092726     0.117549 0.0292021 -0.271805  0.369902 -0.000545098 -0.000227633  0.000237233 0.000401144  0.00557292  0.00122252 1 0 0
             7.93046   2.3766  1.63865 -2.59048 0.00492546  -0.121865   0.152206 0.0440197 -0.314166  0.353761 -0.000562273 -0.000241152  0.000249698 0.000287816  0.00548091  0.00151847 1 0 0
             7.93046   2.3703   1.6517 -2.56014 0.00415441  -0.121856   0.152972 0.0402946 -0.313655  0.358196  -0.00055469 -0.000255343  0.000217837 0.000429884  0.00545966  0.00136502 1 0 0
             8.03029  2.33884  1.11311 -3.56492 0.0104979   -0.1542  0.184374  0.040475 -0.343017  0.337325   -0.0005215 -0.000252463  0.000202287 4.53045e-05  0.00541385   0.0018757 1 0 0
             8.03029  2.37134   1.0637 -3.59955 0.00906059  -0.154367   0.185746 0.0329139 -0.343106   0.34515 -0.000557103 -0.000195583  0.000236937 0.000308402  0.00540521  0.00160383 1 0 0
             8.13013  2.01764 0.723043 -4.71272 0.0116216 -0.197391  0.226049 0.0591982 -0.391857  0.347497 -0.000572248 -0.000255102  0.000198682 0.000465015  0.00621394 0.000699221 1 0 0
             8.13013  1.93087 0.714123 -4.73913 0.0104853 -0.196781  0.225177 0.0529872 -0.387999  0.342618 -0.000477687 -0.000243645  0.000227114 0.000679646  0.00612354 0.000887041 1 0 0
             8.22997  1.84392   1.0162 -5.85289 0.0162005 -0.237761  0.257677 0.0762949 -0.427651  0.308055 -0.000530567 -0.000302578  0.000153215 0.000794924  0.00610812 0.000856123 1 0 0
             8.22997  1.79825   1.0238 -5.91565 0.0155061 -0.237087  0.256608  0.072475 -0.424118  0.302326 -0.000481369 -0.000308143  0.000220801 0.000932205  0.00601714   0.0010705 1 0 0
             8.32982 1.69618  1.6585 -6.8824 0.0228975  -0.28659  0.281095 0.0888019 -0.480733   0.24444 -0.000548936 -0.000299056  0.000149764 0.000980558  0.00662447  0.00153214 1 0 0
             8.32982  1.66426  1.67599 -6.91563 0.0242321 -0.285157  0.280734 0.0951411  -0.47428  0.242577  -0.00051377 -0.000319041  0.000185873 0.000782821   0.0063911  0.00160505 1 0 0
             8.43046  2.19648  2.60431 -7.68376 0.0312822 -0.335844  0.301146 0.0711635 -0.524451  0.177683 -0.000543012  -0.00031678  0.000134409 0.00102209 0.00642261 0.00172306 1 0 0
             8.43046  2.22715  2.62015 -7.70235  0.032727 -0.333778  0.300476 0.0775445 -0.516066  0.174334  -0.00057443 -0.000334544    0.0001549 0.000832087  0.00610467  0.00185198 1 0 0
              8.5303  3.08732  3.95446 -8.25145 0.0392198 -0.387632  0.322507 0.0752395 -0.544266  0.149858 -0.000688365  -0.00035418  4.82897e-05 0.000997659  0.00621715 0.000986078 1 0 0
              8.5303  3.00974   3.9986 -8.34559  0.040811 -0.386421  0.320739 0.0825269  -0.53875  0.140969 -0.000609973 -0.000399068   0.00014983 0.000766589  0.00602691  0.00130648 1 0 0
             8.63014  3.80021  4.93934 -8.46299 0.0434619 -0.447343  0.331121  0.037619 -0.561973   0.10992 -0.000682239 -0.000348904   6.6251e-05  0.0010608 0.00676809 0.00159023 1 0 0
             8.63014  3.75444  4.93016 -8.47875 0.0455588 -0.444432  0.330193 0.0464948 -0.549722  0.105011 -0.000630765 -0.000340775  8.15923e-05 0.000803778  0.00632231   0.0017749 1 0 0
             8.72997  3.99411  5.64208 -8.20668 0.0489004 -0.500524  0.340459 0.0412307 -0.527626 0.0924594 -0.000664435 -0.000327521  1.91799e-05 0.000858331  0.00658223  0.00166757 1 0 0
             8.72997  3.93344  5.61556 -8.25179 0.0509335 -0.495921  0.339274 0.0490252 -0.509064 0.0867047 -0.000598098 -0.000297791   6.4314e-05 0.000670178  0.00593403  0.00189682 1 0 0
             8.82981  4.19467  6.38814 -7.68878 0.0572353 -0.542002  0.346556 0.0667956 -0.466801 0.0748747 -0.000632534  -0.00029387  7.97876e-05 0.000677044  0.00559587  0.00201513 1 0 0
             8.82981  4.20011  6.39589 -7.67283 0.0590459 -0.540349  0.347006  0.075197 -0.460668 0.0773159  -0.00063447 -0.000305339  6.30766e-05 0.000437706  0.00532507  0.00192059 1 0 0
             8.93047  4.29755  7.43947 -7.74752 0.0662382 -0.581937  0.352002 0.0766397 -0.374861 0.0803262  -0.00068934 -0.000274004  7.14608e-05 0.000489676  0.00534373  0.00234176 1 0 0
             8.93047 4.22485 7.47139 -7.8067 0.0675297 -0.580458  0.354111 0.0832745  -0.36864 0.0903061 -0.000617919 -0.000304517   0.00013576 0.000357541  0.00507831  0.00198055 1 0 0
             9.03032  4.31628  8.20041 -8.32488  0.073554 -0.616584  0.358609 0.0954976 -0.316318 0.0963354 -0.000722477 -0.000269248  5.67125e-05 0.000620665  0.00540077  0.00264959 1 0 0
             9.03032  4.20791  8.17273 -8.42174 0.0752689 -0.616754  0.361322  0.104272 -0.316762  0.108965 -0.000621258 -0.000235258  0.000156484 0.000382327  0.00534651  0.00215881 1 0 0
             9.13016  3.91403  8.57024 -9.18639 0.0845225 -0.644811  0.371606  0.121491 -0.261059  0.103637 -0.00074868 -0.00024208  0.00010875 0.000623389  0.00533771  0.00230785 1 0 0
             9.13016  3.76798  8.53525 -9.26067 0.0864436 -0.645121  0.374351  0.131229 -0.262123  0.116575 -0.000605402 -0.000203223  0.000184985 0.000358801  0.00530212  0.00179483 1 0 0
                9.23  3.81488  8.74113 -9.84946 0.0967844 -0.674248  0.379304  0.162824 -0.224801 0.0727488 -0.000760921 -0.000187303  8.50374e-05 0.000685129  0.00589847  0.00240458 1 0 0
                9.23   3.7001  8.74294 -9.91476   0.10028 -0.673132  0.383509  0.179691 -0.221372 0.0926161 -0.000641824 -0.000189272  0.000158873 0.000265696  0.00562881  0.00161828 1 0 0
             9.32985  3.31854  8.62714 -10.1079  0.118248 -0.695197  0.387922  0.202166 -0.166569 0.0644707 -0.000751991 -0.000171861  0.000101985 0.000269666  0.00603091  0.00210668 1 0 0
             9.32985  3.18636  8.61072 -10.1061  0.120089 -0.694669  0.392371  0.211816 -0.163959 0.0852221  -0.00060933 -0.000157262   0.00010021 9.67842e-05  0.00583713  0.00131544 1 0 0
             9.43049  2.68211  8.23695 -10.0835  0.143566 -0.708757  0.395319  0.276225 -0.122081 0.0264813 -0.000762335 -0.000137887  7.36275e-05 0.000210518  0.00589657  0.00174758 1 0 0
             9.43049  2.50346  8.25233 -10.0682  0.144599 -0.709124  0.399601  0.282989 -0.121944 0.0461402 -0.000570475 -0.000155817  5.91967e-05 0.000124966   0.0058254  0.00100053 1 0 0
             9.53035  2.23491  8.29902 -9.74645  0.172056 -0.723742   0.40298  0.311669 -0.107405 0.0169793 -0.000747046 -0.000187348 -7.98853e-06 0.000317484   0.0062116 0.000937325 1 0 0
             9.53035  2.09722  8.32576 -9.78138  0.174183 -0.723333  0.405203  0.323291  -0.10469 0.0288747  -0.00060389 -0.000214881  3.09554e-05 2.92107e-05  0.00603432 0.000450098 1 0 0
             9.63019  1.32713  8.45169 -9.32981  0.206294 -0.725536   0.40528   0.306705 -0.0817452 0.00779163 -0.000683464 -0.000230324  5.31017e-05 0.00010669 0.00526517 0.00070797 1 0 0
             9.63019  1.24719  8.46631 -9.31611  0.207721 -0.726445  0.407306   0.314653 -0.0852861  0.0173442 -0.000595399 -0.000246205  3.95619e-05 -0.00011726  0.00532597 0.000310646 1 0 0
             9.73004  1.20571  8.41701 -7.96956  0.234586 -0.737474  0.404189     0.25577   -0.119625 -0.00877521 -0.000682392 -0.000245855  2.79138e-05 7.13525e-05  0.00551549  0.00078594 1 0 0
             9.73004  1.18101  8.41074 -7.93349  0.236267 -0.737393  0.405388    0.264483   -0.119215 -0.00216121 -0.000649625 -0.000239543 -1.00157e-05 -0.000177905   0.00543168  0.000500305 1 0 0
             9.82989  1.63338  8.15551 -7.28871    0.2617 -0.746673  0.405132   0.212178  -0.156388 0.00943403 -0.000759331 -0.000240565  4.35809e-05 -0.000326173   0.00485043  0.000514633 1 0 0
             9.82989  1.58374   8.1501 -7.32414  0.261516 -0.747811  0.406214  0.212034 -0.160654 0.0145024 -0.000711131 -0.000233891  8.10473e-05 -0.000316756   0.00500385  0.000325579 1 0 0
             9.93012 2.35941 7.80797 -6.4325  0.276208 -0.766584  0.402882   0.142531   -0.21043 0.00565595 -0.000789141 -0.000233865  7.41584e-05 -0.000157768   0.00512656   0.00103343 1 0 0
             9.93012   2.2799  7.78352 -6.45513  0.276801 -0.768271   0.40477   0.14661 -0.216672 0.0151282  -0.00070665 -0.000206624   9.7009e-05 -0.000278869   0.00532358  0.000659386 1 0 0
               10.03  2.79931  7.75659 -6.07632  0.289382 -0.792166  0.407736  0.117421 -0.251119 0.0352425 -0.000692404 -0.000238881  0.000113905 -0.000224966   0.00537107  0.000598308 1 0 0
               10.03  2.85914  7.74319 -6.08684 0.289244 -0.79406 0.408742  0.117321 -0.259688  0.039907 -0.000756974 -0.000224501  0.000123571 -0.000240205   0.00564156  0.000416121 1 0 0
             10.1298  3.27694   7.7538 -5.91926  0.302662 -0.818569  0.414777   0.12805 -0.276769  0.044341 -0.000759024 -0.000236669  0.000144576 -0.000380771   0.00528476   0.00015066 1 0 0
             10.1298 3.26965 7.76166 -5.9389  0.301873 -0.819603  0.414464  0.124197  -0.28131 0.0424534 -0.000753641 -0.000244613  0.000165901 -0.000280826    0.0054654  0.000229956 1 0 0
             10.2304  3.51886  8.15519 -4.94212  0.313659 -0.849586  0.417262  0.109718 -0.286468 0.0258667  -0.00077384 -0.000261296   0.00013787 -0.000226386   0.00560972  0.000316803 1 0 0
             10.2304 3.47879 8.18235 -4.9047  0.313521 -0.850871  0.417241   0.10931 -0.292008 0.0255275 -0.000725019 -0.000292236  9.99973e-05 -0.000232188   0.00581456  0.000318565 1 0 0
             10.3303 3.21875 8.30125 -3.9739  0.324582 -0.875603  0.416879 0.0896403  -0.26874 0.0140531 -0.000674328 -0.000263095  0.000163638 -0.000418481   0.00538921  0.000614831 1 0 0
             10.3303  3.27712   8.2949 -3.93614  0.324409 -0.877231  0.417227 0.0890416 -0.276032 0.0154581 -0.000730529 -0.000259353  0.000123128 -0.000419673    0.0056232  0.000550681 1 0 0
             10.4301  2.88838  8.87662 -2.59695  0.332103 -0.905457  0.416197  0.0890602   -0.27879 0.00555263 -0.000679474 -0.000269483  0.000116728 -0.000234464   0.00574697  0.000894476 1 0 0
             10.4301  2.90488  8.89267 -2.56722  0.331478 -0.908287  0.416719  0.0866578   -0.29067 0.00741218 -0.000692281 -0.000289551  8.62854e-05 -0.000176806   0.00615549  0.000811546 1 0 0
               10.53  2.64454   9.3097 -1.38064  0.340575 -0.929585  0.415502 0.0771424 -0.273829 0.0153222 -0.000695612 -0.000283071  0.000183196 -0.000300244   0.00536051   0.00112101 1 0 0
               10.53  2.70312  9.29594 -1.32112  0.340586 -0.934195  0.417454 0.0781924 -0.292724 0.0238466 -0.000747813 -0.000273528  0.000120394 -0.000336035   0.00596762  0.000764145 1 0 0
             10.6302   2.86994   9.56907 -0.175874  0.349251 -0.956137  0.424937 0.0581413 -0.255458 0.0553713 -0.000841528 -0.000302738  0.000181103 -0.000383137    0.0052085   0.00028385 1 0 0
             10.6302   2.87526   9.55901 -0.123392  0.348776 -0.961863  0.426205 0.0567791 -0.278465 0.0605868 -0.000837598 -0.000296824  0.000125722 -0.000350351   0.00598861  5.02167e-05 1 0 0
               10.73 2.29209 9.55659 0.40247  0.356636 -0.973799  0.430985   0.06822 -0.207804 0.0562472 -0.000813856  -0.00028175  0.000283143  -0.0005246  0.00458516 0.000218257 1 0 0
               10.73   2.2758  9.54404 0.456112  0.355344 -0.979637  0.430937  0.062387 -0.232103  0.055836 -0.000786668 -0.000272724  0.000226187 -0.000361204   0.00543753   0.00021438 1 0 0
             10.8298  1.78615  9.67136 0.775567 0.365821 -1.00369 0.443095 0.0968152 -0.222574 0.0665465 -0.000756543  -0.00033394  0.000236484 -0.000528979   0.00555873 -0.000736395 1 0 0
             10.8298  1.81265  9.68381 0.772487 0.365784 -1.00753 0.441561 0.0958554 -0.240861 0.0588138  -0.00078469 -0.000348294  0.000240126 -0.000555608   0.00619676 -0.000490287 1 0 0
             10.9305   1.7239  9.39971 0.735442 0.375554 -1.02733 0.446984 0.0983228 -0.213401  0.040963 -0.000810116 -0.000357152  0.000279712 -0.000556074   0.00577127  -0.00051747 1 0 0
             10.9305 1.74091  9.3578  0.7659 0.374309  -1.0319 0.444285 0.0912021 -0.234412 0.0275445 -0.000821742 -0.000314997  0.000245893 -0.000421005   0.00651417 -2.92527e-05 1 0 0
             11.0303 1.69726 9.04864 0.73211 0.385998 -1.04737 0.447229  0.137435 -0.177222 0.0127401 -0.000822154 -0.000342259  0.000273912 -0.000470504    0.0058573 -0.000162078 1 0 0
             11.0303  1.73753  9.05003 0.767699 0.385647 -1.05237 0.445053  0.135383 -0.199202 0.0023456 -0.000859122  -0.00034477  0.000236222 -0.000466311   0.00662635   0.00019381 1 0 0
             11.1302  1.43472  9.06399 0.573653  0.40159 -1.06948 0.446588     0.18188   -0.156993 -0.00216769 -0.000844769 -0.000363548  0.000244157 -0.000425137   0.00654378 -5.82932e-06 1 0 0
             11.1302  1.38172  9.06008 0.570063 0.401514 -1.07278 0.443902    0.18071  -0.172205 -0.0154938 -0.000800721 -0.000358402  0.000245419 -0.000473353   0.00709253   0.00044942 1 0 0
               11.23 0.985788  8.96612 0.244059 0.418544 -1.09255 0.438494  0.217224 -0.173282 -0.040503 -0.000847709 -0.000341081   0.00021988 -0.000175376   0.00745074  0.000896533 1 0 0
               11.23 0.977519  8.94139 0.276953 0.420182 -1.09456 0.437598  0.225058  -0.18304 -0.044536 -0.000842151 -0.000323996  0.000187386 -0.000459202   0.00778925  0.000973326 1 0 0
             11.3298  0.942382   8.98289 0.0735588  0.44619 -1.10586 0.434499   0.278645  -0.151807 -0.0493962 -0.000826811 -0.000352999  0.000222007 -0.000575206   0.00702666  0.000708081 1 0 0
             11.3298 0.947876  8.96215 0.121814 0.446578 -1.10797 0.433874   0.280027  -0.162285 -0.0523709 -0.000834523 -0.000334665  0.000173638  -0.0006371  0.00737161 0.000790506 1 0 0
             11.4305   1.03407   9.37132 0.0460035 0.476789 -1.12657 0.431336  0.316971 -0.160648 -0.054088 -0.000823405 -0.000351441  0.000168434 -0.000531501   0.00769338  0.000384718 1 0 0
             11.4305  1.09377  9.38432 0.084078 0.478187 -1.12719 0.430728   0.323761   -0.16384 -0.0567162 -0.000882858 -0.000372417  0.000129087 -0.000760514   0.00778665  0.000428685 1 0 0
             11.5303   1.17315   9.76487 -0.248858 0.510957 -1.14359  0.42937   0.299687  -0.172708 -0.0587579 -0.000807579 -0.000402212  0.000169281 -0.000887216   0.00775812 -0.000240934 1 0 0
             11.5303   1.21914    9.7518 -0.196299 0.510245 -1.14278 0.427515   0.295511  -0.169018 -0.0678381 -0.000840382 -0.000387998  0.000119281 -0.000819483   0.00763502  9.08146e-05 1 0 0
             11.6302   1.25685    9.9677 -0.839515 0.541684  -1.1587 0.424693   0.303584  -0.170713 -0.0617695 -0.000813664 -0.000386741   0.00014896 -0.000984688   0.00751821 -0.000432463 1 0 0
             11.6302   1.29883   9.96631 -0.829959 0.539598 -1.15707 0.422134   0.292079  -0.163356 -0.0749961 -0.000847563 -0.000377759  0.000140301 -0.000710856    0.0072817  8.70597e-05 1 0 0
               11.73  1.32501  10.7881 -1.05873 0.570488 -1.16994 0.414654  0.309275 -0.172727 -0.070416 -0.000784784 -0.000389527  0.000163981 -0.000790004   0.00687448  0.000130864 1 0 0
               11.73  1.41947  10.8158 -1.00188 0.569281 -1.16872 0.413088   0.302906  -0.167618 -0.0784211 -0.000862978 -0.000412837  0.000111067 -0.000639796     0.006697  0.000441291 1 0 0
             11.8299  1.84916  11.4097 -1.24486 0.599164 -1.18471  0.40805   0.254901  -0.190301 -0.0484558 -0.000831074 -0.000409736  0.000164677 -0.000871939   0.00644637   0.00018929 1 0 0
             11.8299  1.91819   11.391 -1.20008 0.597077 -1.18417 0.406327   0.244222  -0.188346 -0.0568111 -0.000888616 -0.000383233  0.000121566 -0.000602623   0.00637883  0.000535611 1 0 0
             11.9305  2.49923  11.3314 -1.24677 0.622356 -1.20072 0.401346   0.247598  -0.220104 -0.0307605 -0.000940225  -0.00037068  0.000161793 -0.000732518   0.00590839  0.000592568 1 0 0
             11.9305  2.42877  11.2791 -1.22712 0.621387 -1.20084 0.401273   0.242515  -0.220174 -0.0313038  -0.00086126 -0.000311615  0.000138911 -0.000590274   0.00593338  0.000643694 1 0 0
             12.0303 2.95535 11.1744 -0.7833 0.644965 -1.22415 0.397538   0.243425  -0.261241 -0.0281503 -0.000885986 -0.000297092  0.000186669 -0.000521104     0.005844  0.000781246 1 0 0
             12.0303   2.92548   11.1562 -0.735806 0.645659 -1.22523 0.398339    0.24683  -0.265691 -0.0244994 -0.000851155 -0.000283863  0.000139553 -0.000605156   0.00598727  0.000627529 1 0 0
             12.1302  3.02748  10.7995 0.236884 0.669245 -1.25624 0.398044   0.224724  -0.313957 -0.0161255  -0.00089538 -0.000297312  0.000135873 -0.000556313   0.00622631  0.000418685 1 0 0
             12.1302  3.00166  10.7691 0.278935 0.670453 -1.25765 0.398986   0.230676  -0.319897 -0.0115302 -0.000866356 -0.000274178  9.28822e-05 -0.000717249    0.0064111  0.000209221 1 0 0
               12.23 2.59085 10.2036 1.31619 0.694175 -1.28828 0.394813   0.244082  -0.359578 -0.0229763 -0.000887135 -0.000245387  0.000132776 -0.000825683   0.00601557  0.000536799 1 0 0
               12.23 2.54185 10.2039 1.34982 0.695757 -1.29021 0.397242   0.252451  -0.367655 -0.0112889 -0.000838165 -0.000254244  9.90243e-05 -0.000994136     0.006259  7.46363e-05 1 0 0
             12.3299 2.23893 10.3751 2.66674 0.724375 -1.31603 0.407072  0.263487  -0.34439 0.0342119 -0.000827844 -0.000336769  0.000201654 -0.00105538  0.00503214 -0.00108545 1 0 0
             12.3299 2.24815 10.4062 2.72694 0.724416 -1.32057 0.406161  0.263737 -0.363689 0.0293173 -0.000841909  -0.00037173  0.000140926  -0.00108991   0.00565916 -0.000960645 1 0 0
             12.4305 1.98579 10.6983 4.20003  0.75271 -1.35262  0.41411  0.259915 -0.345523 0.0508142 -0.000798123 -0.000398041  0.000200701 -0.00119488  0.00520971 -0.00149906 1 0 0
             12.4305 2.04413   10.73 4.24433 0.751343 -1.35696 0.412198  0.253208 -0.363558 0.0408698 -0.000866638 -0.000430706  0.000154089 -0.00103603  0.00578569 -0.00115241 1 0 0
             12.5303 1.85121 11.0259 5.34893 0.773888 -1.38423 0.414311  0.217878  -0.32403 0.0462906 -0.000921083 -0.000416802  0.000255245 -0.000980503   0.00503991 -0.000823591 1 0 0
             12.5303 1.82203 11.0148 5.36694 0.774044 -1.38948 0.412716  0.217828 -0.345216 0.0371669 -0.000903558 -0.000407807   0.00023307  -0.00101578   0.00575049 -0.000544819 1 0 0
             12.6302 1.44893 11.0482 6.16634 0.794473 -1.42455 0.421295  0.187594 -0.314755 0.0407929 -0.000879994 -0.000430884  0.000232842 -0.000944981    0.0059238  -0.00113757 1 0 0
             12.6302 1.51667  11.026 6.17381 0.794768 -1.42895 0.418142  0.187762 -0.333628 0.0251384 -0.000956851 -0.000410614  0.000221522  -0.00103273   0.00654087 -0.000633004 1 0 0
               12.73 1.16757 11.0815 6.76792 0.811311  -1.4602 0.421961   0.154327  -0.283104 0.00930337 -0.000956016  -0.00043745  0.000220151 -0.000907709   0.00657359 -0.000874599 1 0 0
               12.73 1.17081 11.0697 6.77505 0.811279 -1.46331 0.418952    0.152714   -0.297678 -0.00614764 -0.000967905 -0.000424341  0.000210385 -0.000932131    0.0070527 -0.000359182 1 0 0
             12.8299 1.12799 11.1755 6.94264 0.825579  -1.4829 0.424577    0.141585   -0.229647 -0.00150043 -0.000953179 -0.000462192  0.000247811 -0.000847101   0.00621297  -0.00116164 1 0 0
             12.8299 1.15619 11.1888 6.94215 0.825632 -1.48629  0.42178    0.14113  -0.246781 -0.0160392 -0.000995339 -0.000476842  0.000247281 -0.000871239   0.00677291 -0.000674634 1 0 0
             12.9305 1.49822 11.4398 6.70486 0.838495 -1.50765 0.422346   0.124008  -0.193842 -0.0153248 -0.000990735 -0.000472114  0.000268844 -0.000751919   0.00663198 -0.000963668 1 0 0
             12.9305 1.53171 11.4306 6.69844 0.839247 -1.51084 0.418296   0.12646 -0.209815 -0.035338 -0.00103593 -0.00046199 0.000271935 -0.000922628   0.00718217 -0.000295793 1 0 0
             13.0304  1.7677 11.5421 6.37413 0.851827 -1.52826 0.415713   0.128124  -0.165419 -0.0413287  -0.00103663 -0.000449219  0.000252235 -0.000949523   0.00703626  -0.00049184 1 0 0
             13.0304  1.7652 11.5336 6.36203 0.852021 -1.53004 0.412529   0.127901  -0.174387 -0.0570542  -0.00104179 -0.000438684  0.000262625 -0.00103246  0.00734861 4.93173e-05 1 0 0
             13.1302 2.11465 11.6743 6.20317 0.859415 -1.54991 0.414162   0.112458  -0.148662 -0.0330138   -0.0010069 -0.000451024   0.00022493 -0.000192553   0.00770707 -0.000617131 1 0 0
             13.1302 2.12131 11.6611 6.22814 0.862918 -1.54999 0.410494  0.128576 -0.148933 -0.050141  -0.00100898 -0.000450968  0.000200779 -0.000872419   0.00781695 -0.000167442 1 0 0
               13.23 2.16269 11.7031 6.05629 0.875465  -1.5638 0.404883   0.157293  -0.118945 -0.0456441  -0.00103551 -0.000416448   0.00018245 -0.000696178    0.0078574  -1.7934e-05 1 0 0
               13.23  2.1311 11.6945 6.08604 0.877583 -1.56434 0.403022   0.166845  -0.121364 -0.0545499  -0.00100008 -0.000416232  0.000152757 -0.00107497  0.00800429 0.000203805 1 0 0
             13.3299 1.86567 11.8767 6.13765 0.891016 -1.57568 0.400467   0.168439  -0.102391 -0.0358456  -0.0010445 -0.00042235 0.000129885 -0.000572773    0.0079755  7.20124e-05 1 0 0
             13.3299 1.79774 11.8577 6.14413 0.895727 -1.57412 0.399299   0.190987 -0.0937869 -0.0404105 -0.000970536 -0.000421668  0.000125091 -0.00139162  0.00782287 3.92001e-05 1 0 0
             13.4301  1.6227 11.9514 6.42321 0.909733 -1.58094 0.395443   0.195013 -0.0839215 -0.0386914 -0.000946114 -0.000393503  0.000145929 -0.000769381   0.00744914   0.00021381 1 0 0
             13.4301  1.6397 11.9449  6.4892 0.914686 -1.58096  0.39523   0.219651 -0.0840662 -0.0387143 -0.000952126 -0.000407407  8.10711e-05 -0.00156989  0.00756619 8.52713e-06 1 0 0
               13.53 1.94223 12.1672 6.71924 0.935028 -1.57907 0.398685   0.199494 -0.0602794 -0.0265016 -0.000993043 -0.000450183  0.000137513  -0.00142272   0.00624571 -0.000826547 1 0 0
               13.53 1.93642 12.1493 6.71418 0.938253  -1.5787 0.397174   0.215071 -0.0583343   -0.03314 -0.000988301 -0.000443965  0.000142751  -0.00200228   0.00626658 -0.000735705 1 0 0
             13.6298 2.18959 11.7689 6.49329 0.958118 -1.57462 0.394188   0.181865 -0.0323542 -0.0335347 -0.000975561 -0.000433833  0.000205306  -0.00215866   0.00513221 -0.000765926 1 0 0
             13.6298 2.18142 11.7313 6.45701 0.959535 -1.57583 0.393978   0.188478 -0.0385686 -0.0341078 -0.000979687 -0.000398808  0.000239133  -0.00235687   0.00537217 -0.000806716 1 0 0
             13.7305 2.11004 11.5509 6.27816 0.976532 -1.58429 0.398988    0.153605   -0.057178 -0.00611205 -0.000922574 -0.000421919  0.000243634 -0.00200335  0.00587229 -0.00174266 1 0 0
             13.7305 2.17189 11.5778 6.28764 0.976938 -1.58541 0.397134   0.155105 -0.0631556  -0.015296 -0.000986652 -0.000449282  0.000234199 -0.00210041  0.00607457 -0.00144449 1 0 0
             13.8303 2.41285 11.3602 6.11177 0.989644 -1.58963 0.395636   0.130478  -0.066722 -0.0133073 -0.00103256  -0.0004382 0.000234608 -0.00199938   0.0057379 -0.00137651 1 0 0
             13.8303 2.39815 11.3642 6.09345 0.988736 -1.59054 0.394529   0.125597 -0.0714599 -0.0191384  -0.00102441 -0.000437107  0.000251727 -0.00186847  0.00588266 -0.00114134 1 0 0
             13.9301 2.73919 11.4764 5.88038 0.998599  -1.5963 0.397881  0.0894257 -0.0795897 0.00677045  -0.00106077 -0.000478605   0.00024023 -0.00164382  0.00554229 -0.00166679 1 0 0
             13.9301  2.6865 11.4398 5.84496 0.998276  -1.5985 0.395138   0.0859655  -0.0906097 -0.00818324  -0.00102248 -0.000436071  0.000271324 -0.00161724  0.00592657 -0.00114484 1 0 0
               14.03 2.65382 11.4442 5.84408  1.00527 -1.61256 0.396131  0.0784266  -0.122251 0.00487732 -0.000963483 -0.000431913  0.000248613 -0.00138417  0.00634913 -0.00125529 1 0 0
               14.03 2.66898 11.4586  5.8512  1.00595 -1.61454  0.39429   0.0806162   -0.132521 -0.00483379 -0.000984963 -0.000447154  0.000240167   -0.0014871   0.00670981 -0.000952327 1 0 0
             14.1298  2.5004 11.4877 6.38668  1.01108 -1.62799 0.392015  0.0481817  -0.162101 -0.0100089  -0.00100278 -0.000429536  0.000225327  -0.00136859   0.00659217 -0.000658522 1 0 0
             14.1298 2.48295  11.473 6.42397  1.01291 -1.62976 0.391257  0.0564411     -0.171 -0.0133053 -0.000984589 -0.000421677  0.000185818  -0.00162791   0.00693109 -0.000622326 1 0 0
             14.2304 2.32851 11.6394 6.99936  1.01881 -1.64478  0.39615 0.0365337 -0.208987 0.0117602 -0.000963207 -0.000441856  0.000200483 -0.00168297  0.00636911 -0.00141124 1 0 0
             14.2304 2.37127 11.6381 7.00092  1.01804 -1.64726 0.394376  0.0316229  -0.221695 0.00192259  -0.00101446 -0.000436123  0.000196426 -0.00154764  0.00677547 -0.00104839 1 0 0
             14.3303 2.20685 11.4263 7.69167  1.01944 -1.67086 0.398998  0.020299 -0.244072 0.0129457 -0.000987374 -0.000423511  0.000208042   -0.001321  0.00677023 -0.00152597 1 0 0
             14.3303 2.23761 11.4241  7.7302 1.01967 -1.6725  0.3969   0.020292  -0.252206 0.00259601  -0.00101671 -0.000422226  0.000168352 -0.00137311  0.00704832 -0.00118258 1 0 0
             14.4301 2.03296 11.6404 8.04463  1.02028 -1.69768   0.4016 0.0129498 -0.267317 0.0155614  -0.00104229 -0.000447207   0.00019772 -0.00113063  0.00690108 -0.00166869 1 0 0
             14.4301 2.00761 11.6462 8.03114  1.02159 -1.69844 0.399001  0.0181479  -0.270774 0.00308257  -0.00102286 -0.000456125  0.000210347 -0.00139084  0.00706642 -0.00129236 1 0 0
             14.5299 1.95099 11.5699 8.48066  1.02217 -1.72887 0.397479   0.0163015   -0.282732 -0.00559089  -0.00103498 -0.000422627  0.000189269  -0.0012382  0.00740346 -0.00107159 1 0 0
             14.5299 1.93467 11.5533 8.49869  1.02399 -1.72933 0.395953  0.0243679   -0.28468 -0.0125177  -0.00101707 -0.000412283  0.000170385 -0.00155511  0.00752526 -0.00090568 1 0 0
             14.6302 1.97119 11.5999 8.72759  1.02629 -1.75728 0.396039   0.0186631     -0.2581 -0.00799176   -0.0010552 -0.000421073  0.000183805 -0.00152063  0.00759106 -0.00107619 1 0 0
             14.6302 1.93024 11.5942 8.74176  1.02699 -1.75708 0.395436  0.0218072  -0.256636 -0.0108825  -0.00100725 -0.000417677  0.000168178 -0.00165988  0.00757558 -0.00100477 1 0 0
               14.73  1.6582 11.5135 8.82027  1.02935 -1.77064 0.391063  0.0195312  -0.200916 -0.0275606  -0.00101996 -0.000389348  0.000219257 -0.00206773  0.00629205 -0.00065737 1 0 0
               14.73 1.63431 11.5078 8.84478  1.02942 -1.77103 0.392208  0.0203005  -0.202963 -0.0214362 -0.000991557 -0.000384556  0.000193739  -0.00202644   0.00636497 -0.000878719 1 0 0
             14.8298  1.5321 11.5185 8.86472  1.03172 -1.78403 0.396606   0.0194276   -0.169442 -0.00153135 -0.000966094 -0.000430001  0.000250239 -0.00211449  0.00554819 -0.00173392 1 0 0
             14.8298 1.57381 11.5115 8.86389  1.03154 -1.78603 0.396889   0.0184206   -0.180658 9.91494e-05  -0.00101561 -0.000421639  0.000249208 -0.00199013  0.00591075 -0.00177961 1 0 0
             14.9305  1.7764 11.4387 9.00151  1.03419 -1.80432 0.398451  0.0156968  -0.162787 0.00540304 -0.000977976 -0.000428138  0.000263181 -0.00206638  0.00607362 -0.00202034 1 0 0
             14.9305 1.82231 11.4319  9.0075  1.03355 -1.80592 0.398384  0.0122779  -0.171787 0.00482711  -0.00102767 -0.000419027  0.000255622 -0.00189545  0.00634546 -0.00196735 1 0 0
             15.0304 1.88487 11.4461 9.13271  1.03484 -1.82166 0.401776 0.0144532 -0.151183 0.0162484  -0.00105276 -0.000435183   0.00024689 -0.00185083  0.00633027 -0.00231377 1 0 0
             15.0304 1.83664 11.4579 9.12421  1.03471 -1.82297 0.401444 0.0135302 -0.157781 0.0142951   -0.0010082 -0.000445895  0.000254906 -0.00178691  0.00656193 -0.00223513 1 0 0
             15.1302 1.92513 11.5047 9.49854  1.03546 -1.83848 0.404543 -0.000628777     -0.16044    0.0211835  -0.00101315 -0.000457383  0.000248065 -0.00176919  0.00651606 -0.00244372 1 0 0
             15.1302 1.94536 11.5002 9.52472  1.03479  -1.8404 0.403464 -0.00473331   -0.170657   0.0152118   -0.0010326 -0.000450729   0.00022019 -0.00161555  0.00683289 -0.00219941 1 0 0
               15.23 2.21873 11.2203 9.95907   1.0348 -1.85748 0.406093 -0.003916  -0.18334 0.0169439  -0.00102478 -0.000447858  0.000227455 -0.00172089  0.00676291 -0.00237287 1 0 0
               15.23 2.21462 11.2148 9.96494   1.0346 -1.85922  0.40534 -0.00558992   -0.192727   0.0128712  -0.00102402 -0.000440753  0.000220009 -0.00163525   0.0070716 -0.00221566 1 0 0
             15.3299 2.57077 11.0395  10.462  1.03248 -1.88046 0.410152 0.00237314  -0.198535  0.0209478  -0.00108346 -0.000458365  0.000215427 -0.00127521  0.00723397 -0.00257689 1 0 0
             15.3299 2.52332  11.026 10.4777   1.0331 -1.88182 0.408238 0.00426019  -0.205443  0.0117852  -0.00103438 -0.000445429  0.000198014  -0.0013721   0.0075046 -0.00227531 1 0 0
             15.4301 2.71545 11.0372 10.7974  1.03454 -1.89401 0.411369  0.0260489  -0.175709 0.00110296  -0.00103395 -0.000483782  0.000246604  -0.0015507  0.00652718 -0.00262716 1 0 0
             15.4301 2.69349  11.021 10.8079  1.03626 -1.89576 0.408624  0.0331603  -0.185041 -0.0113497  -0.00101422 -0.000470273  0.000234039 -0.00182998  0.00691963 -0.00225385 1 0 0
             15.5299 2.92004  11.101 11.1813  1.03521 -1.91163 0.411594   0.0238932   -0.163312 -0.00148397  -0.00103186 -0.000501447  0.000253395 -0.00129546  0.00656926 -0.00260137 1 0 0
             15.5299 2.94147 11.0746 11.1912  1.03892 -1.91283 0.408198  0.0406234  -0.169849 -0.0169292 -0.00105625 -0.00048216 0.000241365 -0.00194169  0.00694048 -0.00220144 1 0 0
             15.6302  2.9505  11.102 11.4671  1.04462 -1.92656 0.407411   0.0850103   -0.131467 -0.00905504 -0.00101154 -0.00047813 0.000246937 -0.00190603   0.0067246 -0.00226528 1 0 0
             15.6302 2.94989 11.0912 11.4682    1.047 -1.92883 0.404813 0.0953142 -0.141938 -0.020963  -0.00101618 -0.000471038  0.000244403  -0.0022677  0.00718178 -0.00193568 1 0 0
               15.73 3.00476 11.3876 11.5915  1.05719 -1.93492 0.409352   0.115669  -0.102431 0.00787161   -0.0010592 -0.000517415  0.000263978 -0.00228438  0.00635754 -0.00264887 1 0 0
               15.73 3.00316 11.3706 11.5843  1.05822 -1.93708 0.406957    0.119344   -0.112663 -0.00438955  -0.00106364 -0.000500623  0.000269612 -0.00242597   0.0067577 -0.00225349 1 0 0
             15.8299 2.89374 11.2936 11.6764  1.07208 -1.94584 0.410053   0.146086 -0.0900294  0.0120227  -0.00101794 -0.000503027  0.000279471 -0.00252131  0.00658948 -0.00269759 1 0 0
             15.8299 2.93754 11.2866 11.6699  1.07231  -1.9473 0.407872     0.145666   -0.0978595 -0.000465596  -0.00106771 -0.000494967  0.000285001 -0.00254412  0.00686378  -0.0022582 1 0 0
             15.9305 2.70878 11.1741 11.6411   1.0847 -1.95867 0.409893   0.152608  -0.107479 0.00329386  -0.00100692 -0.000500089  0.000273174 -0.00210749  0.00692333  -0.0024087 1 0 0
             15.9305 2.77689 11.1455 11.6276  1.08522 -1.95973  0.40719   0.153369  -0.113593 -0.0114727  -0.00108139 -0.000470145  0.000284671 -0.00221012  0.00715074 -0.00189976 1 0 0
             16.0303 2.83054  10.806 11.4783  1.10184 -1.97415  0.41178    0.188496   -0.132461 -0.00307452  -0.00104518 -0.000495684  0.000274493   -0.001988  0.00737182 -0.00269775 1 0 0
             16.0303 2.92375 10.7887 11.5116  1.10283 -1.97537 0.409055   0.191912  -0.139839 -0.0174125  -0.00113741 -0.000480633  0.000239342 -0.00216069  0.00765499 -0.00222669 1 0 0
             16.1302 3.06269 10.7329 11.4536  1.12134 -1.99152 0.410137   0.223679  -0.141353 -0.0146754 -0.00115732 -0.00050525 0.000222273 -0.00169485  0.00784463 -0.00252803 1 0 0
             16.1302 3.00871 10.7157 11.4588  1.12232  -1.9924 0.407102   0.226777  -0.145571 -0.0301283  -0.00110334 -0.000489314  0.000215737 -0.00189206  0.00806059 -0.00201812 1 0 0
               16.23 3.02948 10.3609 11.1314  1.14334 -1.99707 0.404846   0.234221  -0.112552 -0.0227566  -0.00107298 -0.000490859  0.000250217 -0.00196071  0.00692254 -0.00201985 1 0 0
               16.23 3.04414 10.3228 11.1043  1.14478 -1.99825 0.403099    0.23992  -0.118156 -0.0314976 -0.00109626 -0.00045269 0.000275075 -0.00218124  0.00717298 -0.00176423 1 0 0
             16.3299 2.96242 9.87127 11.0641    1.168 -2.00807 0.406763    0.25209 -0.0934284 0.00689696 -0.00101103 -0.00047219 0.000270661 -0.00189907  0.00699134 -0.00245054 1 0 0
             16.3299 3.01628  9.8537 11.0912  1.17043 -2.00974 0.404052    0.262617   -0.101709 -0.00592603 -0.00106641 -0.00045995 0.000241436  -0.0022854  0.00737176 -0.00208809 1 0 0
             16.4301 2.43525  9.8985 10.7581  1.19494 -2.01745 0.410349  0.240478 -0.111288 0.0195117  -0.00110822 -0.000509859  0.000254653 -0.00207727   0.0069679 -0.00279775 1 0 0
             16.4301 2.36219 9.89059 10.7379  1.19731 -2.01819 0.406988   0.250665  -0.114521 0.00329327  -0.00103316 -0.000505135  0.000276301 -0.00251819  0.00722021 -0.00230932 1 0 0
               16.53 2.19846 9.58607 10.3193  1.21632 -2.03094 0.404522   0.194511  -0.139244 -0.0203187  -0.00102371 -0.000463958  0.000262483  -0.0021445  0.00713671 -0.00196138 1 0 0
               16.53  2.2311 9.58165 10.3245  1.21833  -2.0321 0.403126   0.203699  -0.145026 -0.0266962   -0.0010581 -0.000459996  0.000257016 -0.00245976  0.00741737 -0.00180423 1 0 0
             16.6298 2.35873 9.48843 9.75842  1.23698 -2.04671 0.405319  0.191009 -0.152704 -0.014732 -0.00105374  -0.0004775  0.00026357 -0.00230097  0.00731499 -0.00240936 1 0 0
             16.6298  2.3843 9.48805 9.76247  1.23767 -2.04799 0.403563   0.193388  -0.159198 -0.0237477  -0.00107999 -0.000477059  0.000259119 -0.00239543  0.00757121 -0.00210204 1 0 0
             16.7305 2.51658 9.70785 9.54674  1.25557  -2.0629 0.405028     0.18563   -0.173518 -0.00587817  -0.00106484 -0.000509733  0.000272514 -0.00225917  0.00727374 -0.00252596 1 0 0
             16.7305 2.52141 9.69003 9.56159   1.2576 -2.06272 0.403198  0.194566 -0.172754 -0.014497  -0.00106759 -0.000491958  0.000256585 -0.00264508  0.00733446 -0.00227794 1 0 0
             16.8303 2.62729 9.83225 9.70913  1.27772  -2.0901 0.407724  0.201738 -0.232641 0.0068246  -0.00105468 -0.000508356  0.000194964 -0.00234021   0.0082775 -0.00299295 1 0 0
             16.8303 2.67502 9.83865 9.73885  1.27825 -2.08926 0.405806    0.203452   -0.228895 -0.00319713  -0.00109892 -0.000516567  0.000164988 -0.00250195  0.00816735 -0.00264177 1 0 0
             16.9301 2.69065 9.82098 10.4044    1.299 -2.11154 0.408688  0.201825 -0.255998 0.0118397  -0.00106798 -0.000510399   0.00015526 -0.00259033  0.00789307 -0.00307002 1 0 0
             16.9301  2.6883 9.81916   10.43  1.29776 -2.11075 0.406968   0.194556  -0.252324 0.00190617  -0.00106033 -0.000508392  0.000129002 -0.00244217  0.00773288 -0.00266148 1 0 0
               17.03 2.47883 9.47485 11.6569  1.31742 -2.13726 0.411617  0.188585 -0.277286 0.0306179 -0.000996813 -0.000509927  0.000132337 -0.00247514  0.00770725 -0.00315991 1 0 0
               17.03 2.57573  9.4651 11.7226  1.31577 -2.13704 0.409656  0.179185 -0.277157 0.0192981  -0.00108641 -0.000501759  6.40929e-05 -0.00224164  0.00762586 -0.00268783 1 0 0
             17.1298 2.06958 9.23835 13.2138  1.33072 -2.15574 0.413975  0.182741 -0.255848 0.0245631  -0.00111968 -0.000503374   0.00011109 -0.00204852  0.00646869 -0.00287722 1 0 0
             17.1298 2.04674 9.25205 13.2235  1.33097 -2.15634 0.412118  0.182999 -0.258539 0.0150681  -0.00109447 -0.000518281  0.000101657 -0.00210203  0.00658549 -0.00253951 1 0 0
             17.2304 1.62069 9.41477 14.5002  1.34938 -2.17815 0.421286  0.182957 -0.266559 0.0278596  -0.00103469 -0.000558358  0.000171711 -0.00210137  0.00597899 -0.00356804 1 0 0
             17.2304 1.68387 9.42517 14.5096  1.34988 -2.17921 0.417668   0.183294  -0.272579 0.00874196  -0.00109997 -0.000570856  0.000161989 -0.00219438  0.00619825 -0.00288289 1 0 0
             17.3303 1.92259 9.63897 15.6836  1.36851 -2.20235 0.421086  0.182409 -0.256695 0.0161929  -0.00109097 -0.000567935  0.000210691  -0.0023049  0.00573693 -0.00326998 1 0 0
             17.3303 1.95761 9.65306  15.669  1.36879 -2.20459 0.417636     0.1815  -0.267817 -0.0024954  -0.00113243 -0.000582484  0.000226127 -0.00229202  0.00611702 -0.00258875 1 0 0
             17.4301  1.8684 9.82008 16.4027  1.38707 -2.22421 0.417065   0.166235  -0.233935 0.00332456  -0.00108767 -0.000554857  0.000305907 -0.00266399  0.00548704 -0.00255171 1 0 0
             17.4301 1.93509 9.80936 16.4306  1.38638 -2.22904  0.41478    0.160817   -0.255807 -0.00971789  -0.00115714 -0.000543856  0.000276462 -0.00234041  0.00615651 -0.00203471 1 0 0
               17.53 1.66458 10.1339 17.0604  1.40199 -2.24847 0.416449    0.153333   -0.222785 0.000844228  -0.00109822 -0.000555831  0.000324125 -0.00244261  0.00561065 -0.00237752 1 0 0
               17.53 1.67205 10.1431 17.0289  1.40216   -2.252 0.415528    0.153438    -0.24022 -0.00480477  -0.00111531 -0.000564027   0.00035624 -0.00227327  0.00619863 -0.00215846 1 0 0
             17.6298 1.56258 10.3833 17.3688  1.41748 -2.27964 0.420534  0.145541 -0.250563 0.0133331  -0.00110742 -0.000569632  0.000333619 -0.00210153  0.00663768 -0.00287663 1 0 0
             17.6298 1.60484 10.3705 17.3629  1.41696 -2.28294 0.418798   0.141834  -0.268823 0.00282708  -0.00115534 -0.000554683  0.000338885 -0.00182401  0.00719653 -0.00245028 1 0 0
             17.7305 1.68154 10.5169 17.4713  1.43074 -2.31089  0.42047   0.143155  -0.247675 0.00396915  -0.00118964 -0.000541173  0.000320406 -0.00165233  0.00741471 -0.00262002 1 0 0
             17.7305 1.68654 10.5276 17.4684  1.43157 -2.31313 0.418974   0.146635  -0.259941 -0.0042554  -0.00119748 -0.000551973  0.000323278 -0.00166086  0.00787625 -0.00232968 1 0 0
             17.8303 1.60198 10.7919  17.339  1.44747 -2.34024  0.42422  0.151575  -0.24374 0.0138511  -0.00113742 -0.000561736  0.000300454 -0.00158635   0.0081922  -0.0031242 1 0 0
             17.8303 1.63328 10.7922 17.3377  1.44779 -2.34199 0.422007   0.152124  -0.253171 0.00222031  -0.00117162 -0.000561264  0.000301581 -0.00156781  0.00851603 -0.00269504 1 0 0
             17.9302 1.79926 10.6117 17.2779  1.46405 -2.36649 0.426091   0.159018  -0.219724 0.00680014  -0.00123494 -0.000563094  0.000263296 -0.00158688  0.00867232 -0.00326371 1 0 0
             17.9302 1.76833 10.5957 17.2999  1.46461 -2.36706 0.423698    0.160292   -0.222645 -0.00580215 -0.00119905 -0.00054724 0.000240393 -0.00169445  0.00881043  -0.0028184 1 0 0
               18.03 1.88326 10.7492 17.1731  1.48302 -2.38477 0.423867   0.18359  -0.16796 -0.013579  -0.00123354 -0.000547982  0.000234517 -0.00189298  0.00864606 -0.00305067 1 0 0
               18.03  1.8437 10.7544 17.1949  1.48279 -2.38465 0.421789   0.180954  -0.167789 -0.0256834  -0.00118766 -0.000553969  0.000212241 -0.00190408   0.0086298 -0.00259769 1 0 0
             18.1298 1.87534 11.0424 17.0608  1.50139 -2.39257 0.425266    0.200412   -0.116449 -0.00615083  -0.00126262 -0.000574886  0.000248493 -0.00207474  0.00780427 -0.00348987 1 0 0
             18.1298 1.81614 11.0627 17.0917  1.50078 -2.39262 0.423028   0.195713  -0.116689 -0.0194344  -0.00119413 -0.000596389  0.000217522 -0.00201692  0.00778173 -0.00297639 1 0 0
             18.2305 1.90602 11.1111 17.2212  1.51987 -2.40311 0.423093   0.198433    -0.0994 -0.0159905 -0.00120732 -0.00057976 0.000221799 -0.0018935 0.00769846 -0.0032568 1 0 0
             18.2305 1.91007 11.1022 17.2681  1.51932 -2.40334 0.420512    0.19365  -0.101135 -0.0309672  -0.00120185 -0.000571282  0.000174075 -0.00183851  0.00771154 -0.00267905 1 0 0
             18.3303 1.93913 11.0819 17.1883  1.53734 -2.40377 0.421702   0.212874 -0.0542363 -0.0180056  -0.00121163 -0.000581475  0.000253422 -0.00195059  0.00655392 -0.00324967 1 0 0
             18.3303 1.92557  11.076  17.214  1.53835  -2.4041 0.419427   0.216253 -0.0562222 -0.0301677 -0.00119112 -0.00057709 0.000224821 -0.00214033  0.00668779 -0.00282908 1 0 0
             18.4301 1.83282 11.3871 17.1492  1.56152 -2.40941 0.419969   0.248505 -0.0391709 -0.0214946  -0.00117914 -0.000584483  0.000262354 -0.00199283  0.00673785 -0.00332639 1 0 0
             18.4301 1.84544 11.4007 17.1643  1.56268 -2.41013 0.417184   0.252318 -0.0436645 -0.0368705  -0.00119121 -0.000599236  0.000246911 -0.00218733  0.00696138 -0.00278191 1 0 0
               18.53 1.68938 11.6486 17.1846  1.59056 -2.41443 0.420645    0.260134  -0.0286236 -0.00732954  -0.00120006 -0.000636552  0.000249139 -0.00231441  0.00715944 -0.00386561 1 0 0
               18.53 1.68448 11.6329 17.2262  1.59059 -2.41515 0.417291   0.257993 -0.0330289 -0.0254044  -0.00118686 -0.000620848  0.000205724 -0.00234802  0.00730734  -0.0031795 1 0 0
             18.6298 1.26053 11.9511 17.0857  1.61711 -2.42072 0.418137    0.253379  -0.0317483 -0.00900565  -0.00114326 -0.000621964  0.000189084 -0.00227143  0.00769172 -0.00361374 1 0 0
             18.6298  1.3252 11.9608 17.0775  1.61576 -2.42164 0.415071   0.244665 -0.0371133 -0.0256892   -0.0012127 -0.000631885  0.000197799 -0.00206147   0.0077554 -0.00292499 1 0 0
             18.7305 0.821227  12.6636  16.7122   1.6382  -2.4251 0.413008   0.224684 -0.0469561 -0.0249231  -0.00114461 -0.000618575  0.000192345 -0.00191134  0.00760815 -0.00293544 1 0 0
             18.7305 0.843655  12.6904  16.6923  1.63896 -2.42454 0.410032   0.226913 -0.0441422 -0.0397123  -0.00117249 -0.000646159  0.000212435 -0.00215626  0.00755407 -0.00242369 1 0 0
             18.8303 0.459129  13.3798  16.5419  1.65958 -2.43076 0.414947   0.201339 -0.0621907 -0.0120266  -0.00118611 -0.000672894  0.000188955 -0.00175465  0.00767656 -0.00346106 1 0 0
             18.8303 0.459133  13.3558  16.5803  1.65993 -2.43098 0.411076   0.200705 -0.0637188 -0.0316552  -0.00117694 -0.000648594  0.000149527 -0.00191267   0.0077368 -0.00274913 1 0 0
             18.9302 0.343289  13.6512  16.2918  1.67757  -2.4374 0.409985   0.168474 -0.0898739 -0.0257701  -0.00121788 -0.000649847  0.000145934  -0.0018569  0.00752896 -0.00299077 1 0 0
             18.9302 0.306394  13.6323  16.2635   1.6771 -2.43697 0.407927   0.164565 -0.0875078 -0.0367665 -0.00118638 -0.00063023 0.000174272 -0.00187587  0.00741459 -0.00256969 1 0 0
               19.03 0.577396  14.0654  16.3781  1.69279 -2.44507 0.407873    0.15182  -0.102143 -0.0263667 -0.00121616 -0.00063396 0.000151303 -0.00184891  0.00720723 -0.00308069 1 0 0
               19.03 0.573151  14.0545  16.3936  1.69284 -2.44381 0.405564   0.150138 -0.0959944 -0.0387633 -0.00120847 -0.00062257  0.00013537 -0.00200713  0.00698286 -0.00264027 1 0 0
             19.1299 0.684212  14.1537   16.304   1.7071 -2.44935 0.402732  0.139612 -0.112304 -0.031817  -0.00119509 -0.000615051  0.000183115 -0.00226433  0.00638977 -0.00281158 1 0 0
             19.1299 0.706768  14.1104  16.3088  1.70681 -2.44964 0.401572   0.137103  -0.114249 -0.0384984  -0.00121732 -0.000569986  0.000177785 -0.00224299  0.00641707 -0.00254628 1 0 0
             19.2305 1.17769 14.1491 16.7338  1.72446  -2.4671 0.401695   0.170979  -0.158822 -0.0188388   -0.0012295 -0.000575598  0.000142014  -0.0022053  0.00709105 -0.00308532 1 0 0
             19.2305 1.17112 14.1417 16.7498  1.72352 -2.46692 0.401302    0.16586  -0.157848 -0.0216219  -0.00121888 -0.000568652  0.000125873 -0.00208272  0.00699471 -0.00293823 1 0 0
             19.3303 1.44979 14.0217 17.2439  1.74151 -2.47845 0.402764    0.187309   -0.173019 -0.00585756  -0.00120929 -0.000561959  0.000176911 -0.00232368  0.00631415 -0.00347697 1 0 0
             19.3303 1.44943 14.0098 17.2744  1.74038 -2.47942 0.402112     0.1809  -0.178281 -0.0105778  -0.00120075 -0.000550787  0.000145737 -0.00210287  0.00641004 -0.00322842 1 0 0
             19.4302 1.43592 14.0278 18.1661  1.75857 -2.49834 0.406446   0.199558   -0.20586 0.00581826  -0.00118074 -0.000575704  0.000190259 -0.00188646  0.00634948 -0.00390968 1 0 0
             19.4302 1.43009 14.0219 18.2174  1.75803 -2.49872 0.404534    0.195379   -0.208179 -0.00503276  -0.00116149 -0.000570951  0.000138102 -0.00184372  0.00638079 -0.00347475 1 0 0
               19.53 1.37648  14.231 19.4569  1.77518 -2.52406 0.410488  0.191185 -0.243285    0.0124   -0.0011504 -0.000607787  0.000122128 -0.00126002  0.00661388 -0.00420032 1 0 0
               19.53 1.46503 14.2364 19.4928  1.77595   -2.524 0.407647    0.193321   -0.244378 -0.00256155  -0.00123445 -0.000615016  8.58468e-05 -0.00148366  0.00666197   -0.003687 1 0 0
             19.6298 1.46072 14.6106  20.667  1.79669 -2.55102 0.406626    0.21321  -0.264552 -0.0107814  -0.00124927 -0.000605459  0.000111994 -0.00145034  0.00687793 -0.00365934 1 0 0
             19.6298 1.39873 14.6341 20.6606  1.79811 -2.55104 0.404593   0.218788  -0.264529 -0.0211414  -0.00118601 -0.000628995  0.000118625 -0.00174151  0.00697912 -0.00334709 1 0 0
             19.7305 1.32677 15.1855 21.6261  1.81901 -2.57704 0.405669    0.219287   -0.283667 -0.00058761  -0.00120918 -0.000621931   0.00013823 -0.00161951  0.00674931 -0.00367908 1 0 0
             19.7305 1.33417 15.1874 21.6573   1.8208 -2.57695 0.403517    0.22665  -0.283481 -0.0111545   -0.0012085 -0.000624061  0.000107096 -0.00198017  0.00685645 -0.00338022 1 0 0
             19.8303 1.40638 15.4418 22.6468  1.84153 -2.60231 0.407172   0.21314 -0.280872   0.01613  -0.00123634 -0.000619566  0.000138959 -0.00189369  0.00642044 -0.00387983 1 0 0
             19.8303 1.44041 15.4374 22.6714 1.84222 -2.6027 0.40548    0.21538  -0.283272 0.00731818 -0.00126495  -0.0006158 0.000114308 -0.00203375  0.00652864  -0.0035826 1 0 0
             19.9301 1.56283 15.6427  23.385  1.86662 -2.63466 0.407779  0.222688   -0.2963 0.0111972  -0.00124475 -0.000612736  9.86248e-05 -0.00207649  0.00704176 -0.00386671 1 0 0
             19.9301 1.52988 15.6385 23.3194  1.86622 -2.63402 0.406063    0.21942  -0.293088 0.00181169  -0.00122913 -0.000606295  0.000164104 -0.00214356  0.00689812 -0.00351228 1 0 0
               20.03 1.70341 15.6118 23.8988  1.88535 -2.65759 0.406282    0.189641   -0.255814 0.000608824   -0.0013041 -0.000578627  0.000127415 -0.00227847  0.00628419 -0.00352681 1 0 0
               20.03 1.60012 15.6137 23.8342   1.8851  -2.6581 0.405716    0.187644   -0.257811 -0.00277732  -0.00121126 -0.000578565  0.000194853 -0.00222023  0.00634607 -0.00337835 1 0 0
             20.1298  1.5135 15.6822 24.2279  1.90334 -2.67862 0.407701     0.17656   -0.215182 -0.00709305  -0.00124056 -0.000582282   0.00019801  -0.0023648  0.00595989 -0.00382096 1 0 0
             20.1298 1.50164 15.6766 24.2014  1.90254 -2.67833 0.407256    0.172465   -0.214003 -0.00994409  -0.00123564 -0.000575516  0.000224851 -0.00229437  0.00585143 -0.00367422 1 0 0
             20.2304 1.04577 16.0722 24.6367  1.91909 -2.69674 0.407094   0.150756  -0.184338 -0.0125246  -0.00122561 -0.000588368  0.000247715 -0.00233526  0.00572005 -0.00386323 1 0 0
             20.2304 1.03322 16.0953 24.6571  1.91778 -2.69805 0.407185   0.144323  -0.190667 -0.0130853  -0.00120725 -0.000609769  0.000226413 -0.00201874  0.00580452 -0.00373946 1 0 0
             20.3303 0.694836  16.3513  25.0121  1.93231 -2.71571 0.407781    0.125158   -0.170739 -0.00179508  -0.00129104 -0.000584486  0.000185032 -0.00212323  0.00586953 -0.00404534 1 0 0
             20.3303 0.639904  16.3768  24.9679  1.93159 -2.71619 0.407502    0.121311   -0.172876 -0.00393073  -0.00125083 -0.000605846  0.000224945 -0.00198498  0.00587904 -0.00391508 1 0 0
             20.4301 0.512121  16.4494  25.4155  1.94188 -2.73011 0.408404  0.0909379  -0.152113 0.00559127  -0.00122261 -0.000584048  0.000220734 -0.00206448  0.00559638 -0.00403748 1 0 0
             20.4301 0.517719  16.4614  25.4159  1.94108 -2.73192 0.408165 0.0863921 -0.161193 0.0032261  -0.00123131 -0.000590238  0.000218595 -0.00179349  0.00578451  -0.0038645 1 0 0
               20.53 0.685614  16.0475  25.6997   1.9496  -2.7437 0.410385  0.0785262  -0.123211 0.00778533  -0.00120017 -0.000563574  0.000224823  -0.0020127  0.00555218 -0.00420279 1 0 0
               20.53 0.786901  16.0406  25.6552  1.94897 -2.74491 0.410177  0.0752024  -0.129864 0.00597383  -0.00131188 -0.000551924  0.000264296 -0.00182678  0.00565958 -0.00407518 1 0 0
             20.6298 1.05495 15.9305 25.6612  1.95761 -2.75274 0.411961  0.0947889 -0.0893063 0.00229757  -0.00134239 -0.000539152  0.000261189 -0.00202502  0.00534046 -0.00436002 1 0 0
             20.6298 1.01534 15.9626 25.6437  1.95671 -2.75508 0.411874  0.0899193  -0.100814 0.00073129  -0.00131544 -0.000561219  0.000275473 -0.00169429  0.00559018 -0.00419761 1 0 0
             20.7305 1.12466 15.9551 25.5474  1.96969 -2.76776 0.413172    0.112395  -0.0837909 -0.00385375 -0.00125612  -0.0005522 0.000260887 -0.00169389  0.00617595 -0.00450501 1 0 0
             20.7305 1.19102 15.9858 25.5476  1.97002 -2.76878 0.412525    0.113803   -0.089273 -0.00729376   -0.001329 -0.00058333  0.00026082 -0.00166964  0.00634122 -0.00437559 1 0 0
             20.8303 1.50884 15.9459 25.4375  1.98372 -2.77711 0.410074   0.133889  -0.071333 -0.0234412  -0.00133075 -0.000546314  0.000256572 -0.00185104  0.00644091 -0.00435934 1 0 0
             20.8303 1.48969 15.9793 25.4574  1.98348 -2.77816 0.410322   0.132843 -0.0761908 -0.0224331 -0.00130959 -0.00057639  0.00023797 -0.00171055  0.00656671 -0.00435373 1 0 0
             20.9302 1.61472 15.7534 25.5707  1.99806 -2.78002 0.411282   0.147304 -0.0415758 -0.0080268  -0.00132888 -0.000571058  0.000230974 -0.00199147  0.00618948 -0.00485173 1 0 0
             20.9302 1.56669 15.7494 25.5895  1.99835 -2.78179 0.410532   0.147598 -0.0499299 -0.0120716 -0.00128272 -0.00056535 0.000212098 -0.00189501  0.00645367 -0.00467799 1 0 0
               21.03  1.5111 15.3638 25.6235  2.01323 -2.78338 0.410612   0.158999 -0.0290909 -0.0105669  -0.00129773 -0.000553542  0.000231067  -0.0019669   0.0061862 -0.00486125 1 0 0
               21.03 1.49572 15.3677 25.6244  2.01248 -2.78487 0.409866   0.154257 -0.0366504 -0.0153472  -0.00128527 -0.000551247  0.000229101  -0.0017535  0.00632498 -0.00461845 1 0 0
             21.1299 1.37082 15.3026  25.849  2.02695 -2.78418 0.411861   0.163694 -0.0145707 -0.0038952  -0.00134545 -0.000564079  0.000254369 -0.00171838  0.00587565  -0.0050588 1 0 0
             21.1299 1.27516 15.3249 25.8907  2.02758  -2.7855 0.410365   0.165428 -0.0208361 -0.0118933  -0.00124767 -0.000585105  0.000214574 -0.00173878  0.00612013 -0.00478385 1 0 0
             21.2305 1.35703 15.2185 25.9465  2.04341 -2.78346  0.41093    0.143983  -0.0233326 -0.00842538  -0.00130518 -0.000594167  0.000238033  -0.0020034  0.00564056 -0.00513485 1 0 0
             21.2305 1.30197 15.2326  25.915  2.04421 -2.78367 0.409495   0.146845 -0.0242349 -0.0161231   -0.0012579 -0.000610481  0.000270074 -0.00214862   0.0057412 -0.00490448 1 0 0
             21.3304 1.37996 14.9243 26.2131  2.05877  -2.7812 0.409004     0.136177   0.00977317 -0.000588012  -0.00127002 -0.000580015  0.000271956 -0.00241751  0.00539625 -0.00505217 1 0 0
             21.3304 1.39906 14.9301 26.2324  2.05842 -2.78225 0.407987    0.133717   0.0043061 -0.00649469  -0.00128518 -0.000583297  0.000253528 -0.00231237   0.0055094 -0.00479999 1 0 0
             21.4302 0.862043  14.6265  26.0141  2.07296 -2.78357 0.410978   0.107154 -0.0301901 0.00536856   -0.0013149 -0.000600125  0.000264164 -0.00249711   0.0057528 -0.00538638 1 0 0
             21.4302 0.826313  14.6427  25.9859  2.07151 -2.78487 0.410223    0.0988351   -0.0369224 -0.000261867 -0.00128848 -0.00060825 0.000289774 -0.00219402  0.00580407 -0.00508184 1 0 0
               21.53 0.924199  13.7785  25.8664  2.08181  -2.7895 0.411501   0.0826932  -0.0677623 -0.00174327  -0.00129255 -0.000578257  0.000277674 -0.00240678  0.00579952 -0.00541986 1 0 0
               21.53 0.941829  13.7827  25.8824  2.08116 -2.79076 0.409751  0.0783639 -0.0748197 -0.0115975  -0.00130836 -0.000576685  0.000261344 -0.00226407   0.0059235 -0.00501795 1 0 0
             21.6299 1.21817 13.3971  25.935  2.09015  -2.7959 0.410703   0.0871704   -0.070584 -0.00428299  -0.00126273 -0.000609313  0.000273126  -0.0024818  0.00574798 -0.00537516 1 0 0
             21.6299 1.22176  13.398 25.9296  2.08805  -2.7977 0.409016  0.0752821 -0.0801104 -0.0144881  -0.00126939 -0.000597073  0.000277291 -0.00208335  0.00580288 -0.00488721 1 0 0
             21.7305 1.34036 13.0373 26.2181  2.09826 -2.80579 0.415705 0.0802464 -0.110241 0.0178718  -0.00125298 -0.000636758  0.000278785 -0.00226945  0.00588779 -0.00595092 1 0 0
             21.7305 1.32877 13.0413 26.2322  2.09713 -2.80697 0.413166 0.0721748 -0.117095 0.0025952 -0.00123901 -0.00063449 0.000264311 -0.00206923  0.00594566 -0.00534164 1 0 0
             21.8304 1.63183 12.0814 27.0059  2.10344 -2.81349  0.41483 0.0625672 -0.123923 0.0117399  -0.00122129 -0.000636311  0.000269275 -0.00251899  0.00525739 -0.00559761 1 0 0
             21.8304 1.69665 12.0362 27.0245   2.1008 -2.81622 0.412256   0.0472684   -0.138877 -0.00373574    -0.001283 -0.000583006   0.00024883 -0.00195899  0.00539646 -0.00487172 1 0 0
             21.9302 1.98354 11.3413 28.2264  2.10819 -2.83274 0.415658  0.0755902  -0.172674 0.00688344  -0.00121459 -0.000605512  0.000274556 -0.00198506  0.00566518 -0.00539777 1 0 0
             21.9302 2.04988 11.3498 28.2965  2.10702 -2.83481 0.413111   0.0682366   -0.183425 -0.00685271  -0.00127388 -0.000611546   0.00020053 -0.00169131  0.00583097 -0.00481197 1 0 0
               22.03 2.21798 11.2973 29.8233   2.1132 -2.84742 0.418168 0.0712223 -0.169009 0.0103485  -0.00118312 -0.000640264  0.000280007 -0.00184877  0.00518919 -0.00555811 1 0 0
               22.03 2.28212 11.3301 29.8645   2.1136 -2.84958 0.414881   0.0712836   -0.180189 -0.00682521  -0.00124708 -0.000669806  0.000238699 -0.00177393  0.00552028 -0.00490527 1 0 0
             22.1299 2.09283 11.7228 31.4247  2.12504 -2.86083 0.419376 0.0823891  -0.17812 0.0212566 -0.00114778 -0.00069663 0.000325888 -0.00252162  0.00506271 -0.00576617 1 0 0
             22.1299 2.17233 11.7457 31.5034  2.12389  -2.8643 0.416205  0.0744912  -0.196704 0.00335005  -0.00122248 -0.000710366  0.000247637 -0.00205103  0.00543732 -0.00500594 1 0 0
             22.2305  1.8903 11.4725   32.69  2.13122  -2.8777 0.423668 0.0755134  -0.18235 0.0309445  -0.00115494 -0.000713994  0.000376821 -0.00249683  0.00477923 -0.00595973 1 0 0
             22.2305 1.97652 11.4328 32.7453   2.1294 -2.88261 0.419198  0.0625748  -0.207979 0.00756165 -0.00124352 -0.00065944 0.000318466 -0.00178701   0.0052385 -0.00495484 1 0 0
             22.3303 1.93454  11.337 33.9942   2.1346 -2.89308 0.421691  0.0608898  -0.170473 0.00774063  -0.00117263 -0.000665837  0.000437815 -0.00245709  0.00421816 -0.00528059 1 0 0
             22.3303 2.02177  11.358 34.0614   2.1337  -2.8982 0.419583  0.0539262  -0.196163 -0.0049073  -0.00125996 -0.000675592  0.000370076 -0.00178638  0.00476099  -0.0046963 1 0 0
             22.4302 2.03763 11.3342 35.0059  2.14017 -2.90815 0.420859   0.0501595    -0.15974 -0.00341668   -0.0012474 -0.000654592  0.000456675 -0.00262284  0.00405024 -0.00514363 1 0 0
             22.4302 2.04533 11.3532 35.0285  2.13912 -2.91494  0.41876  0.0411125  -0.194092 -0.0158663  -0.00126905 -0.000655751  0.000431097  -0.0016706  0.00476811 -0.00451873 1 0 0
               22.53 1.86704 11.4304 35.6277  2.15084 -2.93127 0.421282  0.0591336  -0.177086 0.00574554 -0.00119094 -0.00068054 0.000518619 -0.00254497  0.00514371 -0.00528226 1 0 0
               22.53 1.92738 11.4257 35.7146  2.14841 -2.93679 0.419266   0.0434586    -0.20748 -0.00705878  -0.00124539 -0.000657885  0.000430554 -0.00149772  0.00554827 -0.00460824 1 0 0
             22.6298 1.79468  11.349 36.1801  2.15342 -2.95024 0.416999   0.038858  -0.175244 -0.0105836  -0.00109246 -0.000642194  0.000508759 -0.00221907  0.00505822  -0.0045357 1 0 0
             22.6298 2.02229 11.3258 36.1694  2.15149 -2.95507 0.416163   0.027038  -0.203375 -0.0153649  -0.00133227 -0.000601736  0.000515575 -0.00125522   0.0054247 -0.00417041 1 0 0
             22.7305    2.08 11.3239 36.4392  2.15701 -2.96975  0.41366  0.0276399  -0.174903 -0.0177555  -0.00123561 -0.000597397   0.00053967 -0.00208094  0.00524838 -0.00423556 1 0 0
             22.7305 2.15323 11.3264  36.484  2.15572 -2.97544 0.414503  0.0196366   -0.20655 -0.0133877  -0.00131235 -0.000583933  0.000492759 -0.00101772  0.00582326 -0.00419793 1 0 0
             22.8303 2.05926 11.1764 36.6084  2.16275 -2.99086 0.417966   0.0241061   -0.175351 0.000763006  -0.00115677 -0.000591376  0.000520736 -0.00191254  0.00602859 -0.00502263 1 0 0
             22.8303 2.25384 11.1672 36.6388   2.1615 -2.99629 0.417772    0.0160863    -0.206494 -0.000144274  -0.0013557 -0.00056476 0.000487236 -0.000910727   0.00655499  -0.00480038 1 0 0
             22.9301 2.12357 11.1349 36.7912  2.16696 -3.01405 0.419494  0.0307063  -0.178294 0.00565923  -0.00123871 -0.000542814  0.000476344 -0.00138732  0.00682389 -0.00515261 1 0 0
             22.9301 2.18569  11.196 36.8183  2.16607  -3.0179 0.419843 0.0255174 -0.199769 0.0069846  -0.00130412 -0.000590842  0.000449764 -0.000664019    0.0072042  -0.00506822 1 0 0
               23.03 2.19044 10.9697 36.9805  2.16939 -3.03059  0.42237 0.0143991 -0.156735 0.0130867   -0.0012321 -0.000560329  0.000454354 -0.00140112  0.00682373 -0.00543225 1 0 0
               23.03 2.30764 10.9925 37.0132  2.16838 -3.03448 0.422082 0.00832719  -0.178715  0.0112938   -0.0013511 -0.000570671  0.000420942 -0.000679122   0.00718339  -0.00523288 1 0 0
             23.1298 2.32363 10.8292 37.0514   2.1727 -3.04513 0.423081  0.0263582  -0.117144 0.00776825  -0.00127968 -0.000539573  0.000423421 -0.00147278  0.00701647 -0.00542546 1 0 0
             23.1298 2.39004 10.8838 37.0495  2.17179 -3.04782 0.423294  0.0214684  -0.131734 0.00845424  -0.00135141 -0.000584583  0.000425822 -0.000942055   0.00723007  -0.00535258 1 0 0
             23.2305 2.23356 10.7046 36.9291  2.17489 -3.05627 0.425734  0.0189677 -0.0764753  0.0202107  -0.0012306 -0.00056062 0.000419821 -0.00128273  0.00717956 -0.00557357 1 0 0
             23.2305 2.32697 10.7317 36.9719  2.17455 -3.05923 0.425463  0.0169575 -0.0921054  0.0188273  -0.00132137 -0.000580756  0.000377464 -0.000820342   0.00749515   -0.0054437 1 0 0
             23.3303 2.31932 10.5095 36.5222  2.17236  -3.0579 0.430864  0.0084958 -0.0240156  0.0239638  -0.00122956 -0.000562058  0.000431658 -0.00120252  0.00639505 -0.00590788 1 0 0
             23.3303 2.41137  10.546 36.5179  2.17318 -3.06032 0.429654   0.013036 -0.0367558  0.0178465  -0.00132944 -0.000593979  0.000435482 -0.00101663  0.00682138 -0.00566516 1 0 0
             23.4301 2.20299  10.303 35.8143   2.1746 -3.05201 0.437081 -0.00241711   0.0350581   0.0335553   -0.0012499 -0.000617683  0.000482829 -0.00190275  0.00607051 -0.00656763 1 0 0
             23.4301 2.25567 10.3161 35.8302  2.17472 -3.05549 0.434667 -0.0035545  0.0168514  0.0203679  -0.00130691 -0.000621952  0.000465724 -0.00148852  0.00650654 -0.00602031 1 0 0
               23.53 2.19994  10.275 34.9977  2.17841 -3.05156 0.439337 0.0271224 0.0454493 0.0152091   -0.0012415 -0.000624003  0.000472785 -0.00182261  0.00670662 -0.00659627 1 0 0
               23.53 2.25201 10.3339  35.023  2.17785  -3.0538 0.436544   0.0227683   0.0335503 0.000247379  -0.00129169 -0.000675694  0.000448958 -0.00149652  0.00690487  -0.0059914 1 0 0
             23.6298 2.50785 10.5675 34.7054  2.17859 -3.04093 0.439145    0.01197  0.0630994 0.00797335  -0.00127502 -0.000689774  0.000485989 -0.00222933  0.00601995 -0.00647409 1 0 0
             23.6298 2.54259 10.5736 34.7712  2.17816 -3.04486 0.435647 0.00742947  0.0418981 -0.0104456  -0.00130544 -0.000687208  0.000419873 -0.00169602  0.00647488 -0.00571389 1 0 0
             23.7305 2.54482 10.6923 34.2293  2.18104 -3.03882 0.439335 0.0188499 0.0439597 0.0113865  -0.00126125 -0.000682757  0.000484667 -0.00196335  0.00650864 -0.00635501 1 0 0
             23.7305 2.60075 10.7004 34.2787  2.18065 -3.04176  0.43552   0.0145048    0.028094 -0.00861847   -0.0013148 -0.000684838  0.000434266 -0.00158851  0.00683618 -0.00555191 1 0 0
             23.8303 2.38498 10.6748 33.8607  2.18301 -3.03967 0.439027  0.0149503 0.00863238 0.00806228  -0.00119193 -0.000684318  0.000428764 -0.00164515  0.00694622 -0.00611596 1 0 0
             23.8303 2.50799 10.6725 33.8892  2.18247 -3.04221 0.435441   0.0101151 -0.00566925  -0.0114367  -0.00131563 -0.000674227  0.000399174 -0.00130192  0.00720977 -0.00532738 1 0 0
             23.9301  2.3773 10.7599 33.4601  2.18714 -3.03919 0.436825    0.0322481 -0.000171301  -0.00896217  -0.00124637 -0.000667147  0.000410615 -0.00190003  0.00712724 -0.00584274 1 0 0
             23.9301 2.46641 10.7769 33.4503   2.1859 -3.04094 0.433823   0.023995 -0.0101782 -0.0260311  -0.00133974 -0.000675933  0.000421171 -0.00155269  0.00719517 -0.00513078 1 0 0
               24.03 2.31066 10.9868 33.1681  2.19205  -3.0423 0.433552  0.0381422 -0.0147158 -0.0197853  -0.00126568 -0.000673969  0.000366799 -0.00180773  0.00754715 -0.00556061 1 0 0
               24.03 2.34349  10.992 33.2012  2.19052 -3.04367 0.430726  0.0284436 -0.0221884 -0.0358692  -0.00129235 -0.000674351  0.000333719 -0.00148005  0.00752763 -0.00488242 1 0 0
             24.1298 2.36007 11.1123 32.9668  2.19057 -3.04182 0.431709   0.0161143 -0.00130595  -0.0154118  -0.00129038 -0.000674363  0.000398602 -0.00150402  0.00691007 -0.00542414 1 0 0
             24.1298 2.39545 11.0966 33.0184  2.19056 -3.04325 0.429006   0.0149127 -0.00923408  -0.0296477  -0.00131876 -0.000658058  0.000345748 -0.00139372  0.00711726 -0.00486972 1 0 0
             24.2305 2.31431  11.066 32.8476   2.1905 -3.03556 0.428132 0.00101726  0.0287861 -0.0229013  -0.00133013 -0.000642577   0.00043446 -0.00193617  0.00621593 -0.00520025 1 0 0
             24.2305 2.29705  11.069 32.9407  2.18936 -3.03683 0.426701 -0.0060911  0.0222113 -0.0313085  -0.00129486 -0.000645271    0.0003422 -0.00164408  0.00624368 -0.00482007 1 0 0
             24.3303 2.10656 11.1395 32.8374  2.19489 -3.03582 0.430432  0.0254335  0.0259599 -0.0108607  -0.00125479 -0.000680622  0.000353765 -0.00188045  0.00691153 -0.00591823 1 0 0
             24.3303 2.19697 11.1368 32.8657  2.19402 -3.03832 0.428674  0.0203063  0.0120147 -0.0208191  -0.00134369 -0.000673348  0.000324708 -0.00148411  0.00717028  -0.0054694 1 0 0
             24.4301 2.19212 11.2023  32.736  2.19684  -3.0325 0.429538  0.0134743  0.0169278 -0.0148564  -0.00134263 -0.000677556  0.000362402 -0.00194645  0.00675327 -0.00599004 1 0 0
             24.4301 2.16322  11.185 32.7779  2.19553 -3.03465 0.427292 0.00502874 0.00562602 -0.0274654  -0.00130656 -0.000655413  0.000319275 -0.00154629    0.006895 -0.00543329 1 0 0
               24.53 2.09279 10.9851   32.65  2.19573 -3.02908 0.427708  0.0162111  0.0189088 -0.0176586  -0.00130536 -0.000654071  0.000361314 -0.00185623  0.00634721 -0.00587342 1 0 0
               24.53 2.06415  10.984 32.6741  2.19491 -3.03087 0.425736  0.0106276 0.00951744 -0.0284719 -0.00127314 -0.00064921 0.000336683 -0.00156289  0.00650207 -0.00540732 1 0 0
             24.6298 2.15998 11.0262 32.6762  2.19636 -3.02763 0.426263   0.0193063 -0.00662187  -0.0162415  -0.00120438 -0.000664735  0.000397335   -0.001815  0.00617115 -0.00588146 1 0 0
             24.6298  2.2647 11.0118 32.7538  2.19577 -3.03056 0.423409  0.0143029 -0.0226886  -0.031167  -0.00130012 -0.000647219  0.000318183 -0.00141829  0.00649903 -0.00524581 1 0 0
             24.7305  2.6149  11.098 33.1648    2.197 -3.03155 0.423838     0.0305 -0.0324173 -0.0175439  -0.00123666 -0.000647239  0.000357894 -0.00139675   0.0062241 -0.00567813 1 0 0
             24.7305  2.6814 11.1101 33.2049  2.19698 -3.03305   0.4219  0.0297845  -0.040727 -0.0277295  -0.00129857 -0.000659015  0.000318297 -0.00125799  0.00643998 -0.00527004 1 0 0
             24.8303 2.74346 11.1796 33.4923  2.20093  -3.0331 0.427486  0.0426624 -0.0456555 0.00889928   -0.0012682 -0.000670527  0.000369958 -0.00151689  0.00600545 -0.00632998 1 0 0
             24.8303 2.76796 11.1645 33.5292  2.20115 -3.03438 0.423808  0.0424749 -0.0530818 -0.0101371  -0.00128892 -0.000655294   0.00033229 -0.00149466  0.00623873 -0.00560866 1 0 0
             24.9302 2.50274 11.2211  34.068  2.20734 -3.03784 0.431734  0.0642825 -0.0732347  0.0268944  -0.00125818 -0.000677171   0.00036562 -0.00171907   0.0059753 -0.00677625 1 0 0
             24.9302  2.5206 11.2337 34.0959  2.20762 -3.03995  0.42754  0.0634644 -0.0851018 0.00460873  -0.00127562 -0.000687921  0.000337699  -0.0015908   0.0063233 -0.00591763 1 0 0
               25.03 2.16054 11.5479  34.826  2.21588 -3.04675 0.434287 0.0699762 -0.100564 0.0353776  -0.00119444 -0.000710325  0.000372536 -0.00184848  0.00613172 -0.00674168 1 0 0
               25.03 2.24587 11.5548 34.8712  2.21564 -3.04995  0.43038 0.0664704  -0.11856  0.013737 -0.00127865 -0.00071395 0.000326974 -0.00149193  0.00655839 -0.00586507 1 0 0
             25.1298 1.84704 11.6985 35.5578  2.22564 -3.05705 0.431365  0.0818982  -0.114868 0.00773488  -0.00122224 -0.000688991  0.000354123 -0.00226802   0.0062863 -0.00604161 1 0 0
             25.1298 1.88714 11.7015  35.546  2.22394 -3.05993 0.428383   0.070745  -0.131632 -0.0100718  -0.00126926 -0.000683816  0.000365103 -0.00169539   0.0064855  -0.0052483 1 0 0
             25.2305 1.68178 11.9416 36.2879  2.23394 -3.07602   0.4281  0.0834084  -0.149602 -0.0058195  -0.00117535 -0.000662165   0.00036617  -0.0017278  0.00694649 -0.00542728 1 0 0
             25.2305 1.83945 11.9547 36.3328  2.23308 -3.07888 0.426356 0.0778537  -0.16654 -0.015625  -0.00132932 -0.000671586  0.000321465 -0.00123129  0.00723487 -0.00495741 1 0 0
             25.3303 1.66798  12.016 37.0164  2.24164 -3.09116 0.421434  0.0799484  -0.150367 -0.0231009  -0.00123947 -0.000609685  0.000320694 -0.00178012  0.00694611 -0.00458806 1 0 0
             25.3303 1.67105  12.025 37.0155  2.24067 -3.09396 0.421058  0.0735603  -0.166019 -0.0253201  -0.00124682 -0.000612173  0.000320777 -0.00122062  0.00720037 -0.00439118 1 0 0
             25.4301 1.65427 11.9069 37.6157  2.25071 -3.10907 0.424581   0.0841437   -0.155558 -0.00588725   -0.0012343 -0.000586897  0.000319818  -0.001462 0.00735156 -0.0052782 1 0 0
             25.4301 1.74561 11.9186 37.6499  2.25055 -3.11189 0.424208   0.0823022   -0.170516 -0.00790979  -0.00132451 -0.000595208   0.00028519 -0.00103789   0.0076741 -0.00511921 1 0 0
               25.53 1.52826 11.7749 38.1108  2.25668 -3.12045 0.427135   0.0749635   -0.148267 0.000609118  -0.00122935 -0.000584096  0.000333995 -0.00158988  0.00681693 -0.00570208 1 0 0
               25.53 1.60321 11.7906  38.119  2.25536 -3.12363 0.426914    0.0667489    -0.165685 -0.000921064  -0.00131043 -0.000593774  0.000325324 -0.000918452   0.00702704  -0.00549925 1 0 0
             25.6298 1.52432 11.6101 38.4537  2.26145 -3.12961 0.427387   0.0749551   -0.125067 -0.00996784  -0.00124213 -0.000551757  0.000376812 -0.00183131  0.00610269 -0.00581254 1 0 0
             25.6298 1.55357 11.6479 38.4644  2.26104  -3.1339 0.426687  0.0705753  -0.146893 -0.0132896  -0.00127499 -0.000585548  0.000365801 -0.00113309    0.006542 -0.00554296 1 0 0
             25.7305 1.44577 11.6944  38.769  2.26939 -3.14224 0.427549   0.0747379    -0.11601 -0.00912038  -0.00117625 -0.000565332  0.000370942 -0.00176555  0.00620272 -0.00600948 1 0 0
             25.7305 1.52917 11.7417 38.7545  2.26883 -3.14631 0.427295  0.0706116  -0.137903 -0.0103063  -0.00126774 -0.000609609  0.000385669 -0.00103922  0.00662748  -0.0058166 1 0 0
             25.8303 1.35367 11.7089 39.0389  2.27685 -3.15695 0.429172 0.0684228 -0.115888  0.003778  -0.00115154 -0.000565162  0.000370029 -0.00136556  0.00655791 -0.00626103 1 0 0
             25.8303 1.50309 11.7653 39.0285  2.27687 -3.16044 0.428596  0.0674323  -0.135261 0.00107767  -0.00130981 -0.000620561  0.000381344 -0.000801753   0.00698489  -0.00604471 1 0 0
             25.9301 1.25929 11.6481 39.1619   2.2816   -3.167 0.432253 0.0563624 -0.108831 0.0137994  -0.00118366 -0.000595804  0.000422795 -0.00132644  0.00631031 -0.00658923 1 0 0
             25.9301 1.38487 11.6824  39.198  2.28211    -3.17 0.430431  0.0569725  -0.126287 0.00450971 -0.00130776    -0.00063 0.000386488 -0.000921039   0.00674705  -0.00614932 1 0 0
               26.03 1.28188  11.651 39.3044  2.28957 -3.17701 0.430484  0.0646941  -0.103235 0.00191892 -0.00123828 -0.00059081 0.000430029 -0.00170146  0.00646331  -0.0062641 1 0 0
               26.03 1.33816 11.6843 39.3455  2.29076 -3.18084 0.428828  0.0682285  -0.123376 -0.0056243  -0.00129075 -0.000623988  0.000388199 -0.00127299  0.00707059 -0.00589353 1 0 0
             26.1298 1.31937 11.6396 39.5978  2.29868 -3.19075 0.427534   0.0649262   -0.116818 -0.00998788   -0.0012032 -0.000568992  0.000383804 -0.00171123   0.0070323 -0.00589955 1 0 0
             26.1298 1.43251 11.6815 39.5928  2.29932 -3.19394 0.427096   0.066687  -0.133573 -0.0113835  -0.00132299 -0.000610608  0.000389593 -0.00127688  0.00747647 -0.00576323 1 0 0
             26.2304 1.36275 11.5902 39.8611  2.30259 -3.19716 0.429373   0.0545847  -0.0996129 0.000872658 -0.00121283 -0.00057286 0.000444348 -0.00202235  0.00639977 -0.00626654 1 0 0
             26.2304 1.44249 11.6395 39.8912  2.30251 -3.20102 0.428694   0.0519436   -0.120848 -0.00228813  -0.00128951 -0.000621656  0.000414865 -0.00135467  0.00683817 -0.00600911 1 0 0
             26.3303 1.46453 11.5743 40.2418  2.31056 -3.21005 0.431037   0.067724  -0.113674 0.00580202 -0.00118963 -0.00057639 0.000432976 -0.00185544  0.00679906 -0.00648909 1 0 0
             26.3303 1.60911 11.6348 40.2589  2.31085 -3.21374 0.430658  0.0675501  -0.133891 0.00447809  -0.00133642 -0.000636744  0.000417048 -0.00126189  0.00725796 -0.00632186 1 0 0
             26.4301 1.73051 11.4713 40.5192  2.32305 -3.22558 0.434005 0.0822626 -0.124412 0.0144508   -0.0012838 -0.000599396  0.000404583 -0.00185603  0.00767233 -0.00688194 1 0 0
             26.4301 1.77311 11.5049 40.5459  2.32306 -3.22992 0.432557  0.0793311  -0.146809 0.00760326 -0.00132427 -0.00063118 0.000378303 -0.00118176  0.00813949 -0.00648127 1 0 0
               26.53 1.65891 11.3352 40.8828  2.33141 -3.24312 0.435285   0.077046  -0.126303 0.00859009    -0.001284 -0.000581037  0.000357727 -0.00126673  0.00818939 -0.00679321 1 0 0
               26.53 1.68328 11.3811 40.9102  2.33171 -3.24749 0.433066   0.0754413   -0.147883 -0.00222298  -0.00130562 -0.000626131  0.000331097 -0.000676256   0.00868219   -0.0062582 1 0 0
             26.6302 1.31635 11.4457 41.2803  2.33905 -3.25763 0.430399  0.0673742   -0.11349 -0.0209971  -0.00122576 -0.000575022    0.0003454 -0.00112272   0.0084313 -0.00611487 1 0 0
             26.6302 1.37102 11.5095 41.3074  2.33952 -3.26054 0.429747  0.0682436  -0.127539 -0.0244585 -0.00127759 -0.00063971 0.000319738 -0.00073975  0.00879159 -0.00590972 1 0 0
               26.73 0.901273  11.8294  41.6147  2.34106 -3.26517 0.433807   0.0546779  -0.0806593 -0.00197213   -0.0012196 -0.000638367  0.000347815 -0.000797055   0.00779054  -0.00674488 1 0 0
               26.73 0.958498  11.8694  41.6165  2.34232 -3.26695  0.43168   0.059899 -0.0897146 -0.0124614  -0.00127966 -0.000679514  0.000346759 -0.000735961    0.0081651  -0.00633219 1 0 0
             26.8299 0.760346  11.9649  42.0179  2.34572  -3.2688 0.430895   0.0486756  -0.0536793 0.000212085  -0.00123206 -0.000644594  0.000334612 -0.00120242   0.0074472 -0.00639706 1 0 0
             26.8299 0.848045  11.9706  42.0125  2.34705 -3.27015 0.429145   0.0543936  -0.0605884 -0.00788348  -0.00132513 -0.000650822  0.000339948 -0.00120852  0.00777149 -0.00608928 1 0 0
             26.9305 1.04811 11.7812 42.2399   2.3558 -3.27026 0.427563   0.0783345 -0.00530833 -0.00610484   -0.0012991 -0.000589453  0.000345131 -0.00187086  0.00771195 -0.00611036 1 0 0
             26.9305 1.09027 11.8118 42.2552  2.35641 -3.27236 0.426885  0.0802905 -0.0163417 -0.0093033  -0.00134021 -0.000619927  0.000329968 -0.00160421  0.00802732 -0.00593296 1 0 0
             27.0303 1.20887 11.7479 42.3266  2.36684 -3.26704 0.429664    0.112005   0.0451594 -0.00281943   -0.0012182 -0.000592455  0.000345331   -0.002105  0.00782337 -0.00656818 1 0 0
             27.0303 1.32672 11.7757 42.3434  2.36621 -3.26944 0.428128   0.107498  0.0315947 -0.0105574  -0.00133625 -0.000618811  0.000328971 -0.00165401  0.00797784 -0.00616429 1 0 0
             27.1302 1.56583  11.729 42.5777  2.37881 -3.26231 0.428084   0.140878  0.0735492 -0.0168891   -0.0012708 -0.000577411  0.000322094 -0.00187867  0.00784416 -0.00640656 1 0 0
             27.1302 1.62972 11.7844 42.5851  2.37964 -3.26426 0.427409   0.144256  0.0638174 -0.0200447  -0.00133648 -0.000633391  0.000316059 -0.00167576  0.00816183 -0.00624516 1 0 0
               27.23 1.84394 11.6382 42.6639  2.39579 -3.25841 0.424074   0.165242  0.0804311 -0.0271674  -0.00130095 -0.000592981  0.000281243  -0.0015897  0.00837246 -0.00610199 1 0 0
               27.23 1.89094  11.656 42.6566  2.39659 -3.25964 0.424228   0.169023  0.0743442 -0.0262488  -0.00135215 -0.000610453  0.000289031 -0.00147934  0.00861908 -0.00612091 1 0 0
             27.3299 1.98642 11.2477 42.5465  2.41864 -3.25355 0.424503   0.201369  0.0726786 -0.0101953  -0.00131305 -0.000576459  0.000232024 -0.00158163   0.0091607 -0.00652092 1 0 0
             27.3299 2.02127 11.2531 42.4794  2.41842 -3.25344 0.423875   0.200362  0.0728556 -0.0131919  -0.00137203 -0.000581173  0.000312677 -0.00159159  0.00911507 -0.00640134 1 0 0
             27.4301 2.12788 10.9421 42.2295  2.43954 -3.23798 0.425118     0.198207    0.0804632 -0.000137596  -0.00144172 -0.000540634  0.000362367 -0.00261682   0.0086213 -0.00689918 1 0 0
             27.4301 2.08437 10.9989 42.2884  2.43678  -3.2392 0.424345    0.183649   0.0732324 -0.00474497  -0.00138352 -0.000603818  0.000305135 -0.00203546  0.00834007 -0.00656717 1 0 0
               27.53 1.91974 10.4931 41.5152  2.45437 -3.23013 0.430226  0.180336 0.0598439 0.0197865 -0.00134325 -0.00061814 0.000311313 -0.00222534  0.00809141 -0.00740547 1 0 0
               27.53 1.94752 10.4774 41.4544  2.45193 -3.23167 0.427912   0.166669  0.0502116 0.00756277  -0.00138284 -0.000600845   0.00037315 -0.00168895  0.00789758 -0.00677768 1 0 0
             27.6298 1.95653 10.1888 41.0628  2.47071 -3.22634 0.433052  0.185449 0.0385954 0.0183161  -0.00139793 -0.000585423  0.000320799 -0.00184275  0.00798074 -0.00744568 1 0 0
             27.6298 1.90974 10.2456 41.0357  2.46811 -3.22691 0.429585    0.171384   0.0341183 0.000992423   -0.0013544 -0.000645464  0.000350793 -0.00148783  0.00768579 -0.00665486 1 0 0
             27.7304 1.92054 10.4519 40.7156  2.48407 -3.22166 0.428274    0.170945   0.0216876 -0.00190031 -0.00125468 -0.00060035 0.000309876 -0.00167059  0.00739341 -0.00648819 1 0 0
             27.7304 2.02561 10.5247 40.7156  2.48239  -3.2231 0.426715   0.162036  0.0130959 -0.0105256  -0.00136202 -0.000676815  0.000312716 -0.00123852   0.0073062  -0.0060584 1 0 0
             27.8303 2.08458 10.3796 40.5634  2.49842 -3.21777 0.430783     0.1666 0.00158011 0.00760064  -0.00127334 -0.000658247  0.000256825 -0.00173364  0.00689454 -0.00680617 1 0 0
             27.8303 2.14942 10.3546 40.4705  2.49773 -3.21911 0.427312    0.161299 -0.00669804 -0.00976848 -0.00135705 -0.00063007 0.000350245 -0.00150486  0.00695166 -0.00607727 1 0 0
             27.9301 2.33508 10.1355  40.783  2.51619 -3.22363 0.432662   0.177117 -0.0287255  0.0165967  -0.00132063 -0.000622079  0.000249574 -0.00115285  0.00735162 -0.00679927 1 0 0
             27.9301 2.35318 10.1754 40.7339  2.51594 -3.22324 0.430105   0.175471 -0.0275081  0.0044084  -0.00134867 -0.000661673  0.000301123 -0.00123598  0.00728521 -0.00632982 1 0 0
             28.0299 2.20463 9.76688 41.1208  2.53135 -3.22573  0.43406   0.180834 -0.0475603  0.0214858  -0.0013292 -0.00063247 0.000304061 -0.00117123  0.00689119 -0.00671623 1 0 0
             28.0299 2.19785 9.77213 41.1222  2.53343 -3.22491 0.430757   0.190528 -0.0431779 0.00661862 -0.00132248 -0.00063692 0.000302962 -0.00166029  0.00709941 -0.00622753 1 0 0
             28.1302 1.78359  9.5432 41.8412  2.55435 -3.22981 0.434087   0.211088 -0.0818715  0.0237906  -0.00126544 -0.000605268  0.000302944 -0.00184086  0.00707507 -0.00652449 1 0 0
             28.1302 1.85075 9.58104 41.8458  2.55496 -3.23027 0.431896   0.213657 -0.0841363   0.013513  -0.00133347 -0.000644849  0.000299495 -0.00190814  0.00720224 -0.00613766 1 0 0
               28.23 1.52461 9.30241 43.1536   2.5816 -3.24367 0.435283  0.230595 -0.129411 0.0288203  -0.00132201 -0.000626388  0.000283421 -0.00206354  0.00786824 -0.00640405 1 0 0
               28.23 1.49206  9.3244 43.2083  2.58132 -3.24354 0.434289  0.228843 -0.128746 0.0240122  -0.00127916 -0.000650549  0.000228349 -0.00206805  0.00781575  -0.0062129 1 0 0
             28.3299 1.09142 9.08111  44.507  2.60342 -3.24991 0.438159  0.242893 -0.132997 0.0207118  -0.00119826 -0.000610939  0.000216598 -0.00276274  0.00706327 -0.00654846 1 0 0
             28.3299 1.18221 9.11134 44.4232  2.60215 -3.25279  0.43733  0.235621 -0.148236 0.0159547   -0.0013055 -0.000643626  0.000302718 -0.00214564  0.00718735 -0.00626535 1 0 0
             28.4301 1.19808 9.36482 45.5154  2.63184 -3.27187 0.438415   0.240725  -0.184117 0.00927816 -0.00128927 -0.00060965  0.00027667 -0.00242839  0.00806162 -0.00636482 1 0 0
             28.4301 1.24145 9.43062 45.4864  2.63016 -3.27353 0.438336   0.232034  -0.193287 0.00822208 -0.00133833 -0.00067887  0.00030772 -0.00191894   0.0079887 -0.00623932 1 0 0
               28.53 1.19249 9.50515 46.5251  2.65449  -3.2915 0.440289    0.247651   -0.195064 -0.00433398  -0.00133695 -0.000595389  0.000206111 -0.00218658  0.00794396 -0.00654045 1 0 0
               28.53 1.16925  9.5708  46.426  2.65407 -3.29394 0.439456    0.244157   -0.207422 -0.00832691   -0.0013287 -0.000662732  0.000308705 -0.00171579  0.00811924 -0.00631346 1 0 0
             28.6298 1.56342 10.0605 47.1437  2.67849 -3.31254 0.442305   0.231927  -0.205282 0.00358008  -0.00142025 -0.000660676  0.000275368 -0.00200937  0.00804532 -0.00685206 1 0 0
             28.6298 1.52029 10.0906 47.0693  2.67745 -3.31408 0.440584    0.225469    -0.21363 -0.00452525  -0.00138922 -0.000690919  0.000352063  -0.0016367  0.00803109 -0.00647208 1 0 0
             28.7305 1.62769 10.1314 47.6501  2.69503 -3.32919 0.445318  0.186142 -0.191274 0.0170263  -0.00138774 -0.000654582  0.000238531 -0.00205638  0.00726496 -0.00709586 1 0 0
             28.7305 1.62264 10.1472 47.5054  2.69442 -3.33186 0.443719   0.181437  -0.205246 0.00988443 -0.00140812 -0.00066846 0.000384902 -0.00153551  0.00741049 -0.00672924 1 0 0
             28.8303 1.55211  10.282 47.7596  2.70799 -3.34858  0.45189  0.159345 -0.184567 0.0315484  -0.00143379 -0.000678134  0.000333292 -0.00145581  0.00676528 -0.00755331 1 0 0
             28.8303 1.49154 10.3028  47.672  2.71027 -3.35038  0.44774  0.168296 -0.192346 0.0131423   -0.0013863 -0.000697021  0.000423199 -0.00151759  0.00727071 -0.00684861 1 0 0
             28.9301 1.24637 10.3521 48.1414  2.72526 -3.36674 0.449793   0.13796 -0.163818 0.0132826  -0.00140618 -0.000688357  0.000379596 -0.00170131  0.00707802 -0.00697249 1 0 0
             28.9301 1.22913 10.3486 48.1266  2.72758 -3.36862 0.446608     0.147663    -0.172222 -0.000455767  -0.00139025 -0.000684225  0.000395006 -0.00172835  0.00760777 -0.00644785 1 0 0
               29.03  0.8426 10.4774 48.5905  2.74177 -3.38417 0.448234    0.140158   -0.145811 -0.00376685  -0.00139074 -0.000676879  0.000358608 -0.00168763  0.00753188 -0.00670517 1 0 0
               29.03 0.797367  10.5068  48.5465  2.74326 -3.38524 0.446252   0.146305  -0.150222 -0.0123697 -0.00135168 -0.00070616 0.000403891 -0.00172091  0.00785698 -0.00637958 1 0 0
             29.1298 0.706882  10.4937  49.1909  2.75709 -3.39703 0.445574   0.130943  -0.125342 -0.0223127  -0.00134804 -0.000656526  0.000343003 -0.00198158  0.00766525 -0.00659897 1 0 0
             29.1298 0.74542  10.522 49.1654  2.75821 -3.39785  0.44393   0.135883  -0.128893 -0.0294303  -0.00139712 -0.000690675  0.000374055 -0.00201133  0.00790385 -0.00632381 1 0 0
             29.2305 1.06456 10.4719   49.69  2.76971 -3.40928 0.442206   0.104528  -0.106326 -0.0298865   -0.0013988 -0.000640722  0.000322168 -0.00197983  0.00778343 -0.00650673 1 0 0
             29.2305 1.07146 10.5076  49.635  2.77054 -3.40961 0.441283   0.108359  -0.107385 -0.0337815  -0.00141583 -0.000676093  0.000378424 -0.00204323  0.00794176  -0.0063622 1 0 0
             29.3303  1.2889 10.3767  49.988  2.77769  -3.4194 0.444242   0.0593447  -0.0939719 -0.00896518  -0.00142301 -0.000656959  0.000326848 -0.00174819  0.00783726 -0.00705922 1 0 0
             29.3303 1.28196 10.3945 49.9427  2.77935 -3.41957 0.442194  0.0669185 -0.0940057 -0.0180476  -0.00142424 -0.000670585  0.000367868 -0.00197462  0.00812134 -0.00673466 1 0 0
             29.4301 1.51341 10.0537 50.1428  2.78396 -3.42106 0.448416  0.0624493 -0.0464487  0.0125485 -0.00141608 -0.00065088 0.000346407 -0.00249071  0.00747314 -0.00778378 1 0 0
             29.4301 1.48169 10.0737 50.0877  2.78482 -3.42323 0.443988  0.0649356 -0.0583274 -0.0075263  -0.00139759 -0.000663271  0.000396885 -0.00228965  0.00781296 -0.00695512 1 0 0
               29.53 1.70131 9.82138 50.1682  2.78815 -3.42698  0.44931   0.045649 -0.0548887  0.0212189 -0.00135132 -0.00066545 0.000365404 -0.00228965   0.0073964 -0.00760225 1 0 0
               29.53 1.76273 9.83141 50.1044  2.78896 -3.42925 0.445061    0.047737  -0.0677043 0.000910054  -0.00142482 -0.000666531   0.00042426 -0.00206089  0.00771169 -0.00679142 1 0 0
             29.6298 2.10866 9.40943 50.2807  2.78991 -3.43083 0.446335  0.0428412 -0.0496723 0.00332789  -0.00142203 -0.000650946  0.000397254 -0.00241267  0.00690088 -0.00697125 1 0 0
             29.6298 2.06654 9.41437 50.2393  2.79159 -3.43324  0.44313  0.0491666 -0.0615897 -0.0110299  -0.00139707 -0.000649743  0.000435167 -0.00223826  0.00735582 -0.00641502 1 0 0
             29.7305 2.42255 8.82918 50.4407  2.79353 -3.43206  0.44098  0.0356401 -0.0520267 -0.0210133  -0.00136143 -0.000623968  0.000440659 -0.00301869  0.00663068 -0.00643514 1 0 0
             29.7305   2.462 8.82555 50.4143  2.79425 -3.43655 0.439318  0.0366094 -0.0762622 -0.0288199  -0.00141593 -0.000601695  0.000462436 -0.00230099   0.0070944  -0.0060408 1 0 0
             29.8303  2.6087 8.47889 50.5587  2.79718 -3.44003 0.441743  0.0436329 -0.0781885 -0.0184921  -0.00143013 -0.000569706  0.000417849 -0.00264182  0.00673277 -0.00677372 1 0 0
             29.8303 2.55859 8.54678 50.5073  2.79756 -3.44491 0.440046  0.0424999  -0.103632 -0.0264398  -0.00140384 -0.000610447  0.000466048 -0.00182407  0.00716581  -0.0063715 1 0 0
             29.9301  2.5569 8.41382 50.7264  2.79904 -3.44981 0.436272  0.0369485 -0.0993979 -0.0237415  -0.00143918 -0.000569604  0.000464322 -0.00236526  0.00653832 -0.00624054 1 0 0
             29.9301 2.48532 8.45547 50.7149  2.80058 -3.45421 0.436352  0.0423197  -0.122743 -0.0233172  -0.00139125 -0.000593196  0.000473801  -0.0016773  0.00713886 -0.00618253 1 0 0
               30.03 2.48237 8.31962 51.0833  2.80658 -3.46143 0.438997  0.0505156  -0.115948 -0.0107958  -0.00142907 -0.000595265  0.000444077 -0.00250122  0.00699856  -0.0069506 1 0 0
               30.03  2.4019 8.35844 51.0522  2.80811 -3.46675 0.438297  0.0553352  -0.143694 -0.0136105  -0.00137688 -0.000612857  0.000472028 -0.00167693  0.00766469 -0.00676691 1 0 0
             30.1298 2.35186 8.53464 51.4864  2.81069 -3.47476 0.439971   0.040484   -0.10624 0.00499078  -0.00133108 -0.000593233  0.000463292 -0.00216169  0.00709558  -0.0070965 1 0 0
             30.1298 2.37292 8.60331 51.4472  2.81115 -3.47965 0.439602  0.0419621  -0.133883 0.00177403  -0.00137302 -0.000637987  0.000500429 -0.00126615  0.00762116 -0.00688385 1 0 0
             30.2305 2.07354 9.15426 51.8789   2.8148 -3.48867 0.445679 0.0281769 -0.129977 0.0382028  -0.00134962 -0.000649103  0.000451004 -0.00183077  0.00725116 -0.00763913 1 0 0
             30.2305 2.07561 9.18519 51.8439  2.81604 -3.49285  0.44324 0.0324733 -0.153542 0.0250901  -0.00137079 -0.000669204  0.000487868 -0.00117556   0.0078234  -0.0070936 1 0 0
             30.3303 1.83705 9.23045 52.4795  2.81891  -3.5046 0.447613 0.0429323 -0.138644 0.0263223  -0.00128963 -0.000653121  0.000481147 -0.00155765  0.00743196 -0.00742493 1 0 0
             30.3303 1.95353 9.23229 52.5074  2.82065 -3.50782 0.445464 0.0498812   -0.1569 0.0158528   -0.0014046 -0.000652015  0.000452967   -0.001113  0.00797462 -0.00698755 1 0 0
             30.4301 1.80474  9.4795  52.967  2.82436 -3.51674 0.449648 0.0469331 -0.116067 0.0263042  -0.00128611 -0.000640075  0.000468813 -0.00172058  0.00751769 -0.00739231 1 0 0
             30.4301  1.8866 9.52013 52.9297  2.82678 -3.52015 0.447401 0.0574423  -0.13446 0.0161217  -0.00138087 -0.000673117   0.00050346 -0.00132316  0.00818739 -0.00697278 1 0 0
               30.53 1.63181 9.75508 53.5485  2.82549 -3.52647 0.452042 0.00628515   -0.12091  0.0395373  -0.00131719 -0.000652164  0.000481991 -0.00179747  0.00718604 -0.00723865 1 0 0
               30.53 1.69214 9.76739 53.5487  2.82818 -3.52877 0.449514 0.0186928 -0.132774 0.0283891  -0.00138644 -0.000662954  0.000481004 -0.00167282  0.00781231 -0.00682181 1 0 0
             30.6298 1.66245 9.49097 54.0574   2.8282 -3.53373  0.45365  0.0313558 -0.0923222  0.0235588  -0.00129688 -0.000636812  0.000488951 -0.00242146  0.00707729 -0.00710145 1 0 0
             30.6298 1.74251 9.49365 54.0241  2.83047 -3.53741 0.451267 0.0409352  -0.11182   0.01319  -0.00139346 -0.000630745  0.000518379 -0.00198665  0.00771412 -0.00666415 1 0 0
             30.7305 1.99711 9.46814 54.4426  2.83104 -3.54173 0.455295  0.0349465 -0.0661623  0.0122627  -0.00131527 -0.000630518  0.000491853 -0.00239855  0.00702188 -0.00705922 1 0 0
             30.7305 2.08938 9.48763 54.3964   2.8336   -3.546 0.453331  0.0456128 -0.0894703 0.00328761  -0.00143479 -0.000640656  0.000539895 -0.00182373  0.00774278 -0.00665123 1 0 0
             30.8303 2.34963 9.63933 55.0764  2.83706 -3.54779 0.457707  0.0517006 -0.0421922  0.0133325  -0.00131928 -0.000635345  0.000506537 -0.00237915  0.00727963  -0.0072226 1 0 0
             30.8303 2.46389  9.6629 55.0448  2.83925 -3.55212 0.455289  0.0606104 -0.0663033 0.00208642  -0.00144288 -0.000650138  0.000534816 -0.00173147  0.00796184  -0.0067084 1 0 0
             30.9302 2.62199 9.60103 55.4592  2.84408 -3.55401 0.460618   0.063114 -0.0501475  0.0195408  -0.00133264 -0.000658484  0.000541133 -0.00223549  0.00755003 -0.00740474 1 0 0
             30.9302 2.72229  9.5914 55.4667  2.84575 -3.55806 0.458278  0.0692262  -0.072998 0.00879792  -0.00144725 -0.000642927  0.000533003 -0.00158417  0.00811707 -0.00690523 1 0 0
               31.03 2.89452 9.55464 56.2036  2.85406 -3.56099 0.464096   0.101836 -0.0587372  0.0203807  -0.00138086 -0.000667047  0.000522251 -0.00202294   0.0078414 -0.00761067 1 0 0
               31.03 2.93606 9.54865 56.1814   2.8556 -3.56469 0.460649   0.106795 -0.0808658 0.00399509  -0.00143559 -0.000649437   0.00054147 -0.00139626   0.0083868 -0.00689185 1 0 0
             31.1299 2.76002 9.45137 56.8737  2.86148 -3.56781 0.462522   0.120551 -0.0675795   0.018381  -0.00135597 -0.000634582  0.000556155 -0.00170857   0.0073729 -0.00701402 1 0 0
             31.1299 2.84135 9.42714 56.8777   2.8643 -3.57149 0.459239   0.132699 -0.0883462  0.0036443  -0.00145044 -0.000603912  0.000548601 -0.00123679  0.00814945  -0.0064016 1 0 0
             31.2301 2.39587 9.27131 57.6517  2.87671 -3.58024 0.458667    0.159129    -0.10683 -0.00628607  -0.00132143 -0.000577152    0.0005356 -0.00127035  0.00783075 -0.00627744 1 0 0
             31.2301 2.49645 9.28239 57.6432   2.8804 -3.58224 0.457738  0.176996 -0.116728 -0.010074  -0.00143531 -0.000589462  0.000542239 -0.00119074  0.00862634 -0.00616106 1 0 0
               31.33 2.23457 9.52527 58.3422  2.89562 -3.59135 0.460286    0.177864   -0.114556 -0.00276858  -0.00140286 -0.000611764  0.000530095 -0.00135026  0.00813836 -0.00659138 1 0 0
               31.33 2.26451 9.52796 58.3087  2.89897 -3.59305 0.459177  0.193313 -0.122721 -0.007432  -0.00144986 -0.000614611  0.000561294 -0.00129601  0.00883653 -0.00643946 1 0 0
             31.4298 1.96067 9.80794 58.7552  2.91781 -3.60353 0.458104   0.182684  -0.113255 -0.0150417  -0.00141371 -0.000607205  0.000533545 -0.00152749  0.00872556 -0.00648612 1 0 0
             31.4298 1.99987 9.82432 58.7148  2.92018 -3.60526 0.458181   0.193922  -0.122437 -0.0144108  -0.00146896 -0.000620824  0.000572589 -0.00132548  0.00926134 -0.00650462 1 0 0
             31.5305 1.57847 9.99994  59.268  2.93019  -3.6153 0.454115   0.130559  -0.117094 -0.0268823  -0.00143452 -0.000593097  0.000557751 -0.00131916  0.00819649  -0.0061306 1 0 0
             31.5305 1.58716 9.99157 59.2551  2.93423 -3.61612 0.455135   0.150495  -0.119889 -0.0213931  -0.00145797 -0.000590135  0.000568398 -0.00143613  0.00897978 -0.00639519 1 0 0
             31.6303 1.06565 10.0939 59.5334  2.94972 -3.62751 0.456902   0.141534  -0.112029 -0.0117514  -0.00145421 -0.000603254  0.000531107 -0.00145533  0.00910632 -0.00691311 1 0 0
             31.6303 1.05516 10.1216 59.4878  2.95259 -3.62787  0.45789     0.15617   -0.112743 -0.00674781  -0.00146115 -0.000634109  0.000574786 -0.00156497  0.00966711 -0.00714421 1 0 0
             31.7302 0.887948  10.3284  59.8187  2.96678 -3.63844 0.456634    0.152257   -0.110563 -0.00811476   -0.0014737 -0.000622777  0.000510109 -0.00159819  0.00943273  -0.0070564 1 0 0
             31.7302 0.898304   10.326  59.7688  2.96874 -3.63928  0.45649    0.161977   -0.114591 -0.00840151  -0.00150018 -0.000620667  0.000557633 -0.00156669  0.00985195 -0.00705195 1 0 0
               31.83 1.09134 10.2538 60.1498  2.98373 -3.65303 0.458893   0.142776  -0.130357 0.00551948  -0.00151368 -0.000632342  0.000484758 -0.00125241  0.00985929 -0.00735559 1 0 0
               31.83  1.064 10.229 60.093  2.98548 -3.65332 0.458265   0.151282  -0.131375 0.00288637 -0.00150265 -0.00060929  0.00053887 -0.00133965   0.0102117 -0.00727858 1 0 0
             31.9298 1.03884 10.2128 60.3311  2.99177 -3.66134 0.458513     0.119714    -0.103602 -0.000356842  -0.00148541 -0.000602334   0.00049986 -0.00154447  0.00895808 -0.00728262 1 0 0
             31.9298 0.996127  10.2175  60.2543  2.99309 -3.66232 0.457258    0.125402   -0.108513 -0.00605278  -0.00146179 -0.000604628  0.000574302 -0.00146275  0.00925315 -0.00705419 1 0 0
             32.0305 0.960519  10.2031  60.4932   3.0027  -3.6719 0.455839    0.115367   -0.103309 -0.00574122  -0.00144745 -0.000596596  0.000507339 -0.00154204  0.00885315 -0.00693479 1 0 0
             32.0305 0.990262  10.2231    60.44  3.00423  -3.6725 0.455882    0.123132   -0.105954 -0.00518859  -0.00149121 -0.000616306  0.000558149 -0.00152194  0.00917479 -0.00695808 1 0 0
             32.1303 1.09398 10.0973 60.6283  3.01103 -3.68032 0.454364   0.0900405  -0.0920108 -0.00554393  -0.00145439 -0.000581842  0.000542635 -0.00170004  0.00848731 -0.00681295 1 0 0
             32.1303 1.13873 10.1261 60.6014  3.01244 -3.68093 0.454915   0.0977919  -0.0948657 -0.00250606  -0.00150848 -0.000610086  0.000568094 -0.00164955  0.00880321 -0.00692562 1 0 0
             32.2302 0.971692    10.06  60.7971  3.01807 -3.68976 0.457216  0.0831738 -0.0922639 0.00654061  -0.00149062 -0.000605854  0.000537893 -0.00145188  0.00831547 -0.00715909 1 0 0
             32.2302 0.905935  10.0583  60.7479  3.02055  -3.6908 0.457125  0.0953563 -0.0969081  0.0067953  -0.00144413 -0.000604315  0.000584099 -0.00140554  0.00886028 -0.00716902 1 0 0
               32.33  1.0763 9.88676 61.0104  3.02611  -3.6998 0.456963   0.086556 -0.0982378 0.00417818  -0.00146605 -0.000598927  0.000557286  -0.0013816  0.00828219 -0.00701576 1 0 0
               32.33 1.08336 9.88741 60.9767  3.02886 -3.70078 0.457606   0.100498  -0.102423 0.00782675  -0.00148899 -0.000600693  0.000588586 -0.00134883  0.00886503 -0.00715957 1 0 0
             32.4298 1.24296 9.79719 61.2577  3.03464 -3.70839 0.458006   0.081585  -0.088564 0.00611485  -0.00149767 -0.000603509  0.000553895 -0.00147873  0.00825491 -0.00710449 1 0 0
             32.4298 1.23099 9.78876 61.2295  3.03773 -3.70892 0.458046  0.0971468 -0.0898528 0.00685786  -0.00150052 -0.000598473  0.000579936 -0.00159763  0.00887828 -0.00716467 1 0 0
             32.5305 1.32035 9.62399 61.5431  3.04575 -3.72036 0.459536  0.0915033  -0.095308 0.00149045  -0.00147394 -0.000597425  0.000540837 -0.00119699  0.00870356 -0.00724457 1 0 0
             32.5305 1.32512 9.62334 61.5091  3.04884 -3.71989 0.459729    0.10768 -0.0908308 0.00315026  -0.00149266 -0.000603635  0.000572209 -0.00153805  0.00928308 -0.00737915 1 0 0
             32.6303 1.49181 9.62273 61.7886  3.05411 -3.72536 0.460224   0.0942241  -0.0712709 -0.00586746  -0.00149258 -0.000620353  0.000545185 -0.00171465  0.00841868 -0.00747364 1 0 0
             32.6303 1.46052 9.63705 61.7536  3.05578 -3.72517 0.460076    0.103055  -0.0693359 -0.00623712  -0.00147278 -0.000637478  0.000578709 -0.00188147  0.00875124 -0.00749459 1 0 0
             32.7302 1.66341 9.74582 61.9992  3.06233  -3.7301 0.461162   0.0913371  -0.0467847 -0.00501977  -0.00146177 -0.000625306  0.000560406 -0.00184219  0.00818696 -0.00772635 1 0 0
             32.7302 1.67735 9.77688 61.9693  3.06474 -3.73077 0.460771    0.104049   -0.050218 -0.00666238  -0.00149025 -0.000658651  0.000591966 -0.00184649  0.00871889 -0.00767509 1 0 0
               32.83 1.79836 9.95489 62.1688  3.06824 -3.73369 0.461375  0.0755538 -0.0303353 -0.0031302  -0.00147802 -0.000656827  0.000586724 -0.00175405  0.00777938 -0.00779129 1 0 0
               32.83 1.76609 9.94927 62.1428   3.0711 -3.73542 0.459952   0.0891054  -0.0397346 -0.00969596 -0.00145997 -0.00064878 0.000610898 -0.00157263  0.00844123 -0.00751882 1 0 0
             32.9298 1.70386  10.129 62.4061  3.07925 -3.73786 0.459052   0.0855327  -0.0253384 -0.00685616  -0.0014661 -0.00066847 0.000566706 -0.00167688  0.00834216  -0.0075084 1 0 0
             32.9298  1.7015 10.1076 62.3615  3.08219 -3.73894 0.457823  0.0998721 -0.0305089 -0.0122666  -0.00147985 -0.000646175  0.000609732 -0.00166997  0.00898608  -0.0073111 1 0 0
             33.0305 1.68742 10.1085  62.538  3.08964 -3.74161 0.456243   0.095675 -0.0260807 -0.0111051  -0.00148165 -0.000651767  0.000584175  -0.0016019  0.00859618 -0.00720728 1 0 0
             33.0305 1.66418 10.0924 62.5319  3.09239 -3.74319 0.455729   0.108818 -0.0340936 -0.0130696  -0.00146666 -0.000634594   0.00058863 -0.00143716  0.00922637 -0.00711983 1 0 0
             33.1303 1.70833 10.0051 62.5872  3.10045 -3.74682 0.453979 0.0900756 -0.024272 -0.013532  -0.00143351 -0.000621843  0.000578566 -0.00124598  0.00890117 -0.00700729 1 0 0
             33.1303 1.76885 9.99271 62.5646  3.10266  -3.7477 0.453544   0.101744 -0.0286927 -0.0153002  -0.00150433 -0.000609203  0.000599636 -0.00121128  0.00940426 -0.00694637 1 0 0
             33.2301 1.77193 10.0198 62.5635  3.11026 -3.75006 0.451359  0.0807655 -0.0185809 -0.0184019  -0.00145625 -0.000611154  0.000580242 -0.00112467  0.00911898 -0.00685328 1 0 0
             33.2301 1.81105 10.0263 62.5521  3.11237 -3.74972 0.451573  0.0925497 -0.0156338  -0.016892  -0.00150212 -0.000620759  0.000591681 -0.00135134  0.00954897 -0.00696689 1 0 0
               33.33 1.68317 10.0196 62.5103  3.11805 -3.75123 0.451865    0.070375  -0.0129839 -0.00928903  -0.00144285 -0.000612547  0.000574306 -0.00113137  0.00917129 -0.00712776 1 0 0
               33.33 1.75201 10.0282 62.4958  3.11988 -3.75174 0.452112   0.0804049  -0.0153886 -0.00781287  -0.00151969 -0.000621522  0.000588567 -0.00112858  0.00957601 -0.00719854 1 0 0
             33.4298 1.83413 10.0478 62.5134  3.12146 -3.75053 0.452605   0.0541091 -0.00787155 -0.00690934   -0.0015008 -0.000642623  0.000529489  -0.0012478  0.00863784 -0.00734899 1 0 0
             33.4298 1.78196 10.0333 62.4587  3.12397 -3.75139 0.452271   0.0662839  -0.0118535 -0.00800309  -0.00146297 -0.000626609   0.00058321 -0.00122319  0.00918931 -0.00731897 1 0 0
             33.5305  1.9844 9.98251 62.4449  3.12644 -3.75127  0.45234   0.0450622 -0.00815423 -0.00940751  -0.00148501 -0.000630958  0.000551307  -0.0012493  0.00863976 -0.00741463 1 0 0
             33.5305 2.01224 9.97197 62.4256  3.12814 -3.75143 0.452329   0.0539124 -0.00859012 -0.00911545 -0.00151972 -0.00062092 0.000569458 -0.00132645  0.00899254 -0.00745141 1 0 0
             33.6303 2.07617  10.062 62.3846  3.13131 -3.75425  0.45193   0.0331123  -0.0157015 -0.00444528  -0.00149652 -0.000630836  0.000551903 -0.00091153  0.00887863 -0.00741017 1 0 0
             33.6303  2.0759  10.062 62.3714  3.13334 -3.75395 0.451379   0.0438658  -0.0129565 -0.00664224  -0.00150252 -0.000633356  0.000564498 -0.00114953  0.00928467 -0.00737845 1 0 0
             33.7301 2.11252 10.0629 62.3642   3.1354 -3.75147 0.452832  0.0305177 0.00248983 0.00537805  -0.00145113 -0.000639937  0.000553075 -0.00155327  0.00887423 -0.00766521 1 0 0
             33.7301 2.15752 10.0579 62.3519  3.13676 -3.75205 0.451986   0.0377313 -0.00125881  0.00144669  -0.00150191 -0.000634226  0.000564356 -0.0015145 0.00919556 -0.0075139 1 0 0
               33.83 2.08355 9.92715 62.3235  3.13307 -3.74837 0.453981 0.00278835  0.0118512  0.0129849  -0.00145515 -0.000647168    0.0005732 -0.00180677    0.008146 -0.00769228 1 0 0
               33.83 2.10834 9.90139 62.3117  3.13405 -3.75017 0.452958 0.00739946 0.00017946  0.0079923  -0.00148629 -0.000616583  0.000583235 -0.00144089  0.00845917 -0.00744193 1 0 0
             33.9298 2.00557  9.7234 62.3915  3.13527 -3.75227 0.451355  0.00729055 -0.00179979 -0.00291708   -0.0014095 -0.000606215   0.00057149 -0.00114556  0.00864948  -0.0071027 1 0 0
             33.9298 2.05296 9.74208 62.3908  3.13733 -3.75341 0.452058   0.0185557 -0.00824317  0.00047474  -0.00146296 -0.000624283  0.000571992 -0.000979577   0.00914632  -0.00722861 1 0 0
             34.0305 1.96902 9.77069 62.4239  3.13475  -3.7508 0.453295 0.00399126  0.0104177 -0.0020581  -0.00144259 -0.000624323  0.000568571 -0.00122742  0.00844915 -0.00743168 1 0 0
             34.0305 1.98934 9.78045   62.41  3.13663 -3.75257 0.452631    0.0135202 -0.000204741  -0.00525336  -0.00147077 -0.000631048  0.000581743 -0.000928539   0.00894482  -0.00727245 1 0 0
             34.1303 1.98917 9.81024 62.5259  3.13615 -3.75069 0.453779 0.00338437 0.00486112 -0.0020767  -0.00145323 -0.000637978  0.000564748 -0.00114507  0.00864325 -0.00753006 1 0 0
             34.1303 2.02117 9.80911 62.5295  3.13841 -3.75145 0.453052    0.015589  0.00071865 -0.00540855 -0.00149038 -0.00063716 0.000560403 -0.00113813  0.00917101  -0.0074161 1 0 0
             34.2302 2.01373 9.79592 62.6276  3.13974 -3.75061 0.451145   0.012295    0.01135 -0.0112956  -0.00144346 -0.000619308  0.000550875 -0.00122678  0.00913931 -0.00726525 1 0 0
             34.2302   2.032 9.81045 62.6282  3.14102 -3.75157 0.450862  0.0188796 0.00605709 -0.0126109  -0.00146521 -0.000633022  0.000550553  -0.0010937  0.00945524 -0.00720223 1 0 0
               34.33 1.91899 9.97955 62.7147  3.14154 -3.74888 0.450232     0.01217   0.0151804 -0.00794723  -0.00148632 -0.000652513  0.000507922 -0.00128476  0.00922324 -0.00728562 1 0 0
               34.33 1.90368 9.97537 62.6709  3.14316 -3.75059 0.450282   0.0196644  0.00588785 -0.00765933  -0.00148349 -0.000644083  0.000550947 -0.000994858   0.00962757   -0.0072629 1 0 0
             34.4298 1.91359 9.96885  62.746  3.14292  -3.7469 0.447157 0.0154293 0.0117268 -0.015335 -0.00145599 -0.00062876 0.000527108 -0.00146439  0.00917588 -0.00703202 1 0 0
             34.4298 1.92773 9.97203 62.7341  3.14362 -3.74855  0.44842   0.0186215   0.0022889 -0.00942652  -0.00147525 -0.000628182  0.000538611 -0.00107957   0.0093907 -0.00720949 1 0 0
             34.5305  2.0849 9.97048 62.8227  3.14316 -3.74762 0.446371  0.0154003  0.0123944 -0.0137988  -0.00149472 -0.000625695   0.00052653 -0.00103218  0.00900103 -0.00705901 1 0 0
             34.5305 2.08112 9.96121 62.8005  3.14427 -3.74955 0.447264   0.0205052  0.00147859 -0.00951232  -0.00149824 -0.000611174  0.000549971 -0.000618759   0.00932025  -0.00717187 1 0 0
             34.6303 2.10656 10.0429 62.8435  3.14495 -3.74635 0.445921  0.0220276  0.0110253 -0.0114776  -0.00145921 -0.000617754  0.000512101 -0.00101634  0.00897857 -0.00719313 1 0 0
             34.6303 2.12064 10.0513 62.8132  3.14611 -3.74741 0.447193   0.0280482  0.00544054 -0.00529175  -0.00148165 -0.000624227  0.000542385 -0.000804331   0.00926968   -0.0074204 1 0 0
             34.7302 2.10936 10.1125  62.805  3.14598 -3.74474 0.447152   0.0251692  0.00998347 -0.00650373  -0.00145728 -0.000623513  0.000528804 -0.000978334    0.0087479  -0.00749618 1 0 0
             34.7302 2.14211 10.1185 62.7876  3.14698 -3.74545  0.44751   0.0304653  0.00613925 -0.00468668  -0.00149576 -0.000628484  0.000546279 -0.000865166   0.00899208  -0.00756071 1 0 0
               34.83 2.00767 10.1631 62.3246  3.14993 -3.74374 0.446714   0.0445993  0.00460758 -0.00765753  -0.00145039 -0.000621066  0.000532048 -0.00104684  0.00887304  -0.0075586 1 0 0
               34.83 2.01492 10.1724 62.2822  3.15066 -3.74495 0.446981   0.0479876 -0.00237332 -0.00629323  -0.00146679 -0.000627945  0.000575502 -0.000788016   0.00908275  -0.00757773 1 0 0
             34.9298 2.07668 10.4961  61.681   3.1545 -3.74143 0.448537   0.0599333   0.0188053 -0.00724521  -0.00141687 -0.000641405   0.00057879 -0.00109292  0.00869382 -0.00794217 1 0 0
             34.9298 2.13329 10.5124 61.6818  3.15614 -3.74284 0.447768  0.0680403  0.0107285 -0.0107344  -0.00147662 -0.000656994  0.000578613 -0.00088273  0.00909919 -0.00777914 1 0 0
             35.0305 2.05446 11.0386 60.8784  3.15867 -3.73756 0.448735  0.0551861  0.0277972 -0.0150556  -0.00139536 -0.000690204  0.000581734 -0.00128877  0.00838611 -0.00819638 1 0 0
             35.0305 2.11014 11.0513 60.8632  3.15988  -3.7407 0.447363  0.0600298 0.00984131 -0.0218487 -0.00145579 -0.00069988 0.000597596 -0.000680385   0.00878416  -0.00782452 1 0 0
             35.1303  1.9975  11.418 60.0217  3.16009 -3.73537 0.446137   0.032531  0.0294713 -0.0162008    -0.001401 -0.000710003  0.000606331 -0.00106639  0.00798253 -0.00794213 1 0 0
             35.1303  2.0536 11.4081 60.0369  3.16318 -3.73771 0.444369  0.0463082  0.0165375 -0.0242973  -0.00145771 -0.000698017  0.000590895 -0.000790239   0.00868823  -0.00758843 1 0 0
             35.2301 2.13339 11.7358 59.2208  3.17177 -3.73991 0.442886  0.0547871  0.0187458 -0.0225873  -0.00137568 -0.000689147  0.000557102 -0.000272566   0.00939285   -0.0076449 1 0 0
             35.2301 2.21102 11.7391 59.2308  3.17393 -3.74069 0.441685 0.0653857 0.0139839 -0.028038  -0.00145542 -0.000691538   0.00054755 -0.000268569   0.00985655  -0.00744079 1 0 0
               35.33  2.3894 12.0469 58.4477  3.17617 -3.73534 0.437352  0.0397195   0.039209 -0.0325611 -0.00140098 -0.00065727 0.000528917 -0.000646511   0.00923224  -0.00729622 1 0 0
               35.33 2.45683 12.0684 58.4415  3.17863 -3.73726 0.436415   0.051241  0.0284878 -0.0364964  -0.00147406 -0.000676633  0.000536193 -0.000415998   0.00980926  -0.00711223 1 0 0
             35.4298 2.42843 12.5103 57.9333  3.18112 -3.73141  0.43716   0.033553  0.0585892 -0.0231598  -0.00136018 -0.000688378   0.00046343 -0.000455177   0.00945423  -0.00767182 1 0 0
             35.4298 2.49876 12.5203 57.8905  3.18352 -3.73318 0.435281 0.0444805 0.0485523  -0.03159  -0.00144386 -0.000694892  0.000507234 -0.000302879    0.0100097  -0.00731853 1 0 0
             35.5305 2.09547 13.0468 57.1663  3.18305 -3.72607 0.434265  0.0240877  0.0718648 -0.0263919    -0.001397 -0.000712474  0.000478332 -0.000231788   0.00942014   -0.0075466 1 0 0
             35.5305 2.09759   13.04 57.1395  3.18621 -3.72678 0.432303  0.0383784  0.0683798 -0.0348981  -0.00140741 -0.000704104  0.000504423 -0.000388048    0.0100333  -0.00726412 1 0 0
             35.6303 1.62594 13.4346 56.4558   3.1873 -3.71668 0.435387   0.0279364   0.0788892 -0.00826116  -0.00130619 -0.000708832  0.000496385 -0.000555372   0.00957034  -0.00812968 1 0 0
             35.6303 1.73852 13.4472 56.4871  3.18963 -3.71753 0.432379  0.0383933  0.0734837 -0.0223998 -0.00141571 -0.00072166 0.000465721 -0.000656144    0.0100418  -0.00759437 1 0 0
             35.7301 1.57914 13.7781 55.8047  3.19525 -3.71451 0.434175    0.0455968     0.062984 -0.000651626  -0.00139775 -0.000721345  0.000420287 -2.84376e-05    0.0104616  -0.00794265 1 0 0
             35.7301 1.59403 13.7753 55.8058  3.19667 -3.71482 0.430941  0.0514902  0.0600057 -0.0166897  -0.00141386 -0.000718136   0.00041896 -0.000181319    0.0107566   -0.0073309 1 0 0
             35.8299 1.45372 14.0238 55.1978  3.19951 -3.70927 0.433343  0.0452687  0.0575822 0.00598899  -0.00138663 -0.000733319  0.000353949 9.25854e-05   0.0104533 -0.00772242 1 0 0
             35.8299 1.47043 14.0114 55.1729  3.20108  -3.7088 0.429995  0.0519212  0.0590849 -0.0100943  -0.00141087 -0.000720585  0.000378319 -0.000248068    0.0106966   -0.0071553 1 0 0
             35.9302   1.556 14.1013 54.6178  3.20085  -3.6969 0.434309 0.0252677  0.077892 0.0150463  -0.00140468 -0.000726362  0.000340526 -0.000634972   0.00970028  -0.00790482 1 0 0
             35.9302 1.59336 14.0945 54.5681  3.20157 -3.69758 0.430875   0.0272985   0.0727229 -0.00205582  -0.00145559 -0.000717123  0.000389482  -0.0006824  0.00987755 -0.00721106 1 0 0
               36.03 1.54131 13.9683 53.9223  3.20281 -3.69213 0.431365   0.0150566   0.0575231 0.000300942  -0.00142082 -0.000703375  0.000348519 -0.000460081   0.00983353  -0.00721404 1 0 0
               36.03 1.52553 13.9605 53.9146  3.20353 -3.69263 0.429319   0.0175061    0.053982 -0.00990845  -0.00140697 -0.000694763  0.000355845 -0.000496553    0.0100023  -0.00680443 1 0 0
             36.1299 1.33081 13.8305 53.3316  3.20367 -3.68816 0.430419 0.00465055  0.0559258 -0.0107145  -0.00127915 -0.000695189  0.000328734 -0.000174693   0.00993008  -0.00703281 1 0 0
             36.1299 1.43904 13.8168 53.3084  3.20438 -3.68937 0.428573   0.007674  0.0480385 -0.0201502   -0.0013963 -0.000678774  0.000351594 -7.16502e-05    0.0101595  -0.00661747 1 0 0
             36.2305 1.13867 13.8488 52.5253   3.2017 -3.67737 0.429877 -0.00764896   0.0687898  -0.0173249  -0.00137677 -0.000668214  0.000355323 -0.000680442   0.00936146  -0.00732066 1 0 0
             36.2305 1.14696 13.8618 52.5255   3.2022 -3.67851 0.428169 -0.00605282   0.0620618  -0.0259901  -0.00138553 -0.000680303  0.000355019 -0.000573369   0.00955045  -0.00693506 1 0 0
             36.3303 0.868849  13.9499  51.8436  3.20069 -3.67311 0.428708 -0.0151266  0.0478399 -0.0215688  -0.00126701 -0.000666112  0.000334641 -0.000405769   0.00950504  -0.00737992 1 0 0
             36.3303 0.969992  13.9794  51.8585  3.20051 -3.67326 0.427184 -0.0159856  0.0462783 -0.0290341  -0.00138025 -0.000701131  0.000318411 -0.000419542   0.00947825   -0.0070664 1 0 0
             36.4302 0.682693  13.8955  51.0715  3.19692 -3.66898 0.427137 -0.0377789  0.0268831 -0.0155967  -0.00130332 -0.000687666  0.000324688 -0.00034295  0.00936424 -0.00737187 1 0 0
             36.4302 0.735228  13.8954  51.0679  3.19568 -3.67034 0.425845 -0.0446238  0.0185576 -0.0229086  -0.00135759 -0.000686456  0.000328358 -4.75533e-06   0.00927702  -0.00695468 1 0 0
               36.53 0.592756  13.5961  50.3433  3.18944  -3.6646 0.430104 -0.0499799  0.0271987 -0.0090219  -0.00124188 -0.000718019  0.000332992 -0.000253687   0.00882163   -0.0080382 1 0 0
               36.53 0.726114  13.5649  50.3474  3.18968 -3.66537 0.427766 -0.0494576   0.021497  -0.020813  -0.00137794 -0.000684607  0.000328093 -0.000224775   0.00892425  -0.00752154 1 0 0
             36.6298 0.507633  13.5569  49.5563  3.18352 -3.66302 0.428539 -0.0516784   0.030671 -0.0172668   -0.0013483 -0.000657886  0.000345874 4.21861e-05  0.00881237 -0.00789998 1 0 0
             36.6298 0.545228  13.6081  49.6052  3.18436 -3.66352 0.426232 -0.0483525  0.0274785 -0.0288528    -0.001375 -0.000710669  0.000296973 -4.00068e-05   0.00898777  -0.00742977 1 0 0
             36.7305 0.135845  13.8271  48.6815  3.18839 -3.66707  0.42548 -0.0162515 0.00618251 -0.0207939  -0.00129238 -0.000724312  0.000296269 0.000172064   0.0103666 -0.00774625 1 0 0
             36.7305 0.229147  13.8214  48.6787  3.18785 -3.66671 0.422916 -0.0195785  0.0060438 -0.0341632  -0.00138868 -0.000718069  0.000299158 8.46946e-05   0.0102351 -0.00720012 1 0 0
             36.8303 0.0894639   13.9359    48.015  3.18709 -3.66911 0.426627  -0.0083251  -0.0101077 -0.00600519  -0.00143037 -0.000724711   0.00024862 0.000518002   0.0105129 -0.00806587 1 0 0
             36.8303 0.0348802   13.9408   48.0389  3.18743 -3.66865 0.423421 -0.00851209 -0.00844877  -0.0226246   -0.0013684 -0.000729882  0.000224575 0.000283241   0.0104896 -0.00742843 1 0 0
             36.9302 -0.0129552    13.9097    47.3999  3.18537 -3.66652 0.423443  0.00142197 -0.00299958  -0.0135767  -0.00138107 -0.000717507  0.000257513   0.0001077   0.0100498 -0.00778359 1 0 0
             36.9302 -0.026518   13.8927   47.4636  3.18456 -3.66472 0.419748 -0.00414216  0.00461207  -0.0322029  -0.00135241 -0.000700225  0.000193176 -0.000229988   0.00970298  -0.00709037 1 0 0
               37.03 -0.0763721    14.0082    47.0858  3.18447 -3.66246 0.417149  0.0191829  0.0215611 -0.0307267  -0.00131578 -0.000687839  0.000221101 -0.000272874    0.0095321  -0.00719211 1 0 0
               37.03 0.00733337    14.0139    47.0887  3.18346 -3.66196  0.41533  0.0136208  0.0228175 -0.0403901  -0.00140203 -0.000693982  0.000218216 -0.000300078   0.00929764  -0.00679159 1 0 0
             37.1298 0.0848995   14.2966   46.9097  3.18476 -3.65875 0.418079  0.0263644  0.0303517 -0.0183038   -0.0014306 -0.000738038  0.000235813 -0.000102246   0.00918692  -0.00770926 1 0 0
             37.1298 0.0451857   14.2723   46.9555  3.18494 -3.65855 0.415851  0.0257816  0.0304907 -0.0300422  -0.00137824 -0.000713094  0.000189996 -0.000234268   0.00917514  -0.00725029 1 0 0
             37.2305 0.225084  14.3837  46.9707  3.18585 -3.65781 0.416003  0.0214214  0.0192272 -0.0172863  -0.00138631 -0.000725886  0.000189641 0.000202527  0.00915787 -0.00753188 1 0 0
             37.2305 0.239732  14.3493  46.9332  3.18547 -3.65677 0.413592  0.0181391  0.0236016 -0.0297217  -0.00141171 -0.000690441  0.000226442 -1.20359e-05   0.00894635  -0.00706726 1 0 0
             37.3303 0.29206 14.3916 47.0718  3.18958 -3.65923 0.415554    0.0315705 -5.11459e-05   -0.0190133  -0.00131822 -0.000714589  0.000202545 0.000438522  0.00955275 -0.00767108 1 0 0
             37.3303 0.346773   14.383  47.0989   3.1898 -3.65853 0.413652  0.0318546 0.00275145  -0.028636 -0.00136831 -0.00070559 0.000175478 0.000228001  0.00947638 -0.00732501 1 0 0
             37.4301 0.428417  14.6069  47.5273  3.19619 -3.65997 0.417715   0.0530959 -0.00491313 -0.00497912 -0.00134044 -0.00074492 0.000170292 0.000447038   0.0099094  -0.0083119 1 0 0
             37.4301 0.431087  14.5904  47.5675   3.1957 -3.65865  0.41429   0.0485737 0.000499287  -0.0224518  -0.00133396 -0.000727908  0.000129928 0.000171289  0.00963807  -0.0076513 1 0 0
               37.53 0.246762  14.6614  47.8659  3.20094 -3.65905 0.411646   0.0563092 -0.00816525  -0.0210481  -0.00127105 -0.000715771  0.000193453 0.000143168  0.00965397  -0.0075704 1 0 0
               37.53 0.337938  14.6494  47.9302   3.2006 -3.65876 0.410077   0.0539871 -0.00780342  -0.0294876  -0.00134867 -0.000704029  0.000129416 7.76425e-05  0.00954179 -0.00723076 1 0 0
             37.6298 0.156656  14.8316  48.3728  3.20713 -3.66224 0.408744  0.0635307 -0.0259516 -0.0178642  -0.00129698 -0.000718688  0.000165144 0.000317067  0.00982886 -0.00732806 1 0 0
             37.6298 0.239687  14.8032   48.424  3.20636 -3.66033 0.407287  0.0594461 -0.0170842 -0.0249936  -0.00137036 -0.000689312  0.000113809 4.02764e-05   0.0094662 -0.00710583 1 0 0
             37.7305 0.256034  14.9146  48.8851  3.21202 -3.66247 0.409328   0.0652889  -0.0303382 -0.00114316  -0.00133235 -0.000702875  0.000149879 0.000197982  0.00939326 -0.00764612 1 0 0
             37.7305 0.290832  14.8957  48.8779   3.2109 -3.66128 0.408099   0.0593941  -0.0254747 -0.00754228  -0.00137111 -0.000683122  0.000156932 9.46242e-05  0.00908159 -0.00740246 1 0 0
             37.8303 0.423091  14.6824  49.3613  3.21524 -3.66353 0.413186  0.0692243 -0.0280932  0.0175386  -0.00133111 -0.000699302  0.000192929 0.000354415  0.00886174 -0.00804831 1 0 0
             37.8303 0.468712  14.6564   49.403  3.21523 -3.66254 0.411231  0.0684975 -0.0243801 0.00773648  -0.00136769 -0.000672658  0.000151184 0.000123018  0.00873818 -0.00770068 1 0 0
             37.9302 0.667708  14.4276  49.8878  3.22368 -3.66851 0.414267   0.095959 -0.0298606  0.0171079  -0.00132838 -0.000680925  0.000185621 0.000578009  0.00906863 -0.00783547 1 0 0
             37.9302 0.73572 14.4102 49.8491  3.22359 -3.66766 0.412747  0.0950065 -0.0263184 0.00908715 -0.00140867  -0.0006626 0.000223715 0.000380674  0.00893427 -0.00755294 1 0 0
               38.03 0.942672  14.1337  50.3495  3.23534 -3.67586 0.417946  0.112407 -0.055674  0.020573  -0.00136475 -0.000690314     0.000179  0.00095202  0.00949413 -0.00803764 1 0 0
               38.03 0.965984  14.1159  50.3466  3.23675  -3.6746 0.415794   0.118817 -0.0492316 0.00999673  -0.00138949 -0.000671321  0.000181416 0.000472958  0.00955252 -0.00773356 1 0 0
             38.1298 0.93939 13.7867  50.941  3.24702 -3.67849 0.425015    0.13071 -0.0381609  0.0349778  -0.00132648 -0.000700234  0.000196827 0.000893446  0.00929056 -0.00884576 1 0 0
             38.1298 0.991432  13.7673  50.9356  3.24775 -3.67794 0.420089   0.132269 -0.0368218  0.0101213  -0.00138409 -0.000680541  0.000202214 0.000501889  0.00929722 -0.00787918 1 0 0
             38.2305 1.08527 13.5445 51.6088  3.26071 -3.68042 0.424212   0.144144 -0.0266471  0.0158437  -0.00135989 -0.000697679  0.000186856 0.000607811  0.00908696 -0.00834261 1 0 0
             38.2305 1.08157 13.5438 51.5797  3.26183 -3.67912 0.420197    0.148374  -0.0209038 -0.00378287  -0.00136293 -0.000698594  0.000215958 9.09398e-05   0.0091106 -0.00764576 1 0 0
             38.3303 1.16493  13.411 52.3703   3.2777 -3.68541 0.422117   0.150564 -0.0249846 0.00606571  -0.00140963 -0.000675443  0.000164576 0.000654303  0.00958178 -0.00780816 1 0 0
             38.3303 1.12863 13.4285 52.3275    3.279 -3.68466 0.419491    0.156044  -0.0215249 -0.00656366   -0.0013859 -0.000692291  0.000203188 0.000282997  0.00971148 -0.00737587 1 0 0
             38.4301 1.03503 13.2569  53.113  3.29169 -3.68555 0.419266    0.14683 -0.0127911 0.00263892  -0.00139669 -0.000661951  0.000209527 0.000380411  0.00931907 -0.00733323 1 0 0
             38.4301 1.01168 13.2656 53.1225  3.29224  -3.6853 0.417873    0.149002  -0.0117474 -0.00418457   -0.0013733 -0.000671287  0.000200782 0.000230054  0.00938176 -0.00709453 1 0 0
               38.53 0.789093  13.0609  53.8148  3.30702 -3.68426 0.426609    0.155258 -0.00490716   0.0269052  -0.00133213 -0.000698873  0.000187435 0.000249943  0.00918101 -0.00835361 1 0 0
               38.53 0.802765  13.0638   53.764  3.30747 -3.68544 0.423968   0.155826 -0.0122857  0.0132112  -0.00135985 -0.000696768  0.000233341 0.000324478  0.00934703 -0.00779356 1 0 0
             38.6298 0.587801  12.8508  54.4084  3.32058 -3.68541 0.426706   0.146061 -0.0107171  0.0120381  -0.00132613 -0.000705668  0.000218451 0.000397589  0.00902324 -0.00798699 1 0 0
             38.6298 0.637444  12.8265  54.3805  3.32148 -3.68604 0.424557   0.149815 -0.0152725 0.00119457  -0.00138413 -0.000681899  0.000243008  0.00035443    0.009221 -0.00757793 1 0 0
             38.7305 0.556914  12.6084  54.9832  3.33161 -3.67869 0.431145  0.134692 0.0161689 0.0146097  -0.00138823 -0.000706174  0.000264985 -0.000207102   0.00814118  -0.00863849 1 0 0
             38.7305 0.525221  12.6263  54.9428  3.33188 -3.68133 0.429021    0.134082 0.000815946  0.00311123   -0.0013715 -0.000716301  0.000305071 0.000186984   0.0084033 -0.00809609 1 0 0
             38.8303 0.53629 12.6227 55.4619  3.34562 -3.67783 0.436642  0.133204 0.0170476  0.021796  -0.00130952 -0.000764378  0.000293711 -3.39296e-05   0.00830706  -0.00919049 1 0 0
             38.8303 0.563938   12.615  55.4298    3.346  -3.6811 0.432086    0.131877 -0.00213562 -0.00154333  -0.00134866 -0.000749117  0.000320872 0.000394512  0.00859105 -0.00815554 1 0 0
             38.9301 0.692055  12.6593  55.7184  3.35499  -3.6791 0.429499    0.10529  0.0052364 -0.0156985   -0.0012964 -0.000741853  0.000354772 0.000279111  0.00805934 -0.00789522 1 0 0
             38.9301 0.775762  12.6498  55.7115  3.35482  -3.6828 0.427197   0.103255 -0.0184045 -0.0282465  -0.00138403 -0.000720942  0.000359097 0.000977137  0.00837026 -0.00722746 1 0 0
               39.03 0.763702  12.7955  55.8835  3.36241 -3.68253  0.42946   0.0865419 -0.00835436  -0.0163235  -0.00131177 -0.000733961  0.000384338 0.000993605  0.00802581 -0.00793736 1 0 0
               39.03 0.848575  12.7726  55.8745  3.36389 -3.68584 0.425812  0.0927199 -0.0290113 -0.0351942  -0.00140543 -0.000702167   0.00038986  0.00138745   0.0085633 -0.00710353 1 0 0
             39.1298 0.976273  12.9814  55.9267  3.37408 -3.68452 0.429335  0.0943219 -0.0120282 -0.0115993  -0.00134339 -0.000716035  0.000400456 0.000974475   0.0084476  -0.0081712 1 0 0
             39.1298 1.04975 13.0068 55.9511  3.37528 -3.68805  0.42638  0.0993927 -0.0333453 -0.0274099  -0.00142076 -0.000728127  0.000375772  0.00145263   0.0089554 -0.00744116 1 0 0
             39.2305  1.2467 13.0711 55.9476  3.38647 -3.68846 0.424569   0.110122 -0.0192957 -0.0242912  -0.00137293 -0.000721301  0.000399891  0.00102067  0.00892046 -0.00767906 1 0 0
             39.2305   1.321 13.0641 55.9702  3.38719 -3.69181 0.421874   0.112784 -0.0399999 -0.0385767  -0.00145335 -0.000704431  0.000376052  0.00152357   0.0093329 -0.00700115 1 0 0
             39.3303 1.56814 13.2679 56.1769  3.39914 -3.69298 0.424621   0.115256 -0.0184729 -0.0143144  -0.00137216 -0.000699932  0.000368054  0.00136817  0.00930412 -0.00791089 1 0 0
             39.3303 1.60547 13.2833 56.1849  3.40082 -3.69581 0.421777   0.122511 -0.0352889 -0.0290414  -0.00141297 -0.000709595  0.000358731    0.001684  0.00983575 -0.00724903 1 0 0
             39.4301 1.63665 13.4915 56.4118  3.41039  -3.6961 0.421552   0.109007  -0.024005 -0.0192924  -0.00138823 -0.000704431  0.000356536  0.00150784  0.00940988 -0.00763213 1 0 0
             39.4301  1.6833 13.4907 56.4151  3.41211 -3.69868 0.419466    0.11608 -0.0389005 -0.0303294  -0.00143964 -0.000698599  0.000351502  0.00178566  0.00990184 -0.00713216 1 0 0
               39.53 1.63318 13.5909 56.8683  3.42289 -3.70164 0.424224    0.117233  -0.0324914 0.000223266    -0.001347 -0.000712816   0.00035069 0.00195109 0.00980409 -0.0081067 1 0 0
               39.53 1.69432 13.5656 56.8665  3.42583  -3.7019 0.420646   0.131309 -0.0348563 -0.0174391   -0.0014146 -0.000693066  0.000349922  0.00161453   0.0103316 -0.00750827 1 0 0
             39.6298 1.87486 13.4265 57.5429    3.439 -3.70508 0.423996   0.128548 -0.0360897 0.00947874  -0.00136956 -0.000703295  0.000328199  0.00161011   0.0103131 -0.00814936 1 0 0
             39.6298 1.95141 13.4036 57.5785  3.44075 -3.70571 0.420695    0.136104  -0.0408138 -0.00724812  -0.00144174 -0.000683226  0.000292939  0.00146565   0.0106481 -0.00753733 1 0 0
             39.7304 2.06442 12.9789 58.3883  3.45558 -3.70783 0.423576   0.126925 -0.0337819   0.014477  -0.0014154 -0.00070302 0.000275822  0.00116777   0.0107441 -0.00806001 1 0 0
             39.7304 2.07683 12.9443 58.3844  3.45601 -3.70915 0.420859    0.127655  -0.0426308 6.35883e-05  -0.00143261 -0.000664209  0.000277003  0.00129283   0.0109238 -0.00746468 1 0 0
             39.8303  1.9868 12.3182 59.3519   3.4588 -3.70732 0.429089  0.0852968 -0.0282388  0.0321297 -0.00128065 -0.00070845 0.000292087  0.00122036  0.00953667 -0.00845387 1 0 0
             39.8303 2.11205 12.2936 59.3376  3.45978 -3.70837 0.425929  0.0896906 -0.0356722  0.0162566  -0.00140806 -0.000682528  0.000302057  0.00123137  0.00978717 -0.00783956 1 0 0
             39.9301 2.36488 11.5311 60.3062  3.46612 -3.71076 0.434586  0.0691157 -0.0341968  0.0411174  -0.00135681 -0.000713096  0.000269311  0.00133795  0.00942608 -0.00872996 1 0 0
             39.9301 2.39862  11.484 60.2137  3.46733 -3.71188  0.42964  0.0736091 -0.0422963  0.0174214  -0.00142033 -0.000659399  0.000360896   0.0013004  0.00972906 -0.00781568 1 0 0
               40.03 2.37832 10.5366 60.8985  3.46785 -3.71283 0.436676  0.0363664 -0.0339714  0.0443492 -0.00139902  -0.0006961 0.000370002  0.00124773  0.00888847 -0.00837294 1 0 0
               40.03 2.33801 10.4944 60.8663  3.46885 -3.71475 0.432855  0.0395708 -0.0460909  0.0253413  -0.00137507 -0.000643801  0.000396643  0.00144517  0.00922275 -0.00758372 1 0 0
             40.1298 2.56375 9.51577 61.3725  3.46316 -3.71391 0.438922 -0.00203359  -0.0269477   0.0460423  -0.00138074 -0.000654559  0.000390309  0.00129049  0.00782104 -0.00791925 1 0 0
             40.1298  2.5316 9.48697 61.3162  3.46542 -3.71535 0.435356  0.0079967 -0.0360697  0.0288369  -0.00137068 -0.000622053  0.000440825  0.00132817  0.00835922 -0.00724775 1 0 0
             40.2304 2.74891 8.37448 61.4955   3.4635 -3.71838 0.445212 -0.0106839 -0.0311061  0.0573978  -0.00135616 -0.000644353  0.000444175  0.00149872  0.00805942 -0.00803467 1 0 0
             40.2304 2.75658 8.33322 61.4566   3.4671  -3.7197 0.441341 0.00558342 -0.0384688  0.0399611  -0.00138339 -0.000604582  0.000476013  0.00139841  0.00880028 -0.00738833 1 0 0
             40.3303 3.00097 7.27996  61.565  3.46442 -3.72377 0.439769 -0.0159903 -0.0324459  0.0244404 -0.00136419  -0.0005925 0.000497454   0.0015019  0.00853645 -0.00663618 1 0 0
             40.3303 3.04787 7.22072 61.5562  3.46842 -3.72536 0.438516 0.00316486 -0.0405131   0.019564  -0.00142604 -0.000536376  0.000499414  0.00149787  0.00935712 -0.00647972 1 0 0
             40.4301 3.10999 6.26467 61.7485   3.4707 -3.72991 0.444387 -0.00221265  -0.0398072   0.0383958  -0.00141142 -0.000541723  0.000446051  0.00154697  0.00972904 -0.00694076 1 0 0
             40.4301 3.07626 6.27513 61.7254  3.47355 -3.73095 0.444807  0.0118166 -0.0439381  0.0406657  -0.00139089 -0.000552439    0.0004677  0.00154328   0.0103123 -0.00705677 1 0 0
             40.5299 3.19623 5.26724 61.9924  3.47568 -3.73895 0.447517 0.00540706 -0.0512919  0.0400296  -0.00139405 -0.000522492  0.000412794  0.00200277   0.0106321 -0.00682374 1 0 0
             40.5299 3.19052 5.26482 61.9591  3.47718 -3.73688 0.449479  0.0145981 -0.0391117  0.0489091  -0.00139384 -0.000528177  0.000445855  0.00147766   0.0108064 -0.00722905 1 0 0
             40.6302 3.28632 4.27988 62.1746  3.47354 -3.73695 0.456435 -0.0109831  -0.021582  0.0424334  -0.00137635 -0.000527719   0.00042955    0.001288   0.0100566 -0.00752627 1 0 0
             40.6302 3.26573 4.28386 62.1458   3.4748 -3.73544   0.4578 -0.00321746  -0.0126731   0.0490161  -0.00136066 -0.000537383  0.000458485 0.000880785   0.0102299 -0.00781987 1 0 0
               40.73 3.28684 3.64655 62.4062  3.47752 -3.73387 0.464766  0.011696 0.0166864 0.0419896  -0.00138039 -0.000556636  0.000401654 0.000555137   0.0105345  -0.0082403 1 0 0
               40.73 3.22884 3.66547 62.3566   3.4773 -3.73427 0.464417 0.0100487 0.0146884 0.0403266   -0.0013262 -0.000570641  0.000451983 0.000655878   0.0105169 -0.00817015 1 0 0
             40.8299 3.31428 3.29228 62.6418  3.47165 -3.72772 0.470904 -0.0130062  0.0401572  0.0460528  -0.00138516 -0.000572549  0.000422044 0.000397252  0.00942901  -0.0084446 1 0 0
             40.8299 3.26953 3.32938 62.5969  3.47199 -3.72963 0.470091 -0.0122356   0.029846  0.0420054  -0.00134684 -0.000600784  0.000468133 0.00079065 0.00960511 -0.0082843 1 0 0
             40.9305 3.38117  3.0051 62.8926  3.46309 -3.72643 0.469206 -0.0469559  0.0280246  0.0210051     -0.00133 -0.000581821  0.000454093  0.00115222  0.00856301 -0.00752509 1 0 0
             40.9305 3.36569 2.99313 62.8477  3.46448 -3.72715 0.469133 -0.0395102  0.0244409  0.0211094  -0.00132327 -0.000567664  0.000497153  0.00119481  0.00889503 -0.00754219 1 0 0
             41.0304 3.25881 2.55773 63.1616  3.45718 -3.72332 0.472947 -0.0572384  0.0286669  0.0233746  -0.00138418 -0.000558354  0.000441813  0.00111792  0.00847249 -0.00773776 1 0 0
             41.0304 3.16698 2.58062 63.0888  3.45927 -3.72382 0.473543 -0.0461893  0.0269937  0.0271543  -0.00130605 -0.000578407  0.000514794  0.00106086    0.008929 -0.00790498 1 0 0
             41.1302 2.96961  2.3352 63.4473  3.46004 -3.71933 0.471322  -0.0177191   0.0439373 -0.00367032  -0.00133762 -0.000549253  0.000474422 0.000619112   0.0095387 -0.00741439 1 0 0
             41.1302  2.9417 2.36765 63.4348  3.46101  -3.7209 0.472363 -0.0132466   0.035861 0.00165687  -0.00131667 -0.000575984  0.000488339 0.000888498  0.00979455  -0.0076392 1 0 0
               41.23 2.83807 2.66237 63.6914  3.46177 -3.71445 0.474479  0.00773078   0.0479719 -0.00219736 -0.00137847 -0.00058875 0.000463964 0.000458011  0.00987263 -0.00798918 1 0 0
               41.23 2.76485 2.72051 63.6497  3.46225 -3.71713 0.474919   0.00844906    0.0336959 -7.38589e-05  -0.00131374 -0.000634698  0.000507615  0.00102107   0.0100742 -0.00809199 1 0 0
             41.3299 2.85926  2.9583 63.8004  3.46257 -3.71072 0.474086   0.00851698    0.0281238 -0.000316442  -0.00138323 -0.000603147  0.000472417  0.00049951    0.009863 -0.00796341 1 0 0
             41.3299 2.80966 3.00237 63.7666  3.46272 -3.71433 0.474741 0.00740515 0.00792442 0.00318628  -0.00134125 -0.000632084  0.000507641  0.00131083   0.0100457 -0.00812486 1 0 0
             41.4301 2.79302 2.97659 63.8174  3.46485 -3.71377 0.474138    0.012333 -0.00163177  0.00695344   -0.0013818 -0.000584647  0.000447351   0.0012029   0.0102444 -0.00794785 1 0 0
             41.4301 2.74827 3.01904  63.778  3.46495  -3.7157 0.474768  0.0120104 -0.0127356  0.0102738   -0.0013428 -0.000617494  0.000487966  0.00165521   0.0103548 -0.00809028 1 0 0
               41.53 2.72981 2.84787 63.7212  3.46402 -3.71419 0.474936  0.00103248 -0.00470925   0.0110249  -0.00138473 -0.000582387  0.000438857  0.00128614  0.00999631 -0.00791288 1 0 0
               41.53 2.66945 2.86788 63.6761  3.46392 -3.71543 0.474943 -0.000226525   -0.0118785    0.0111098  -0.00132876 -0.000595318  0.000484543  0.00158954   0.0100416 -0.00792097 1 0 0
             41.6298 2.62309 2.89408 63.6291  3.45988 -3.71043  0.47517 -0.0112723 0.00804486 0.00254479  -0.00137772 -0.000582992  0.000464155 0.000901234   0.0091962 -0.00778493 1 0 0
             41.6298 2.57308 2.92672 63.5937  3.45966 -3.71285 0.474822  -0.0136407 -0.00631713 0.000757082  -0.00133226 -0.000604785  0.000500428  0.00150107  0.00927693 -0.00772103 1 0 0
             41.7305 2.59383 2.96099 63.6604  3.45806 -3.70921 0.474182  -0.0156424   0.0134481 -0.00297183   -0.0013676 -0.000585179  0.000467757 0.000922655  0.00909866 -0.00761669 1 0 0
             41.7305 2.55682 2.99383  63.618  3.45864 -3.71267 0.474219  -0.0136794 -0.00676007 -0.00264562  -0.00133783 -0.000606135  0.000512636  0.00170586  0.00940595 -0.00764358 1 0 0
             41.8303 2.60954 3.04604 63.6456  3.46068 -3.71253 0.472701 -0.00151611 -0.00279626 -0.00981887 -0.00138291 -0.00058221 0.000458614  0.00140545  0.00987346 -0.00749078 1 0 0
             41.8303  2.5553 3.08058 63.6072   3.4614 -3.71375 0.473564  0.00185976 -0.00937683 -0.00523485  -0.00133368 -0.000612159  0.000498556 0.00164213  0.0100854 -0.0076831 1 0 0
             41.9301 2.60642 3.16036 63.5851  3.45912 -3.71073 0.473606 -0.00912959   0.0068262 -0.00300203  -0.00137361 -0.000598285   0.00047456  0.00114626   0.0096197 -0.00775186 1 0 0
             41.9301 2.55839 3.18139 63.5439  3.45978 -3.71261 0.473683 -0.00626055 -0.00397431 -0.00253764 -0.00133102 -0.00061325 0.000516965  0.00155128  0.00986797 -0.00777832 1 0 0
               42.03 2.55111 3.21197 63.5214  3.45721 -3.71151 0.472436  -0.0157666  0.00292284 -0.00192769  -0.00137711 -0.000595894   0.00046576  0.00138413  0.00954978 -0.00758954 1 0 0
               42.03 2.49302 3.23336 63.4642  3.45824 -3.71255 0.472993  -0.0103833 -0.00239335  0.00114792  -0.00132497 -0.000613539  0.000524629  0.00154335   0.0098346 -0.00772189 1 0 0
             42.1298 2.48049   3.339 63.5268  3.45684 -3.70831 0.473825 -0.00959331   0.0157673  0.00786307  -0.00137518 -0.000605419  0.000480952 0.000925431  0.00961105 -0.00776706 1 0 0
             42.1298 2.45217 3.38154 63.5044  3.45804 -3.71008 0.474428 -0.00355443  0.00638315   0.0111068   -0.0013517 -0.000644714  0.000505637  0.00124385  0.00995817 -0.00790751 1 0 0
             42.2305  2.4276 3.39693 63.5535  3.45693 -3.70725  0.47335 -0.00956278   0.0155794  0.00361968  -0.00140259 -0.000599917  0.000459562 0.000938714  0.00982195 -0.00759713 1 0 0
             42.2305 2.34633  3.4178 63.5037  3.45818  -3.7093 0.473848 -0.00366881  0.00437513  0.00632311  -0.00132865 -0.000615574  0.000510626 0.00132714  0.0102046 -0.0077155 1 0 0
             42.3303 2.31899 3.49081 63.5647  3.45741 -3.70597  0.47601 0.000607974   0.0177736   0.0114917  -0.00137293 -0.000613873  0.000462539 0.000946037  0.00999569 -0.00792543 1 0 0
             42.3303 2.26058 3.52157  63.527  3.45788 -3.70758 0.475559 0.00230161 0.00857245 0.00922626  -0.00131891 -0.000639786  0.000501551  0.00130118   0.0101901 -0.00783531 1 0 0
             42.4301 2.32718 3.58168 63.6069  3.45795 -3.70562 0.475334 0.00299942  0.0131935 0.00415195  -0.00137115 -0.000617852   0.00044888  0.00114683   0.0101159 -0.00766927 1 0 0
             42.4301 2.29313 3.60584  63.565  3.45909 -3.70737 0.475117 0.00873323 0.00344518 0.00323595  -0.00134365 -0.000637419  0.000492243  0.00147171   0.0104645 -0.00763633 1 0 0
               42.53 2.34714 3.64626 63.5628  3.45639 -3.70169 0.473917 -0.00371155   0.0246745 -0.00445678  -0.00140736 -0.000620286  0.000453133 0.000819405  0.00975493 -0.00741846 1 0 0
               42.53 2.27623 3.67126 63.5152  3.45672 -3.70365  0.47378 -0.00289877   0.0135835  -0.0049219  -0.00134114 -0.000639168  0.000502226  0.00125871  0.00993666 -0.00739886 1 0 0
             42.6302 2.29232 3.80255  63.547  3.45493 -3.69953 0.471452 -0.00345318   0.0184234 -0.00898859  -0.00139245 -0.000607835  0.000455527  0.00092367  0.00957802 -0.00709221 1 0 0
             42.6302 2.21035 3.85103 63.4999  3.45571 -3.70161 0.472171 -0.000297249   0.00731096  -0.00518931 -0.00131639 -0.00065066 0.000504837  0.00134981  0.00984771 -0.00724711 1 0 0
               42.73 2.34752 3.83051 63.4631  3.4579 -3.7006 0.46962  0.00546017  0.00477982 -0.00760321  -0.00137249 -0.000595976  0.000462827  0.00115024   0.0101307 -0.00695151 1 0 0
               42.73 2.31489 3.84761 63.4322  3.45882 -3.70244 0.470033  0.00985099 -0.00537816 -0.00521865 -0.00134525  -0.0006086 0.000494832  0.00150932   0.0104276 -0.00704935 1 0 0
             42.8299 2.36381 3.76263 63.4109  3.45524 -3.69797 0.469405 -0.00751042  0.00799805 -0.00290826  -0.00139419 -0.000580365  0.000453137 0.000952265  0.00959249 -0.00698973 1 0 0
             42.8299 2.32638 3.79444  63.354  3.45623 -3.70012  0.47013 -0.00235128 -0.00409083  0.00181828  -0.00136457 -0.000606059   0.00051242  0.00138424  0.00994015 -0.00718295 1 0 0
             42.9301 2.41521 3.67085 63.3124  3.45431 -3.69746 0.470718 -0.00569851  0.00125125  0.00418806  -0.00142746 -0.000580779  0.000467847  0.00096791   0.0095526 -0.00723174 1 0 0
             42.9301 2.35411 3.71399 63.2702   3.4552 -3.69965  0.47206 -0.00169025  -0.0105971   0.0114308  -0.00137205 -0.000618517  0.000512143  0.00141396  0.00985566 -0.00752698 1 0 0
               43.03 2.52885 3.58964 63.2409  3.45478 -3.69658 0.472525 -0.000790268   0.00101531    0.0096922  -0.00142427 -0.000586077  0.000461765 0.000789528  0.00962118 -0.00742773 1 0 0
               43.03   2.417 3.62319 63.1879  3.45603 -3.69931 0.472968  0.0042057 -0.0134121   0.011831  -0.00131899 -0.000612967  0.000516839  0.00131837   0.0100204 -0.00751533 1 0 0
             43.1302 2.45117 3.47184 63.1556  3.45767 -3.70102 0.473151 0.00796574 -0.0200967 0.00778582  -0.00139973 -0.000591278  0.000463213  0.00123834   0.0102408 -0.00736735 1 0 0
             43.1302 2.37015 3.48362 63.1162  3.45812 -3.70286 0.473149 0.00978701 -0.0306774 0.00815233  -0.00132339 -0.000597832  0.000503575  0.00164059   0.0104646 -0.00738188 1 0 0
               43.23 2.50304 3.39938 63.1059  3.46136 -3.70323 0.471955   0.0180805  -0.0140467 -0.00266411  -0.00140628 -0.000585162  0.000444593   0.0011407   0.0107079 -0.00710761 1 0 0
               43.23 2.43031 3.43322 63.0639  3.46176 -3.70488  0.47283  0.0198127 -0.0234064 0.00277539 -0.00133778 -0.00061394 0.000488388  0.00150575   0.0109008 -0.00733148 1 0 0
             43.3299 2.48707 3.48829 63.0627  3.46093 -3.70459 0.471787   0.00848157   -0.0104543 -0.000678365   -0.0014148 -0.000597403   0.00043918  0.00128414   0.0104046 -0.00709861 1 0 0
             43.3299 2.40092 3.52592 63.0189  3.46122   -3.705 0.472264  0.0100834 -0.0125816 0.00238668  -0.00133127 -0.000632894  0.000485021 0.00136611   0.010513 -0.0072265 1 0 0
             43.4305  2.5167 3.47715 63.0775  3.46236  -3.7046 0.471316  0.00669471  -0.0128987 0.000332674  -0.00141123 -0.000606383  0.000443489  0.00101753   0.0104443 -0.00699634 1 0 0
             43.4305 2.44812 3.49744 63.0532  3.46278 -3.70572 0.472258  0.0090108 -0.0194494 0.00584232  -0.00134148 -0.000624773  0.000470348  0.00126103   0.0106266 -0.00722504 1 0 0
             43.5304 2.46323 3.34114 63.0997  3.46271 -3.70694 0.471542 0.00150641 -0.0106139 0.00389498  -0.00142251 -0.000592079  0.000427218  0.00123531   0.0105175 -0.00698699 1 0 0
             43.5304 2.36501 3.37785 63.0558  3.46267 -3.70754 0.472635 0.000963674  -0.0138267   0.0103366  -0.00131901 -0.000628864  0.000476545  0.00139716   0.0105539 -0.00726275 1 0 0
             43.6302 2.29727 3.29765 63.1627  3.45749 -3.70383 0.473596 -0.0189709 0.00454728  0.0105101  -0.00138034 -0.000591087  0.000420652 0.000939586  0.00950552 -0.00718833 1 0 0
             43.6302  2.2458 3.33279 63.1087   3.4577 -3.70482 0.474005  -0.0176699 -0.00121266   0.0133164  -0.00133252 -0.000623068  0.000477161  0.00117566  0.00964292 -0.00731082 1 0 0
               43.73 2.29039 3.20125 63.2232  3.45735 -3.70352 0.474095  -0.0114378 0.000722464  0.00694361  -0.00138667 -0.000601013  0.000436716 0.000832044  0.00976791  -0.0071404 1 0 0
               43.73 2.22698 3.24381 63.1843  3.45768 -3.70498  0.47448 -0.00952885 -0.00773704  0.00980264 -0.00132537 -0.00064106  0.00047838  0.00116937  0.00996696 -0.00726368 1 0 0
             43.8299 2.27612 3.16363 63.2717  3.45537 -3.70549 0.475123 -0.0120526 -0.0016282 0.00758824  -0.00139124 -0.000607225   0.00043473  0.00126394  0.00973843 -0.00720071 1 0 0
             43.8299 2.21783 3.20185 63.2289  3.45603 -3.70633 0.475575 -0.00840982 -0.00605266   0.0102265  -0.00133482 -0.000644063  0.000480373   0.0014126  0.00995237 -0.00731506 1 0 0
             43.9305 2.31359 3.21418 63.2554  3.45334 -3.70468 0.476191 -0.0169561 0.00113021  0.0100585 -0.00139538 -0.00062907 0.000454971  0.00113114  0.00956841 -0.00723967 1 0 0
             43.9305 2.26519 3.24504 63.2302  3.45436 -3.70544 0.476374  -0.0112753 -0.00281323   0.0112029  -0.00134864 -0.000659055  0.000481946  0.00122966  0.00985605 -0.00729246 1 0 0
             44.0303 2.28801 3.13484 63.2673   3.4542 -3.70588 0.472602 -0.00629363 -0.00715653 -0.00336244  -0.00139552 -0.000615644  0.000440608  0.00111448  0.00999016 -0.00661669 1 0 0
             44.0303 2.22635 3.15282 63.2149  3.45471 -3.70648 0.473456 -0.00329292  -0.0105551  0.00168248   -0.0013368 -0.000631166  0.000495132  0.00122375   0.0101618 -0.00682931 1 0 0
             44.1302  2.2518  3.0819 63.2464   3.4546 -3.70758 0.472307 -0.00576572  -0.0111915   0.0012088  -0.00136173 -0.000609848  0.000450743  0.00119822   0.0102225 -0.00657261 1 0 0
             44.1302 2.23957 3.09774 63.2064  3.45548 -3.70751 0.473016 -0.000118854    -0.010626   0.00556556  -0.00135229 -0.000624687  0.000492772   0.0011118   0.0104343 -0.00675792 1 0 0
               44.23 2.26448 2.94157 63.2781  3.45538 -3.70796 0.475203 -0.0021837 -0.0103342  0.0108847  -0.00139057 -0.000617805  0.000437404 0.000973517   0.0104005 -0.00700635 1 0 0
               44.23 2.20514  2.9576 63.2276   3.4559 -3.70813 0.475894 0.000879265  -0.0110517   0.0150193  -0.00133317 -0.000632107  0.000489843 0.000973063   0.0105424 -0.00718095 1 0 0
             44.3299 2.30222 2.87209 63.3595  3.45306 -3.70675 0.477028 -0.00757999  0.00285245   0.0132418  -0.00138201 -0.000620012  0.000434558 0.000802315  0.00996715  -0.0071139 1 0 0
             44.3299 2.26501 2.90101 63.3051  3.45416 -3.70769 0.476999 -0.00167411 -0.00209328   0.0131904  -0.00134781 -0.000647002  0.000491763 0.000934325   0.0102736 -0.00711732 1 0 0
             44.4305 2.34375 2.85082 63.4682  3.45314  -3.7053 0.476661 -0.00819874  0.00627007  0.00880099  -0.00137931 -0.000630914   0.00045195 0.000571558   0.0100761 -0.00687027 1 0 0
             44.4305 2.31798 2.88592 63.4417  3.45428 -3.70646 0.477134 -0.00209059 0.000187918   0.0112313  -0.00135573 -0.000664842  0.000480288 0.000750318   0.0103973 -0.00697768 1 0 0
             44.5303 2.33669 2.80203 63.5651  3.45291 -3.70527 0.476925 -0.00939552  0.00500009  0.00670282  -0.00138226 -0.000635433  0.000446025 0.000612825   0.0102349 -0.00679109 1 0 0
             44.5303 2.26854 2.83078 63.5302   3.4536 -3.70655 0.476984 -0.00613981 -0.00188775  0.00696416  -0.00131545 -0.000662318  0.000482905 0.000858299   0.0104703 -0.00680708 1 0 0
             44.6302  2.3089 2.79778 63.7298   3.4511 -3.70472 0.477456 -0.00927541  0.00965371  0.00874651  -0.00138082 -0.000636073  0.000449503 0.000681713    0.010099 -0.00675087 1 0 0
             44.6302 2.25158 2.83319 63.6995  3.45224 -3.70609 0.477775 -0.00354634  0.00251275   0.0104015  -0.00132526 -0.000669929  0.000482158 0.000908189   0.0104284 -0.00682699 1 0 0
               44.73 2.28718 2.86468  63.858  3.45425 -3.70505 0.477793  0.00939092 0.000299489    0.003404  -0.00136718 -0.000640549  0.000438468  0.00062879   0.0107066 -0.00670046 1 0 0
               44.73 2.24569   2.897 63.8215  3.45456 -3.70698  0.47792  0.0102432 -0.0104621 0.00419996  -0.00132744 -0.000670273  0.000477242  0.00105857   0.0108824 -0.00673856 1 0 0
             44.8298 2.33184 2.86565 63.9793   3.4548 -3.70549 0.476677   0.00467943  -0.00336728 -0.000773476  -0.0013601 -0.00063478 0.000436262 0.000667341   0.0106883 -0.00648862 1 0 0
             44.8298 2.30124 2.88487 63.9383  3.45514 -3.70719  0.47689  0.00587645  -0.0130683 0.000522844  -0.00133155 -0.000651435  0.000479189  0.00104727   0.0108604 -0.00654732 1 0 0
             44.9305 2.44424 2.96922 64.0627  3.45218 -3.70406 0.476281 -0.00231074  0.00310888 0.000395916  -0.00138502 -0.000630945  0.000454041 0.000617906   0.0100871 -0.00642793 1 0 0
             44.9305 2.39665 3.01671 64.0253  3.45296 -3.70585 0.476666  0.00163774 -0.00711384  0.00266327  -0.00133965 -0.000676344  0.000494074 0.000996289   0.0103775 -0.00652936 1 0 0
             45.0303 2.50467 2.96562 64.0415  3.45162 -3.70506 0.474594 -0.00982213 -0.00542271 -0.00118861  -0.00139186 -0.000627194  0.000465608  0.00077735   0.0101359 -0.00612069 1 0 0
             45.0303 2.45405 2.98954 64.0014  3.45181 -3.70748 0.475213 -0.00904609  -0.0198323    0.002679  -0.00134346 -0.000647419  0.000507643  0.00135434   0.0103479 -0.00628725 1 0 0
             45.1301 2.50995 2.89795 64.0397  3.45178  -3.7089 0.472953 -0.00666063  -0.0243275 -0.00680488 -0.00138446  -0.0006123 0.000461057 0.00115789  0.0104457 -0.0059062 1 0 0
             45.1301 2.45444 2.92764 64.0075  3.45263 -3.70928 0.474298 -0.00141978  -0.0262166   0.0010504  -0.00133047 -0.000641019  0.000495291  0.00118468   0.0106777 -0.00623914 1 0 0
               45.23 2.45373 2.84989 64.0045  3.45216 -3.71026 0.476012 0.000762039  -0.0170824  0.00718866  -0.00138272 -0.000612418  0.000449602  0.00100457   0.0105456 -0.00647052 1 0 0
               45.23 2.40772 2.89444 63.9621  3.45279 -3.71155  0.47648 0.00400882 -0.0240506 0.00992124  -0.00133257 -0.000660242  0.000500348  0.00126376   0.0107677 -0.00659077 1 0 0
             45.3298 2.37205  2.8718 63.8109 3.44985  -3.709 0.47754 -0.00660627 -0.00440486   0.0139082  -0.00138097 -0.000630841  0.000461146 0.000669916   0.0100916 -0.00654423 1 0 0
             45.3298 2.31505  2.9177 63.7588  3.45082 -3.71058 0.478282 -0.00174229  -0.0128164   0.0181495  -0.00132069 -0.000679182  0.000519778 0.000982318   0.0104092 -0.00673937 1 0 0
             45.4305 2.09155  2.9995  63.277  3.45357  -3.7115 0.478588  0.0166962 -0.0122752  0.0128367  -0.00135821 -0.000640323  0.000459942 0.000803726   0.0108098  -0.0064808 1 0 0
             45.4305 2.04107 3.02814 63.2197  3.45428 -3.71231 0.479046   0.020371 -0.0164804  0.0153721  -0.00130937 -0.000667814  0.000519256 0.000946494   0.0110286 -0.00659756 1 0 0
             45.5303  2.0138 3.18113 62.5665  3.45837 -3.71246  0.47663  0.0363937 -0.0045064 0.00170511  -0.00136037 -0.000613997  0.000454181 0.000687311   0.0111981 -0.00598616 1 0 0
             45.5303 1.95719  3.2167 62.4986  3.45862 -3.71416 0.477066  0.0369738 -0.0139192 0.00388397  -0.00130544 -0.000648897  0.000525165  0.00108378   0.0113582 -0.00608399 1 0 0
             45.6302 1.79655 3.46331 61.9262  3.46087 -3.71037 0.474311   0.0268251 0.000832399 -0.00671976  -0.00129908 -0.000618706  0.000484545 0.000342528   0.0109812 -0.00563006 1 0 0
             45.6302 1.79215 3.51293 61.9123  3.46076 -3.71244 0.476613  0.0262579 -0.0107064 0.00434859  -0.00129502 -0.000669562   0.00050059 0.000842985   0.0110938  -0.0061023 1 0 0
               45.73 1.60679 3.45884 61.5419  3.46272 -3.71192 0.477206  0.0157725 -0.0128209  0.0105314   -0.0013146 -0.000623508  0.000451599 0.000545291    0.010983 -0.00608036 1 0 0
               45.73 1.58628 3.48545 61.5431  3.46281 -3.71449 0.478404  0.0157282 -0.0273172  0.0168679  -0.00129213 -0.000651582  0.000451679   0.0011349   0.0111782 -0.00634477 1 0 0
             45.8299 1.41234 3.21972 61.2087   3.4624  -3.7173 0.478056 0.00397609 -0.0329843  0.0174862  -0.00132623 -0.000612656  0.000425633  0.00118149   0.0109385 -0.00598724 1 0 0
             45.8299 1.37282 3.25636 61.1847  3.46321 -3.71782 0.479569 0.00850872 -0.0355202  0.0258357  -0.00128647 -0.000649475  0.000451665  0.00123847   0.0111534 -0.00633938 1 0 0
             45.9305 1.31634 2.87204 60.9132  3.46404 -3.72105 0.481794 0.00457243 -0.0371016   0.025896  -0.00130125 -0.000619979  0.000409088  0.00113797   0.0111538 -0.00625403 1 0 0
             45.9305 1.30118 2.89727 60.8765  3.46433 -3.72168 0.482811 0.00618571  -0.040435  0.0311113 -0.00128732 -0.00064506 0.000447283   0.0012591    0.011264 -0.00647195 1 0 0
             46.0304  1.2547 2.45797 60.6224  3.46194 -3.72344 0.480844 -0.0171329 -0.0309841  0.0135389  -0.00132154 -0.000610944  0.000405119  0.00102806   0.0108295 -0.00575863 1 0 0
             46.0304 1.20958 2.47819 60.5888   3.4633 -3.72434  0.48223 -0.00992108  -0.0351073   0.0207983   -0.0012758 -0.000630651  0.000440428 0.00109417  0.0111778 -0.0060636 1 0 0
             46.1302 1.20776 1.95527 60.2294  3.46384 -3.72521 0.481763 -0.0135517 -0.0245786   0.014353  -0.00131711 -0.000611516  0.000399572 0.000556724   0.0113318 -0.00570213 1 0 0
             46.1302 1.13987 1.96659 60.2078  3.46393   -3.727 0.483794 -0.0141962 -0.0339771  0.0244053  -0.00124736 -0.000623284  0.000422559 0.000944752   0.0114698 -0.00612424 1 0 0
               46.23 1.13128 1.36694  59.848  3.46293 -3.72551 0.485339 -0.0264952 -0.0223062  0.0211558  -0.00126414 -0.000597425  0.000394734 0.000185102   0.0113986 -0.00598174 1 0 0
               46.23  1.1108  1.4037 59.8189  3.46309 -3.72851 0.487326 -0.0273754 -0.0377145  0.0306327  -0.00124336 -0.000635296  0.000425773 0.000809844   0.0116078 -0.00638564 1 0 0
             46.3299  1.14621 0.627453  59.4794  3.45738 -3.72888 0.487734 -0.0389362 -0.0147507  0.0210445  -0.00121986 -0.000605302  0.000393238 0.000541763   0.0111762 -0.00603308 1 0 0
             46.3299 1.16501 0.64255 59.4705  3.45792 -3.73134 0.488789 -0.0376074 -0.0271558  0.0258268  -0.00123819 -0.000621361  0.000402644  0.00100121   0.0114154 -0.00624347 1 0 0
             46.4301  1.25047 0.246244  59.0196  3.45098 -3.72771 0.486476 -0.0452054  0.0029842 0.00504648 -0.00125722 -0.00060918 0.000392641 0.000425493   0.0107939 -0.00562571 1 0 0
             46.4301  1.22544 0.269711  58.9939  3.45164 -3.73018 0.488065 -0.0432852 -0.0092804  0.0132998 -0.00123056 -0.00063367 0.000419663 0.000862979   0.0110698 -0.00598901 1 0 0
               46.53  1.48044 0.350799  58.4364  3.44786 -3.73091 0.490069   -0.0440284 -0.000985092   0.00955415  -0.00120186 -0.000635393  0.000416745 0.000855971   0.0111769 -0.00615111 1 0 0
               46.53 1.52216 0.39304 58.4217  3.44892 -3.73189 0.490652  -0.0384437 -0.00561466    0.012888 -0.00124402 -0.00067807 0.000433103 0.000943115   0.0114468 -0.00629403 1 0 0
             46.6298 1.48014 0.40588 58.0615  3.44105 -3.72959 0.490012  -0.047044 0.00403885  0.0035413  -0.00115055 -0.000646357  0.000418388 0.000848067   0.0108138 -0.00601431 1 0 0
             46.6298  1.55236 0.445795  58.0587  3.44252 -3.73011 0.490517 -0.0384772 0.00173119 0.00641561  -0.00122381 -0.000686357  0.000422555 0.000789704   0.0111464 -0.00613021 1 0 0
             46.7304 1.88501 0.42817 57.9921     3.44 -3.73028 0.492453  -0.0382729 -0.00705718   0.0218293  -0.00124688 -0.000668527  0.000384822 0.000659677   0.0113052 -0.00625638 1 0 0
             46.7304  1.86057 0.443443  57.9621  3.44106 -3.73084 0.492062  -0.0325064 -0.00943368   0.0197654   -0.0012213 -0.000682864  0.000416067  0.00065641   0.0115697 -0.00616796 1 0 0
             46.8303   2.00891 0.0648489   57.9781  3.43985 -3.73358 0.491525 -0.0208025 -0.0130586  0.0210401  -0.00123009 -0.000642569  0.000377955 0.000794502   0.0119554 -0.00567809 1 0 0
             46.8303  1.98077 0.078117  57.9697  3.44034  -3.7335 0.491753 -0.0180583 -0.0122103   0.022243  -0.00120106 -0.000655547  0.000387113 0.000716314   0.0120492  -0.0057243 1 0 0
             46.9301    2.1124 -0.211053   58.1229   3.4401 -3.73467  0.49092 -0.0104749  -0.014592  0.0102771 -0.00120091 -0.00063292 0.000343056 0.000603943   0.0122327 -0.00528406 1 0 0
             46.9301   2.14042 -0.192334   58.1026  3.43989 -3.73442 0.491258 -0.0112428 -0.0133704  0.0119933  -0.00122977 -0.000651296  0.000364342 0.000574596    0.012171 -0.00535423 1 0 0
             47.0299   2.12457 -0.596448   58.3276  3.43681 -3.73731 0.492008 -0.0151223 -0.0172932  0.0104847  -0.00126052 -0.000630087  0.000340364  0.00089954   0.0120197 -0.00530784 1 0 0
             47.0299   2.05803 -0.586665    58.319  3.43723 -3.73721 0.492238 -0.0131846 -0.0161665   0.011631  -0.00118287 -0.000640515   0.00035103 0.000824345   0.0120936 -0.00535237 1 0 0
             47.1302  2.03583 -0.77635  58.5044  3.43696  -3.7371 0.490592 -0.00816305 -0.00708985  0.00195494  -0.00118775 -0.000618389  0.000304083 0.000581383   0.0121052 -0.00495304 1 0 0
             47.1302   2.03261 -0.739584    58.454  3.43681 -3.73677 0.491675 -0.00860328 -0.00527295  0.00724482 -0.00118365 -0.00065249 0.000354171 0.000518388   0.0120483 -0.00518251 1 0 0
               47.23   1.91223 -0.838152   58.5869  3.43256 -3.73578 0.488434  -0.0213941 -0.00274443 -0.00244138  -0.0011615 -0.00062436 0.000339994 0.000624648   0.0115043 -0.00458297 1 0 0
               47.23   1.90537 -0.832508   58.5729  3.43327 -3.73521 0.489466  -0.0169102 0.000735854  0.00291016  -0.00115569 -0.000631845  0.000353554 0.000400369   0.0116047 -0.00479521 1 0 0
             47.3298  1.83818 -1.14921  58.7197  3.43195 -3.73767 0.488752 -0.00949142  -0.0206017  0.00167188  -0.00119187 -0.000614181  0.000334626 0.000605328   0.0117244 -0.00464223 1 0 0
             47.3298  1.83742 -1.13734  58.6787  3.43232 -3.73771 0.490973 -0.00703486  -0.0207812   0.0144382  -0.00119246 -0.000624532  0.000374187 0.000532454   0.0117983 -0.00516125 1 0 0
             47.4305  1.96757 -1.40642  58.7935  3.43344 -3.74231 0.491624 -0.000646343   -0.0316944    0.0142903 -0.00119604 -0.00060506 0.000346156 0.000746704   0.0121695   -0.005043 1 0 0
             47.4305  1.95132 -1.38212  58.7759   3.4336 -3.74058 0.493542  0.0013003 -0.0220087  0.0242082  -0.00117718 -0.000635306  0.000364834 0.000354001   0.0120692 -0.00540215 1 0 0
             47.5303  2.05035 -1.69024  58.8269  3.43621 -3.74147 0.495741  0.0130451 -0.0128844  0.0256945  -0.00118763 -0.000629547   0.00034317 4.40741e-05   0.0123211 -0.00533068 1 0 0
             47.5303  2.04675 -1.66881  58.7854  3.43545 -3.74169 0.496877 0.00854769 -0.0143153  0.0316456   -0.0011812 -0.000646551  0.000383047 0.000157389   0.0121787 -0.00558387 1 0 0
             47.6302  2.14776 -1.87735  58.8796  3.43996 -3.74318 0.498312  0.0185755 -0.0195616  0.0261948  -0.00117502 -0.000640184  0.000335777 -9.48985e-05    0.0126563  -0.00530957 1 0 0
             47.6302   2.1478 -1.85321  58.8747  3.43834 -3.74318 0.499067 0.00876072 -0.0204489  0.0304714   -0.0011703 -0.000658807  0.000340888 9.02248e-05   0.0123209 -0.00549968 1 0 0
               47.73  2.23182 -2.16869  58.8981  3.44073 -3.74513 0.499942  0.0104354 -0.0146706   0.024119  -0.00120699 -0.000635566  0.000326948 8.31248e-06   0.0125677 -0.00516524 1 0 0
               47.73   2.2023 -2.15064  58.8676  3.43901 -3.74583 0.500132 -0.000344248    -0.019715    0.0253814  -0.00117302 -0.000643511  0.000355811 0.000359797   0.0122816 -0.00525399 1 0 0
             47.8299  2.17761 -2.51043  58.9028  3.43712 -3.74662 0.499056 -0.0108128  -0.012227  0.0126021  -0.00117071 -0.000622954  0.000337862 0.000361031   0.0120772 -0.00471834 1 0 0
             47.8299  2.16845 -2.49863    58.86  3.43553  -3.7466 0.499387 -0.0203646 -0.0130734   0.014538  -0.00115382 -0.000627427  0.000378271 0.000540707   0.0117612 -0.00481392 1 0 0
             47.9305  2.19449 -2.81474  58.8731  3.43226 -3.74506 0.496041   -0.029063  0.00275063 -0.00419484 -0.00116541 -0.00060214 0.000374983  0.00033727    0.011529 -0.00410266 1 0 0
             47.9305  2.18655 -2.79394  58.8544  3.43182  -3.7461 0.496975  -0.0321599 -0.00325255  0.00082964  -0.00115771 -0.000614329  0.000393018 0.000579952   0.0115126 -0.00433414 1 0 0
             48.0303  2.14901 -2.99273  58.9895  3.43198 -3.75022 0.496365  -0.0254828 -0.00700957 0.000274751  -0.00117833 -0.000587534  0.000353453 0.000909057   0.0121597 -0.00428986 1 0 0
             48.0303    2.144 -2.97064  58.9693  3.43136 -3.74869 0.497537 -0.0282659 0.00129702 0.00647683 -0.00116659 -0.00061247 0.000372832 0.000647755   0.0119257 -0.00449702 1 0 0
             48.1302  2.13513 -3.17472  59.0544  3.43097  -3.7501 0.500639  -0.0231209 -0.00554526   0.0162661  -0.00117365 -0.000614432  0.000357371 0.000616407   0.0123075 -0.00484459 1 0 0
             48.1302  2.14271 -3.14914  59.0463  3.43033 -3.74932 0.501436   -0.026247 -0.00141249   0.0205665  -0.00117587 -0.000639702  0.000365522 0.000512078   0.0121271 -0.00499768 1 0 0
               48.23  2.17474 -3.38556  59.1557  3.43232 -3.74902 0.501238 -0.00995473  0.00285839   0.0138882  -0.00119648 -0.000618256  0.000347548 0.000194022   0.0126682 -0.00463331 1 0 0
               48.23  2.16227 -3.35799  59.1224  3.43105 -3.74851 0.501862 -0.0167771 0.00493414   0.017082  -0.00117644 -0.000641277  0.000379272 0.000225799   0.0124006 -0.00476206 1 0 0
             48.3299  2.14341 -3.63189  59.2528  3.43156 -3.74697 0.504614 -0.00941372   0.0123662   0.0221136   -0.0011802 -0.000628319  0.000360569 -8.96559e-05    0.0126221  -0.00483674 1 0 0
             48.3299  2.12623 -3.60235  59.2409  3.42996 -3.74778 0.504529 -0.0194261 0.00685144  0.0217681  -0.00115796 -0.000647137  0.000372033 0.000272707   0.0123687 -0.00487694 1 0 0
             48.4305  2.07567 -3.73592   59.328  3.42866 -3.74614 0.507499 -0.0155372  0.0169049   0.023837  -0.00115725 -0.000639162  0.000361747 0.000140767   0.0124094 -0.00496548 1 0 0
             48.4305 2.08546 -3.7081 59.3006  3.42766 -3.74602 0.506798 -0.0211143   0.017137  0.0199228   -0.0011608 -0.000662135  0.000388042 0.000252362   0.0122128 -0.00482444 1 0 0
             48.5303  2.04398 -3.68052  59.3612  3.42888 -3.74451 0.505498 -0.00483501   0.0197132  0.00681398   -0.0011805 -0.000646986  0.000375616 0.000170419   0.0126345 -0.00435884 1 0 0
             48.5303   2.0526 -3.64714  59.3397  3.42741  -3.7451 0.505268 -0.0134603  0.0156962 0.00569273  -0.00118235 -0.000670203  0.000395935 0.000462561   0.0123963 -0.00435983 1 0 0
             48.6302 2.07012 -3.6729  59.405   3.4298 -3.74453 0.503574 0.000397552  0.00953044 -0.00186306 -0.00119002 -0.00063886 0.000368749 0.000354258    0.012903 -0.00401922 1 0 0
             48.6302  2.09748 -3.63379  59.3745   3.4289 -3.74585 0.503832  -0.00524305   0.00168952 -0.000409577   -0.0012131 -0.000665337  0.000398973 0.000716089   0.0128196 -0.00413625 1 0 0
               48.73  2.02936 -3.60735  59.4241  3.42862 -3.74522 0.503813  -0.001962 0.00893013 0.00166293   -0.0011997 -0.000640962  0.000372827 0.000672187   0.0128554 -0.00411791 1 0 0
               48.73  2.00152 -3.58853  59.3859  3.42804 -3.74545  0.50334  -0.00544058    0.0073669 -0.000802727  -0.00116888 -0.000654836   0.00040949 0.000801376   0.0127695 -0.00404008 1 0 0
             48.8299  1.89854 -3.50191  59.5019  3.43083 -3.74492 0.503848 0.00743358  0.0053232 0.00201009  -0.00117667 -0.000642985  0.000371069 0.000584594   0.0131795 -0.00407281 1 0 0
             48.8299  1.92254 -3.47713  59.4788  3.42983 -3.74449 0.503563  0.00190718  0.00739215 0.000312598  -0.00119558 -0.000667791   0.00039521 0.000618411   0.0129465 -0.00400779 1 0 0
             48.9305   2.0081 -3.43895  59.5833  3.43214 -3.74442 0.501797 0.00879357 0.00124163 -0.0107471 -0.00121053 -0.00063752 0.000383723 0.000559938    0.013234 -0.00376309 1 0 0
             48.9305  2.03332 -3.40688  59.5672  3.43127 -3.74358 0.502293 0.00456317 0.00547689  -0.008116   -0.0012297 -0.000669258  0.000400017 0.000471697   0.0130012 -0.00385731 1 0 0
             49.0303  2.11234 -3.20503  59.8095  3.43437 -3.74181 0.498358  0.0174282  0.0274953 -0.0260926  -0.00122174 -0.000629278  0.000379636 0.000317569   0.0133071 -0.00342208 1 0 0
             49.0303 2.11973 -3.1512 59.7977  3.43329 -3.74226 0.499217  0.0110854  0.0244529 -0.0213592  -0.00122527 -0.000676816  0.000392544 0.000523889   0.0131169   -0.003652 1 0 0
             49.1302  2.13608 -2.49887  60.1192  3.43414 -3.73898 0.496654  0.0170954  0.0404652 -0.0294759  -0.00124394 -0.000651336  0.000376497 0.000581479   0.0130415 -0.00365315 1 0 0
             49.1302  2.12283 -2.44384   60.096  3.43323 -3.73846 0.496843 0.0125128  0.043099 -0.028455  -0.00122575 -0.000704133  0.000400601 0.000573358    0.012834 -0.00369321 1 0 0
               49.23 2.17816 -1.5307 60.4751  3.43567 -3.73012 0.492134  0.0244319  0.0583292 -0.0396081  -0.00120717 -0.000699416  0.000394928 5.26175e-05   0.0127369 -0.00340239 1 0 0
               49.23  2.21644 -1.50068  60.4638  3.43578  -3.7323 0.493724  0.0239635  0.0468411 -0.0319266  -0.00124845 -0.000720667  0.000408105 0.000446389   0.0128827 -0.00377746 1 0 0
             49.3298   2.28243 -0.653226   60.8578  3.44203 -3.72701 0.493372  0.0377002  0.0516053 -0.0176814  -0.00129833 -0.000704424  0.000375156 6.66159e-05   0.0133181  -0.0040661 1 0 0
             49.3298  2.23744 -0.60782  60.8245  3.44132  -3.7295 0.493254  0.0324262  0.0383208 -0.0181481   -0.0012548 -0.000738247  0.000409641 0.000650635    0.013349  -0.0041191 1 0 0
             49.4305  2.17846 0.279346  61.3361   3.4434 -3.72214 0.489144  0.0355228   0.056933 -0.0257237  -0.00122428 -0.000711954  0.000396503 0.000362798   0.0130398 -0.00376525 1 0 0
             49.4305  2.19858 0.317581  61.3205  3.44266 -3.72543 0.490254  0.0300378  0.0392248 -0.0205724  -0.00124654 -0.000736195   0.00041335 0.00109114  0.0130987 -0.0040513 1 0 0
             49.5303 2.34301 1.33472 61.8119  3.44433 -3.71755 0.484184  0.0296564  0.0541875 -0.0392364  -0.00124596 -0.000707995  0.000405468 0.000737991   0.0127469 -0.00354225 1 0 0
             49.5303  2.3894 1.38308 61.7784  3.44539 -3.72005 0.485215  0.0342042  0.0415302 -0.0345035  -0.00129904 -0.000747404  0.000441351  0.00113229   0.0130813 -0.00377266 1 0 0
             49.6301  2.6869 2.46385 62.1778  3.44873 -3.71228 0.479768   0.033769  0.0504094 -0.0408892  -0.00137648 -0.000722122  0.000441686 0.000682218   0.0129177 -0.00347802 1 0 0
             49.6301 2.61494 2.51358 62.1677  3.44965 -3.71383 0.481262  0.0372401  0.0431075 -0.0341195  -0.00131108 -0.000766302  0.000453679 0.000905304   0.0131631 -0.00377037 1 0 0
               49.73  2.8811   3.465 62.5585  3.45428 -3.70594 0.483688  0.0363517  0.0523936 -0.0148813  -0.00130399 -0.000786404  0.000441151 0.000294413   0.0130949 -0.00446043 1 0 0
               49.73 2.89166 3.47122 62.5451  3.45507 -3.70966 0.482862   0.038543  0.0324188 -0.0186694  -0.00132387 -0.000780374  0.000455714  0.00100119   0.0134648 -0.00433303 1 0 0
             49.8298  3.1447 4.23405 62.8027  3.45654  -3.7056 0.480869   0.022054  0.0446645 -0.0177756  -0.00127719 -0.000757167  0.000450483  0.00102563   0.0132089 -0.00431302 1 0 0
             49.8298 3.21738  4.2528 62.7896  3.45768 -3.70717  0.47939  0.0284323  0.0358766 -0.0243701  -0.00135639 -0.000772112  0.000465611 0.00125841  0.0135576  -0.004057 1 0 0
             49.9305 3.43363 5.04162 63.0541  3.46311 -3.70191 0.478735 0.0258726 0.0509233 -0.015542  -0.00134122 -0.000760545  0.000434749 0.000949953   0.0139399 -0.00429344 1 0 0
             49.9305 3.46676 5.06489 63.0318  3.46394 -3.70326 0.476299  0.0302316  0.0432084 -0.0273161 -0.00137983 -0.00077906 0.000458157  0.00116265   0.0142226 -0.00381924 1 0 0
             50.0303 3.65788 5.65842 62.9887  3.46306 -3.69899 0.467382 0.00875995  0.0568146 -0.0396028 -0.00139249 -0.00072105 0.000449486  0.00142799   0.0138013 -0.00287725 1 0 0
             50.0303 3.62423 5.67274 62.9632  3.46459 -3.69928 0.467663  0.0173044  0.0559314 -0.0378626  -0.00136783 -0.000736073  0.000475132  0.00135329   0.0141356 -0.00297219 1 0 0
             50.1302 3.55713 6.34501 63.0465  3.46465 -3.69087 0.457774 0.00883124  0.0916812 -0.0603768  -0.00133951 -0.000679108  0.000439987 0.00122668  0.0138949 -0.0021304 1 0 0
             50.1302  3.5927 6.37784 63.0098  3.46546 -3.69124 0.459112   0.014539  0.0897693 -0.0529356  -0.00138265 -0.000709375  0.000478084  0.00125441   0.0140998 -0.00244664 1 0 0
               50.23 3.47203 7.19519 62.7786   3.4653 -3.68436 0.451296 0.00234321  0.0848766 -0.0644539  -0.00139968 -0.000664775  0.000453763  0.00161828   0.0140262 -0.00208797 1 0 0
               50.23 3.44279 7.22701  62.742  3.46757 -3.68234 0.453939  0.0167174  0.0972323 -0.0509595  -0.00138106 -0.000705649  0.000492315  0.00103229   0.0143589 -0.00271686 1 0 0
             50.3298 3.16546 7.74346 62.2105  3.46636 -3.67065 0.447345 0.00219605   0.109741 -0.0581425  -0.00130061 -0.000678713  0.000482399  0.00086713   0.0139567 -0.00248766 1 0 0
             50.3298 3.24064 7.75622 62.1816  3.46781 -3.67051 0.449599  0.0118631   0.110933 -0.0458487  -0.00138459 -0.000692639  0.000511988 0.000752763   0.0142407 -0.00302681 1 0 0
             50.4305 3.04689 8.56927 61.7368  3.46618 -3.65634 0.447637 -0.00821524    0.131535  -0.0298934  -0.00138146 -0.000653936  0.000480001 0.000625367   0.0138161 -0.00329676 1 0 0
             50.4305 3.05301 8.65793 61.7175  3.46722 -3.65634  0.44947 -0.00100013    0.132274  -0.0203654  -0.00139479 -0.000741625  0.000503268 0.000579099   0.0140414  -0.0037133 1 0 0
             50.5303 2.85285 9.19807 61.3214  3.46505 -3.64528 0.451172 -0.0192867   0.108508 0.00152002   -0.0013931 -0.000749605  0.000481662 0.000876378   0.0139131   -0.004089 1 0 0
             50.5303 2.83787 9.18615 61.3125  3.46683 -3.64637  0.45149 -0.00968579    0.102579  0.00343969  -0.00138773 -0.000736773  0.000488787 0.000967288   0.0143529 -0.00418622 1 0 0
             50.6301 2.84315 9.28161 60.9359  3.46188 -3.63678 0.451198 -0.032645 0.0958809 0.0102778   -0.0013015 -0.000723343   0.00047831  0.00109889   0.0139109 -0.00396281 1 0 0
             50.6301 2.93345 9.27436 60.9451  3.46371 -3.63721 0.451061 -0.0221905  0.0933544  0.0101761  -0.00139824 -0.000717876  0.000468406  0.00103204   0.0143025 -0.00399558 1 0 0
               50.73 2.79102 9.48662 60.6139  3.46034 -3.62691  0.45393 -0.0285183   0.095496  0.0145308  -0.00137324 -0.000753424  0.000485586  0.00100843   0.0141121 -0.00424207 1 0 0
               50.73 2.82106 9.49069  60.629  3.46148 -3.62827 0.453299 -0.0223129  0.0876029  0.0118665  -0.00140611 -0.000755792  0.000469788  0.00118156   0.0144602 -0.00412254 1 0 0
             50.8299 2.55949 9.69056 60.4055  3.46218 -3.61971 0.457135 -0.0155071    0.07839  0.0123585  -0.00134184 -0.000784512  0.000453889  0.00104191   0.0148759 -0.00463192 1 0 0
             50.8299 2.57411 9.68035 60.4215  3.46319 -3.62145 0.454969 -0.0113008  0.0679339 0.00139172   -0.0013578 -0.000771628    0.0004365  0.00126658   0.0152219 -0.00414795 1 0 0
             50.9305 2.38538 9.83154 60.1559  3.45985 -3.61272 0.451702 -0.0152687  0.0657566 -0.0121927  -0.00131175 -0.000778025  0.000442421  0.00100591   0.0148185 -0.00370054 1 0 0
             50.9305 2.44509 9.82853 60.1747  3.46003 -3.61438 0.450867 -0.0147133  0.0556541 -0.0166651  -0.00137061 -0.000772226  0.000422866   0.0013283   0.0149975 -0.00345882 1 0 0
             51.0303 2.46325 10.0287 59.8091 3.45784 -3.6063 0.44647 -0.0153561  0.0560855 -0.0239091  -0.00138074 -0.000763435  0.000433199 0.000909985   0.0146904  -0.0031235 1 0 0
             51.0303 2.47369  10.023 59.7849  3.45743  -3.6089 0.446125 -0.0181289  0.0398905 -0.0265807  -0.00139757 -0.000749738  0.000456367 0.00152141  0.0148618  -0.002899 1 0 0
             51.1302 2.30404 10.1191   59.43  3.45277 -3.60215 0.443715 -0.0342691  0.0439024 -0.0191214  -0.00134576 -0.000775355  0.000469749  0.00121497   0.0143283 -0.00291363 1 0 0
             51.1302 2.34578 10.0699 59.4618   3.4532 -3.60385 0.443938 -0.0318202  0.0335105 -0.0180836  -0.00138507 -0.000723353  0.000435242  0.00154295   0.0145795 -0.00290572 1 0 0
               51.23 2.07736 10.0173 59.1103  3.45093 -3.59771 0.445731  -0.0240993   0.0400794 -0.00175433 -0.00134583 -0.00073629 0.000433342  0.00119059   0.0144991 -0.00344813 1 0 0
               51.23 2.09987 10.0252 59.1135   3.4511 -3.59966 0.444907  -0.0234826   0.0284031 -0.00607188  -0.00137039 -0.000739729  0.000429692  0.00156312   0.0147222 -0.00319975 1 0 0
             51.3298 2.04504 9.99347 58.7869  3.44782 -3.59565 0.446807  -0.0195315   0.0340507 -0.00156343   -0.0014314 -0.000754252  0.000414346    0.001591   0.0144712 -0.00354674 1 0 0
             51.3298 2.00694 9.98054 58.7987  3.44821 -3.59652 0.446196  -0.0178627   0.0286107 -0.00462004  -0.00139232 -0.000740011  0.000401584  0.00172707   0.0146445 -0.00339653 1 0 0
             51.4305 1.87594 9.99341  58.614  3.44611 -3.59078 0.448309  -0.0159711   0.0362676 0.000887545  -0.00140372 -0.000756106  0.000396816  0.00141863   0.0143959 -0.00385052 1 0 0
             51.4305 1.83611 10.0142 58.5993  3.44644 -3.59257 0.447611  -0.0147007   0.0255291 -0.00269797  -0.00136896 -0.000772739  0.000411152  0.00175684   0.0146509 -0.00363922 1 0 0
             51.5304 1.74245 9.95826 58.4053  3.44344 -3.58798 0.445823   -0.014653    0.031805 -0.00559309  -0.00136232 -0.000760402  0.000417095 0.00154656  0.0142531 -0.0034176 1 0 0
             51.5304  1.7607 9.95617 58.4227  3.44436 -3.58921 0.445202 -0.00964175   0.0241505 -0.00857754  -0.00138082 -0.000756918  0.000398984  0.00170236   0.0145702 -0.00327151 1 0 0
             51.6302 1.76929 9.88603 58.3449  3.44511 -3.58809 0.444909 -0.00491117    0.019726 -0.00480802  -0.00145206 -0.000736846  0.000373299  0.00177254   0.0148895 -0.00335127 1 0 0
             51.6302 1.66843 9.91488 58.3361  3.44619 -3.58749   0.4446  0.00080794   0.0238348 -0.00593652  -0.00135355 -0.000768681  0.000382722  0.00152683    0.015051 -0.00335977 1 0 0
               51.73  1.6387 9.89084 58.2159  3.44458 -3.57707 0.442148 -9.79705e-05    0.0501807   -0.0142983  -0.00136331 -0.000779662  0.000416363  0.00054958   0.0142337 -0.00325808 1 0 0
               51.73 1.64292 9.87191 58.2443  3.44449 -3.57959 0.442525 -0.000513202    0.0343763   -0.0129403  -0.00136602 -0.000754994  0.000386307  0.00112225   0.0145085 -0.00320916 1 0 0
             51.8299 1.60063 9.83685 58.2269  3.44917 -3.57605 0.440869  0.0184514   0.033847 -0.0161364    -0.001393 -0.000748688  0.000347813  0.00079828   0.0151154 -0.00329837 1 0 0
             51.8299 1.56516  9.8289 58.2004  3.44814 -3.57858 0.441503  0.0125053  0.0182941 -0.0137739  -0.00136285 -0.000732898  0.000373623  0.00147677   0.0152007 -0.00326464 1 0 0
             51.9305 1.51269 9.86583 58.1195  3.44879 -3.57292 0.443034    0.017736   0.0349963 -0.00529791  -0.00138008 -0.000744659  0.000381581  0.00108994   0.0148132 -0.00379294 1 0 0
             51.9305 1.48907  9.8843 58.1257  3.44783 -3.57587 0.442793   0.0119384   0.0167856 -0.00720011  -0.00135719 -0.000755644  0.000375363  0.00183181   0.0149532 -0.00356666 1 0 0
             52.0303 1.33999 10.0592 57.9415  3.44573 -3.56657 0.444029  0.00550436   0.0457239 -0.00308549  -0.00128841 -0.000789159  0.000414974  0.00109579   0.0139727 -0.00397751 1 0 0
             52.0303 1.44122 10.0335 57.9661  3.44493 -3.57024 0.443037 0.000521476   0.0224222 -0.00909561  -0.00138945 -0.000753508  0.000389109 0.00194537  0.0142045 -0.0035564 1 0 0
             52.1302 1.37525 10.3168 57.8492  3.44765 -3.56677 0.445286   0.0294541   0.0327569 -0.00240069  -0.00135216 -0.000789437  0.000384519  0.00181751   0.0143815 -0.00408638 1 0 0
             52.1302 1.39925 10.3189 57.8749  3.44738 -3.56826 0.444232   0.0273343   0.0234074 -0.00844138  -0.00137311 -0.000787845  0.000358865  0.00213174   0.0144784 -0.00376719 1 0 0
               52.23 1.36757  10.685 57.6343   3.4519 -3.56336 0.446216   0.0514476   0.0473886 -0.00308888  -0.00133195 -0.000799706  0.000368894  0.00188101   0.0144797 -0.00429202 1 0 0
               52.23 1.41014 10.7073  57.616  3.45165 -3.56615 0.444482  0.0493886  0.0296738 -0.0125338  -0.00138168 -0.000814289  0.000387324  0.00246105   0.0147323 -0.00377347 1 0 0
             52.3299 1.40825 11.3293 57.5663  3.45921 -3.56023 0.448971  0.0833085  0.0315532 0.00177938  -0.00135388 -0.000876632  0.000375429  0.00211418    0.014678 -0.00471623 1 0 0
             52.3299 1.42448  11.304 57.5845  3.45951 -3.56101  0.44525  0.0836539  0.0256623 -0.0169846  -0.00136838 -0.000849713  0.000356715  0.00213038   0.0148095 -0.00391039 1 0 0
             52.4305  1.2232  11.498 57.2237  3.46835 -3.55623 0.443195  0.105995 0.0345633 -0.024188  -0.00130812 -0.000860037  0.000378832  0.00183311   0.0145392 -0.00399995 1 0 0
             52.4305 1.27813 11.4613 57.2496  3.46817 -3.55827 0.440621   0.103361  0.0215091 -0.0384227  -0.00136324 -0.000816342   0.00035091  0.00219408   0.0146922 -0.00329676 1 0 0
             52.5303 0.642357   12.092  56.4924  3.47862 -3.55578 0.438381   0.143533  0.0278608 -0.0324627  -0.00133698 -0.000807612  0.000346405  0.00244513   0.0144678 -0.00345896 1 0 0
             52.5303 0.634576  12.1277  56.4337  3.47989 -3.55575 0.435848    0.14953  0.0276057 -0.0449025  -0.00134428 -0.000844299  0.000404982  0.00222159   0.0146982 -0.00297066 1 0 0
             52.6302 0.376438  12.6575  55.5178  3.49453 -3.54755 0.440399    0.194005   0.0277271 -0.00871699  -0.00130759 -0.000895656  0.000383289  0.00182596   0.0139308 -0.00435116 1 0 0
             52.6302 0.41743   12.63 55.4949  3.49496 -3.54978 0.436814   0.194128  0.0140176 -0.0271512  -0.00135734 -0.000862492  0.000405471   0.0020945   0.0142056 -0.00347346 1 0 0
               52.73 0.554283  12.5346  54.3504   3.5217 -3.55009   0.4424   0.276717  0.0141071 0.00805124  -0.00134092 -0.000865912  0.000342783  0.00219398   0.0148764 -0.00463757 1 0 0
               52.73 0.589638  12.5311  54.3236  3.52125 -3.55244 0.438379    0.272358 -0.00053466    -0.01283  -0.00138463 -0.000858091  0.000369802  0.00254682   0.0150132 -0.00361921 1 0 0
             52.8299 1.09841 12.4343 53.5133  3.55453 -3.55204 0.436504    0.339822   0.0374203 -0.00973089  -0.00142702 -0.000827671   0.00033661  0.00254243   0.0154039 -0.00349112 1 0 0
             52.8299 1.07146 12.4329 53.5182 3.55453 -3.5529 0.43324   0.338155  0.0312302 -0.0263442 -0.00139856  -0.0008259 0.000332011  0.00259299   0.0154865 -0.00273843 1 0 0
             52.9305 1.42537 12.2235 53.2946  3.58685 -3.54639 0.430386   0.361407   0.085404 -0.0473331  -0.00136065 -0.000831665  0.000322234  0.00273603   0.0150038 -0.00279683 1 0 0
             52.9305 1.47137 12.1572 53.3522  3.58704 -3.54535 0.427984   0.361674  0.0893757 -0.0586289  -0.0013951 -0.00076567 0.000263373  0.00244079   0.0149123 -0.00237308 1 0 0
             53.0303 1.59879 12.4295 54.1355  3.62183 -3.53167 0.426485   0.360802   0.151154 -0.0516877  -0.00143773 -0.000766786  0.000243346 0.00257394  0.0145715 -0.0030746 1 0 0
             53.0303 1.50621 12.4783 54.1434  3.62276 -3.53061 0.424209   0.364622   0.157139 -0.0631559  -0.00134151 -0.000817205  0.000236531  0.00217671   0.0145966 -0.00267732 1 0 0
             53.1302 0.849463  12.7188  55.0063  3.65853   -3.512 0.424737    0.38857   0.154773 -0.0194458  -0.00136699 -0.000844891    0.0002663  0.00204638   0.0141806 -0.00360222 1 0 0
             53.1302 0.796468  12.6942  55.0412  3.65879 -3.51176 0.422678    0.38879    0.15536 -0.0301018  -0.00130515 -0.000820182  0.000230619  0.00189225   0.0141988 -0.00317248 1 0 0
               53.23 1.08272 12.6212 55.5953   3.7006 -3.49453  0.42265    0.42798   0.138973 0.00665603  -0.0013268  -0.0008067 0.000243481  0.00150481   0.0140266 -0.00349305 1 0 0
               53.23 1.12259 12.6338 55.5477  3.70029 -3.49602 0.422039   0.426092   0.129873 0.00225423  -0.00137945 -0.000817617  0.000291066  0.00180025   0.0141549 -0.00322004 1 0 0
             53.3299 1.69402 12.3367 55.4662  3.74059 -3.47928 0.427329  0.406696  0.123019 0.0188365  -0.00138262 -0.000784083  0.000325006   0.0015447   0.0135159 -0.00408478 1 0 0
             53.3299 1.70702 12.3397 55.4222  3.74024 -3.48114 0.425942  0.404027  0.111691 0.0106037  -0.00140695 -0.000784264  0.000369168  0.00188514   0.0136682 -0.00362906 1 0 0
             53.4305 1.67033 11.8949 54.9916  3.78327 -3.47393 0.427401    0.402655    0.091512 -0.00068746  -0.00139814 -0.000765828  0.000357196  0.00203163   0.0143391 -0.00376605 1 0 0
             53.4305 1.62259 11.8928 54.9836  3.78193 -3.47584 0.426346    0.394186   0.0799731 -0.00695268  -0.00135149 -0.000761415  0.000365427  0.00252687   0.0143126 -0.00335301 1 0 0
             53.5304 1.17215  11.485  54.408  3.82086   -3.469 0.429798    0.366369   0.0809401 1.21976e-05  -0.00129978 -0.000769351  0.000316451  0.00270387   0.0145899 -0.00399124 1 0 0
             53.5304 1.15995 11.4994 54.3651  3.82016 -3.46975 0.427617    0.36196  0.0759679 -0.0108974  -0.00129576 -0.000781692  0.000359924  0.00284264   0.0145542 -0.00347251 1 0 0
             53.6302  1.1581  11.363 54.0203  3.85398 -3.45608 0.434808   0.329006    0.13071 0.00857176   -0.0013248 -0.000798136  0.000365669  0.00260639     0.01406 -0.00482716 1 0 0
             53.6302 1.16304 11.4044 54.0334   3.8533 -3.45764 0.431482    0.324511    0.121703 -0.00753142  -0.00132679 -0.000838386  0.000352994  0.00283427   0.0141107 -0.00406301 1 0 0
               53.73 0.749192  11.7398  53.9208  3.88247 -3.44251 0.435801  0.252874  0.145701 0.0113409  -0.00136678 -0.000865707  0.000356146   0.0027875   0.0140593 -0.00479208 1 0 0
               53.73 0.702991  11.7522  53.9611  3.88236 -3.44401 0.431834    0.250192    0.137435 -0.00797976  -0.00131088 -0.000877256  0.000315412  0.00291321   0.0141783 -0.00391703 1 0 0
             53.8299 0.484359  11.9515   53.394  3.90976 -3.42596 0.435221      0.25339     0.179149 -0.000896908  -0.00136228 -0.000881198  0.000362875   0.0025326   0.0143137 -0.00469409 1 0 0
             53.8299 0.47389 11.9575 53.4356  3.90901 -3.42743 0.431074   0.248143   0.170891 -0.0210951 -0.00134212 -0.00088598 0.000320644   0.0027052   0.0143338 -0.00376523 1 0 0
             53.9301 0.625119  12.0302  52.4818   3.9325 -3.40758 0.438607   0.228288   0.211934 0.00791879 -0.00139676 -0.00094785 0.000353347  0.00292178   0.0142036 -0.00512778 1 0 0
             53.9301 0.573957   11.968  52.4793   3.9324 -3.40816 0.432495   0.225449   0.207515 -0.0215189  -0.00134348 -0.000883509  0.000355235  0.00279043   0.0142321 -0.00386378 1 0 0
             54.0299 0.731921  12.0535  51.3066  3.95709 -3.38863 0.431236   0.221751   0.249453 -0.0135722 -0.00127748 -0.00088168 0.000335283  0.00301215   0.0148158 -0.00395198 1 0 0
             54.0299 0.83494 12.0449 51.3419  3.95599 -3.38812 0.426664   0.215861   0.249993 -0.0353041  -0.00137386 -0.000871837  0.000300475  0.00288288    0.014572 -0.00302232 1 0 0
             54.1302 0.819253  11.5743  49.6023  3.97608  -3.3619 0.424609    0.174882    0.255792 -0.00698241  -0.00138623 -0.000825568  0.000336529  0.00274342   0.0146407 -0.00303976 1 0 0
             54.1302 0.751006  11.5508  49.5947  3.97536 -3.35953 0.421839   0.170434   0.266898 -0.0202831  -0.00131413 -0.000803134  0.000344526  0.00233687   0.0142516 -0.00255633 1 0 0
               54.23 1.31193 10.8564 47.6234  3.99655 -3.33273 0.429013  0.175344  0.264629 0.0140564  -0.00141154 -0.000856137  0.000358497  0.00218715   0.0147147 -0.00390543 1 0 0
               54.23 1.27596 10.7797 47.6279  3.99243 -3.33026 0.425793     0.1551   0.273549 -0.0010038  -0.00136908 -0.000776093   0.00035276  0.00220831   0.0138452 -0.00322237 1 0 0
             54.3298 1.87946 10.1834 45.7748  4.00638  -3.3019 0.431167   0.127536   0.267374 0.00786545 -0.00143492 -0.00080438 0.000380094 0.00230449  0.0137093 -0.0040494 1 0 0
             54.3298 1.86104 10.1749 45.8057  4.00269   -3.301 0.428529    0.109611    0.269463 -0.00387738  -0.00140866 -0.000797334  0.000350625  0.00257437   0.0130941 -0.00345283 1 0 0
             54.4305 2.58344 9.62111 44.1374  4.01111 -3.27317   0.4331  0.0974357   0.267971 0.00874215  -0.00149118 -0.000855609  0.000384876   0.0028188   0.0127273 -0.00413202 1 0 0
             54.4305 2.50615 9.53007 44.1745  4.00739 -3.27307 0.427776  0.0792263   0.265512 -0.0128922  -0.00140327 -0.000765541  0.000346329  0.00312265   0.0122837 -0.00309173 1 0 0
             54.5303 2.35455 9.15161 42.6711  4.01377 -3.24672  0.42731  0.0754327   0.251391 -0.0106157  -0.00132701 -0.000760886  0.000423682  0.00316896    0.012162 -0.00317069 1 0 0
             54.5303 2.37729 9.13852  42.696  4.01145 -3.24468 0.423742  0.0649299    0.25872 -0.0246353  -0.00134628 -0.000749378  0.000398803  0.00310225   0.0116524 -0.00255301 1 0 0
             54.6302 2.29155 9.10776 41.4028   4.0218  -3.2194 0.416841  0.0858586   0.219951 -0.0463974  -0.00140713 -0.000674083  0.000447864  0.00257085   0.0118279 -0.00217435 1 0 0
             54.6302 2.19058 9.15255 41.4329  4.02066 -3.21912 0.418119  0.0807759   0.221535 -0.0413419  -0.00129907 -0.000723143  0.000419315  0.00274243   0.0116682 -0.00235714 1 0 0
               54.73 1.87783 9.28536 40.5906  4.03191 -3.19373 0.407188   0.118287   0.217504 -0.0696721 -0.00118668 -0.00068669 0.000550853  0.00208722    0.011517 -0.00170622 1 0 0
               54.73 1.97084 9.28818 40.7092  4.03118 -3.19536 0.411612   0.114964   0.210557 -0.0519589  -0.00126301 -0.000694253   0.00043075  0.00254087   0.0115952 -0.00240211 1 0 0
             54.8299 1.75482 9.64424  40.124  4.04805 -3.17385 0.405627   0.172382   0.197581 -0.0536887  -0.00119817 -0.000674746   0.00055464   0.0021078   0.0117337 -0.00238236 1 0 0
             54.8299 1.88771 9.66094 40.2597  4.04729 -3.17656 0.410439   0.168706   0.185635 -0.0337897  -0.00131148 -0.000697368  0.000418119  0.00271484   0.0119601 -0.00315512 1 0 0
             54.9305 1.98074 9.98843 40.1556  4.06522 -3.15592 0.404102  0.200028  0.164328 -0.040423 -0.00135936 -0.00067645 0.000550394  0.00244151   0.0116375 -0.00278226 1 0 0
             54.9305 1.91446 10.0113 40.2514  4.06571 -3.15855 0.410053   0.201002   0.154688 -0.0161295  -0.00127364 -0.000704094  0.000455008  0.00286838   0.0119709 -0.00377882 1 0 0
             55.0303  2.0405 9.73308 40.3514  4.08199 -3.13675 0.408567    0.211796    0.145428 -0.00403733  -0.00121393 -0.000679072  0.000626035  0.00274539   0.0109746 -0.00370658 1 0 0
             55.0303 2.12378 9.72666 40.4797  4.08331 -3.14117 0.413867  0.216045  0.127737 0.0176938  -0.00127446 -0.000678212  0.000496322   0.0032281    0.011609 -0.00459154 1 0 0
             55.1302 2.29019 8.73766 40.8675  4.10751 -3.12384 0.419566  0.247799   0.12652 0.0533349  -0.00134941 -0.000669853  0.000623247  0.00271122   0.0111725 -0.00498696 1 0 0
             55.1302 2.32782 8.71405 40.9637  4.10993 -3.12994 0.421651  0.254775  0.102979 0.0619983 -0.00136956 -0.00065069 0.000525082  0.00311846   0.0121091 -0.00532335 1 0 0
               55.23 2.29486 7.66758 41.7962  4.14114 -3.11665 0.428522  0.295505 0.0998635 0.0767413  -0.00142268 -0.000637475  0.000622466  0.00233581   0.0120317 -0.00543512 1 0 0
               55.23 2.19632 7.71487 41.8977  4.14208 -3.12393 0.429947  0.295271 0.0715976 0.0828987  -0.00130357 -0.000691801  0.000522675  0.00309016   0.0129945 -0.00560276 1 0 0
             55.3298   2.006 6.73363 42.1932  4.16475  -3.1072 0.436262  0.270064 0.0871878 0.0726814 -0.00123178 -0.00065686 0.000703954  0.00290616   0.0116961 -0.00532321 1 0 0
             55.3298 2.06891 6.76014 42.2988  4.16793  -3.1159 0.436286  0.279502 0.0531547 0.0736046  -0.00127857 -0.000691326  0.000596563  0.00343845   0.0130278 -0.00532905 1 0 0
             55.4305 1.89437 6.20944 42.7639  4.20183 -3.10974  0.44103   0.29451 0.0498805 0.0562726  -0.00121319 -0.000676794  0.000699201  0.00270631    0.013311 -0.00522876 1 0 0
             55.4305 1.99096 6.24856 42.9155  4.20501  -3.1178 0.440075  0.303649 0.0181074 0.0531306  -0.00129004 -0.000725743  0.000545948  0.00318371   0.0145472 -0.00507691 1 0 0
             55.5303 1.96092 5.67547 42.9444  4.23643 -3.11418  0.43971   0.277274 0.00924276  0.0301067  -0.00120984 -0.000687491  0.000670331  0.00255797   0.0145172 -0.00453047 1 0 0
             55.5303 2.04993 5.69742  43.028  4.23695 -3.11858  0.44011   0.276999 -0.0089503  0.0318722  -0.00129057 -0.000714609  0.000585381 0.00304673  0.0150634  -0.004571 1 0 0
             55.6302 2.00753 5.04564 42.9581  4.27104 -3.11928 0.448802    0.258044 -0.00959722   0.0387252  -0.00125849 -0.000727839  0.000623276  0.00220279   0.0155375 -0.00543058 1 0 0
             55.6302 2.06088 5.05471 43.0781  4.26964 -3.12378 0.447732  0.248944 -0.030087 0.0342591  -0.00130134 -0.000743441  0.000500527  0.00300242   0.0159406 -0.00517689 1 0 0
               55.73 1.76188 4.51057 42.8937  4.29905 -3.12108 0.453434   0.235588 0.00627025  0.0431708  -0.00122333 -0.000753049  0.000599899  0.00197133    0.015949 -0.00557013 1 0 0
               55.73 1.81302 4.51306 43.0598  4.29589 -3.12487 0.450939   0.219056 -0.0129249  0.0329656  -0.00126186 -0.000763525  0.000429494  0.00295408   0.0161217 -0.00506134 1 0 0
             55.8298  1.6697  4.0401 42.7595  4.31385 -3.11734 0.452734  0.184754 0.0392147   0.03264  -0.00123932 -0.000737227  0.000592829  0.00252008   0.0153422 -0.00488278 1 0 0
             55.8298 1.69277  4.0747 42.8924  4.31133 -3.11934 0.451536  0.172454 0.0284328 0.0272756  -0.00125291 -0.000778625  0.000457385  0.00318805   0.0153576 -0.00461113 1 0 0
             55.9305 1.62982 3.63778 42.7529   4.3305 -3.11494 0.449186   0.166445  0.0632117 0.00940265  -0.00124807 -0.000722498  0.000546373  0.00291105   0.0155838 -0.00402499 1 0 0
             55.9305 1.59011 3.64721 42.9206   4.3298 -3.11601 0.449485  0.162489 0.0585534 0.0103844  -0.00119223 -0.000739126  0.000364071  0.00316792   0.0156395 -0.00405751 1 0 0
             56.0303 1.70626 3.42016 42.6811  4.34011 -3.10297 0.447718    0.161012    0.107444 -0.00916135  -0.00125434 -0.000738683  0.000538234  0.00337086   0.0147296 -0.00374919 1 0 0
             56.0303 1.76609 3.42631 42.8066  4.34143 -3.10339 0.449024    0.167058    0.106458 -0.00375647  -0.00130448 -0.000748043  0.000416512  0.00321787   0.0149034 -0.00399767 1 0 0
             56.1302 1.76401 3.29394 42.3722   4.3532 -3.08633 0.449433    0.156718    0.151676 -0.00561094  -0.00125243 -0.000766043  0.000566132  0.00332735   0.0141365 -0.00411383 1 0 0
             56.1302 1.76576 3.27619 42.5016  4.35527 -3.08631  0.45041    0.166495    0.153272 -0.00145826  -0.00124754 -0.000755928  0.000443364  0.00297817   0.0143446 -0.00430866 1 0 0
               56.23 1.69678 2.93228 41.6388  4.37269 -3.06185 0.452155   0.173202   0.194374 0.00491637 -0.00123333 -0.00074802 0.000613722  0.00213927    0.013702 -0.00453447 1 0 0
               56.23  1.7535 2.95138 41.7403  4.37339  -3.0627 0.452841   0.176115   0.190849 0.00824026  -0.00128384 -0.000768328  0.000517734  0.00215065   0.0138686 -0.00467853 1 0 0
             56.3299 1.92568 2.70963  40.533  4.39236 -3.04111 0.455799  0.183583  0.209692 0.0212561  -0.00124259 -0.000779733  0.000623045  0.00184208   0.0137674 -0.00489933 1 0 0
             56.3299 1.95655 2.71718 40.5958  4.39217 -3.04282 0.455683  0.181799  0.201903 0.0207828   -0.0012718 -0.000782997  0.000563011  0.00208988   0.0139536 -0.00488281 1 0 0
             56.4305 1.91246 2.96405 39.4422  4.40741 -3.01565 0.456487   0.172457   0.233406 0.00135002 -0.00124684 -0.00077514 0.000661886  0.00191162   0.0132232 -0.00479039 1 0 0
             56.4305 1.88484 3.02887 39.5305  4.40824 -3.01945 0.456891   0.173809   0.218155 0.00294703  -0.00122676 -0.000829752  0.000580233  0.00225965   0.0137312 -0.00487078 1 0 0
             56.5303 1.59292 3.45768 38.0048  4.42466 -2.99212 0.458542    0.134236    0.220995 -0.00652524  -0.00114855 -0.000845559  0.000675169  0.00160502   0.0133002 -0.00510915 1 0 0
             56.5303 1.72342 3.47989 38.0777  4.42498 -2.99814 0.457176   0.131668   0.195216 -0.0117717  -0.00128139 -0.000848265  0.000606283  0.00228468    0.014004 -0.00492062 1 0 0
             56.6302 1.46559 3.77648 36.8861    4.442 -2.97447 0.452967   0.128658   0.214395 -0.0247707  -0.00122761 -0.000812249  0.000725553  0.00148732   0.0139641 -0.00461944 1 0 0
             56.6302 1.52129 3.82893 37.0765  4.43998 -2.97965 0.451633   0.115444   0.190515 -0.0307217    -0.001277 -0.000841236  0.000545764 0.00243947  0.0144131  -0.004391 1 0 0
               56.73 1.17489 4.44773 35.8746  4.45099 -2.95693 0.452655  0.0982206   0.196767 -0.0202745  -0.00117403 -0.000858548  0.000682683 0.00209438  0.0140912  -0.004903 1 0 0
               56.73 1.30862 4.49754 36.0062  4.45021 -2.96112 0.451491 0.0915349  0.177652 -0.026104  -0.00130126 -0.000891093  0.000558407  0.00272975    0.014529 -0.00467563 1 0 0
             56.8299 0.848252  4.79223  35.3713   4.4615 -2.93858 0.448334  0.0818095   0.175758 -0.0196737  -0.00119611 -0.000880727  0.000611173  0.00191557   0.0142115 -0.00456997 1 0 0
             56.8299 0.897186  4.80141  35.4776   4.4593 -2.94332  0.44683  0.0676149   0.152932 -0.0268037  -0.00124238 -0.000868148  0.000508057  0.00284345   0.0146602 -0.00427255 1 0 0
             56.9305 0.433676  5.28952  34.9617  4.46916 -2.92664 0.444203   0.087596   0.134534 -0.0217588  -0.00113799 -0.000871653  0.000561674  0.00240908   0.0146141 -0.00425758 1 0 0
             56.9305 0.562324   5.2708  35.0424   4.4677 -2.93027 0.441993  0.0770564   0.117311 -0.0323717  -0.00125868 -0.000837175  0.000485062  0.00308356   0.0149498 -0.00381372 1 0 0
             57.0303 0.451708   5.6552  34.4888  4.47575 -2.91838 0.443769   0.108329  0.0891789 -0.0167331  -0.00125086 -0.000834967  0.000560854  0.00305058   0.0147717 -0.00440263 1 0 0
             57.0303 0.484473  5.68247  34.5694  4.47621 -2.92095 0.441849  0.108017 0.0781518 -0.025439  -0.00128289 -0.000854545  0.000484944 0.00326276  0.0151278 -0.0040507 1 0 0
             57.1302 0.372077  6.79941  33.2483  4.48807 -2.91535 0.445207   0.145798  0.0348259 -0.0142371  -0.00120525 -0.000887201  0.000592504  0.00341411   0.0151279 -0.00484697 1 0 0
             57.1302 0.454243  6.81613  33.3395  4.48972 -2.91634 0.440962   0.151886  0.0317721 -0.0324651  -0.00127981 -0.000906163  0.000506723 0.00321457  0.0153216 -0.0041374 1 0 0
               57.23 0.501851  8.37952  31.4318  4.50648 -2.91265 0.448007   0.190864 0.00988434 -0.0195998  -0.00121289 -0.000996669  0.000606772  0.00316396   0.0151787 -0.00550507 1 0 0
               57.23 0.66083 8.37413 31.5365  4.50816 -2.91395 0.441887   0.196257 0.00516667 -0.0443842  -0.00135789 -0.000993015  0.000509047 0.00296585  0.0153928 -0.0045344 1 0 0
             57.3298 0.828586  10.0318  29.8328  4.52975 -2.91397 0.449314   0.209212 -0.0182878  -0.016748 -0.00129965 -0.00107661 0.000576746   0.0028915   0.0154687 -0.00599209 1 0 0
             57.3298 0.951489  9.98341   29.973  4.53086 -2.91632 0.440164   0.210496 -0.0275449 -0.0523697 -0.00140343 -0.00102951 0.000444481  0.00281041   0.0157804 -0.00457214 1 0 0
             57.4305 1.16659 10.7458 28.3738  4.55021 -2.91672 0.445443     0.18276  -0.0485994 -0.00303775 -0.00135539 -0.00107912 0.000513381  0.00267772   0.0154081 -0.00565313 1 0 0
             57.4305  1.3276 10.6806  28.458  4.55087 -2.91932  0.43677   0.182281 -0.0597605 -0.0364933 -0.00150032 -0.00101273 0.000434129  0.00264186   0.0157559 -0.00430494 1 0 0
             57.5303 1.60098 11.0226 26.9853  4.56787 -2.91971 0.442615   0.179943 -0.0440679 0.00301132 -0.00140529 -0.00106771 0.000552202  0.00261764   0.0151581 -0.00528501 1 0 0
             57.5303 1.72491 10.9184 27.1497  4.56745 -2.92312 0.433038   0.173244 -0.0590752 -0.0355655  -0.00150003 -0.000960588  0.000397136  0.00275127   0.0155886 -0.00369024 1 0 0
             57.6302   1.779 11.1164 25.7768  4.58357 -2.92326 0.436454    0.18579 -0.0383333 -0.0240935 -0.00143517 -0.00102865 0.000491705 0.00277084  0.0150151 -0.0045487 1 0 0
             57.6302 1.89587 11.0275 25.9071   4.5839 -2.92836 0.428035   0.181254 -0.0586361  -0.056828  -0.00153507 -0.000934326  0.000366594  0.00290596   0.0156997 -0.00318346 1 0 0
             57.7301 1.78231 11.5987 24.4477  4.60106 -2.93372 0.422962   0.200871 -0.0610772 -0.0696552   -0.0015299 -0.000959018  0.000443058  0.00313922   0.0156112 -0.00329043 1 0 0
             57.7301 1.75131 11.5131 24.5549  4.60012 -2.93611 0.416514    0.19306 -0.0706335 -0.0942989  -0.00148023 -0.000868353  0.000329679  0.00328224   0.0159204 -0.00224401 1 0 0
             57.8299 1.85909 12.2708 23.6242  4.61796 -2.94355 0.408684   0.197413 -0.0706222 -0.0981045  -0.00146199 -0.000887159  0.000396645  0.00358179   0.0159097 -0.00241415 1 0 0
             57.8299 1.88328 12.2158 23.7553  4.61835 -2.94331 0.405848   0.198302 -0.0696422  -0.108685  -0.00145825 -0.000838214  0.000268017  0.00340746   0.0158881 -0.00200889 1 0 0
             57.9301 1.89217 12.9326 23.1554  4.64239 -2.95038 0.403452   0.213702 -0.0624828 -0.0819261  -0.00138808 -0.000886201  0.000203674  0.00317113   0.0159969 -0.00304666 1 0 0
             57.9301 2.00107 12.9046 23.1768  4.64122 -2.95065 0.401429   0.208138 -0.0649781 -0.0895011  -0.00148999 -0.000854967  0.000182914  0.00332393   0.0160205 -0.00268661 1 0 0
               58.03 2.10011 13.6292 22.8865  4.66253 -2.95861 0.398567   0.218735 -0.0574102  -0.068781  -0.00149137 -0.000896103  0.000196996  0.00357325   0.0162362 -0.00329707 1 0 0
               58.03 2.16929 13.5872 22.9432  4.66021 -2.95655 0.397488   0.209701 -0.0514676 -0.0730578  -0.00153982 -0.000853252  0.000142327  0.00380222   0.0159017 -0.00305174 1 0 0
             58.1298  2.2696   14.27 22.8839  4.68351  -2.9694 0.390643   0.210333 -0.0760579 -0.0698821  -0.00146445 -0.000822544  6.31136e-05  0.00380449   0.0167645 -0.00312187 1 0 0
             58.1298   2.388 14.2717 22.8797  4.68021 -2.96308 0.389928   0.200268 -0.0547299 -0.0728519   -0.0015661 -0.000824218  7.10518e-05  0.00396219   0.0157825 -0.00294355 1 0 0
             58.2305 2.50079 14.8686 22.7909   4.7043 -2.97239 0.395404   0.221191 -0.0699883 -0.0275162  -0.00149798 -0.000913082  4.83694e-05  0.00407902   0.0161985 -0.00437201 1 0 0
             58.2305 2.55365 14.7778 22.7836  4.70045 -2.96694 0.391422   0.206757 -0.0523136 -0.0433735 -0.00153616 -0.00082019 5.48698e-05  0.00425483   0.0153713 -0.00362502 1 0 0
             58.3303 2.76437 14.9055 23.0071  4.72241 -2.97891 0.388524   0.216049 -0.0731931 -0.0289637  -0.00164954 -0.000830209 -9.60992e-05    0.004406   0.0160679 -0.00368179 1 0 0
             58.3303  2.5833 14.8301 22.8833  4.71844 -2.97068 0.385139    0.20251 -0.0435226 -0.0421133  -0.00148187 -0.000750588  2.28971e-05  0.00446612   0.0148335 -0.00308007 1 0 0
             58.4301 2.47957  14.889 22.8542  4.74041 -2.98291 0.384168   0.216783 -0.0815806 -0.0385336  -0.00153908  -0.00080262 -0.000141413  0.00471975   0.0155835 -0.00343584 1 0 0
             58.4301 2.34119 14.8297 22.6897  4.73749 -2.97511 0.382623   0.208107 -0.0531684 -0.0443862  -0.00142509 -0.000739909  1.73525e-05  0.00470849   0.0144145 -0.00317118 1 0 0
               58.53 2.45706 14.7583 22.8706  4.76173 -2.98769  0.37748   0.230702 -0.0843828 -0.0549502  -0.00150371 -0.000744283 -0.000175152  0.00465617   0.0151413 -0.00317456 1 0 0
               58.53 2.40753  14.771 22.6374  4.75841 -2.97851 0.378586    0.22289 -0.0515764  -0.050784  -0.00149178 -0.000750506  5.40198e-05  0.00474639   0.0137546 -0.00331089 1 0 0
             58.6298 2.69344 14.8143 22.6577  4.78048 -2.98481 0.375535   0.221411 -0.0554679 -0.0601947  -0.00151051 -0.000766385 -1.71866e-05  0.00490742   0.0138493 -0.00358739 1 0 0
             58.6298 2.63628  14.785 22.6745  4.77898 -2.97976 0.375542   0.217942   -0.03696 -0.0601662  -0.00143784  -0.00074051 -3.17881e-05  0.00487463   0.0130893 -0.00358866 1 0 0
             58.7305 2.84249 14.8023 22.5449  4.80094 -2.98772 0.371536   0.199025 -0.0264727 -0.0581912  -0.00142246 -0.000778894 -0.000114311  0.00499459   0.0136308 -0.00384201 1 0 0
             58.7305 2.84549 14.7529  22.343  4.79772 -2.98034 0.372014     0.190168 -0.000922038   -0.0565338  -0.00145917 -0.000722035  8.02675e-05  0.00513649     0.01252 -0.00384993 1 0 0
             58.8303 2.47388 15.2887 21.6453  4.81828 -2.98399 0.366047   0.204562  0.0253692 -0.0503232  -0.00151842 -0.000723187 -2.13591e-05  0.00516228   0.0131593 -0.00375549 1 0 0
             58.8303 2.32713 15.3081 21.5244  4.81521 -2.97702 0.366156   0.195799  0.0506473 -0.0501516  -0.00138858 -0.000738561  9.84797e-05  0.00529605   0.0121138 -0.00370254 1 0 0
             58.9301 2.07902 15.9167 20.8098  4.83122 -2.96879 0.359566   0.192824  0.0760408 -0.0445587  -0.00146482 -0.000751768  7.54086e-05  0.00556357   0.0118373 -0.00333005 1 0 0
             58.9301 2.09377 15.9177 20.7969  4.83154 -2.96609 0.362091   0.196498  0.0862612 -0.0348853  -0.00147801 -0.000756711  8.99252e-05  0.00548093   0.0114212 -0.00377353 1 0 0
               59.03 2.14286 16.3355 19.9637   4.8536  -2.9602 0.353742   0.220423   0.108308 -0.0429678  -0.00147977 -0.000689608  8.57634e-05  0.00530324   0.0119186 -0.00322353 1 0 0
               59.03 2.07899 16.3232  19.908  4.85268 -2.95763 0.356597   0.218438   0.118117 -0.0321882  -0.00142573 -0.000676863  0.000139882 0.00546056  0.0114984 -0.0036394 1 0 0
             59.1298 1.84566 16.4659 18.5723  4.87228 -2.94463  0.35319   0.196422    0.14778 -0.0245959  -0.00129016 -0.000626785  0.000210571  0.00567235   0.0115306 -0.00350694 1 0 0
             59.1298 2.00841 16.4717 18.6288  4.87243 -2.94452 0.355207   0.198036   0.146948 -0.0168148  -0.00143695 -0.000633111  0.000156672  0.00574197   0.0115055 -0.00382322 1 0 0
             59.2304 1.86414 16.2737  17.087  4.88863 -2.91914 0.346539  0.175371  0.196416 -0.047076  -0.00146791 -0.000564238  0.000217213  0.00557501   0.0103986 -0.00307628 1 0 0
             59.2304 1.93133 16.3853 17.0901   4.8892 -2.92228 0.352665   0.178557   0.183442 -0.0234808  -0.00154431 -0.000670359   0.00021466  0.00593968   0.0108846 -0.00399132 1 0 0
             59.3303 1.46618 16.2277 15.3194  4.90666 -2.90994  0.35051   0.169516   0.152559 -0.0309772  -0.00147246 -0.000667335  0.000304374  0.00602584   0.0115123 -0.00407311 1 0 0
             59.3303 1.49311 16.2409  15.468  4.90789 -2.91271 0.354991   0.174532   0.142655 -0.0138141  -0.0014666  -0.0006839 0.000161913  0.00616417   0.0119076 -0.00478242 1 0 0
             59.4301 1.73279 16.5891  14.606  4.92308 -2.89568 0.346152   0.164619   0.127126 -0.0360212  -0.00158033 -0.000595732  0.000195791  0.00610246   0.0114567 -0.00391354 1 0 0
             59.4301 1.61495 16.6481 14.6903  4.92463  -2.8975 0.349243   0.171429   0.121704 -0.0239085  -0.00144681 -0.000658921  0.000115418  0.00606559   0.0117246 -0.00446038 1 0 0
               59.53 1.19667  17.016 14.0104  4.94081 -2.88727 0.343899   0.166431  0.0938815 -0.0352337 -0.00150403 -0.00060808  0.00010926  0.00605895   0.0118711 -0.00407987 1 0 0
               59.53 1.15536 17.1385 14.0984 4.94315 -2.8892  0.3493   0.177775  0.0872719 -0.0147252  -0.00143006 -0.000749047  1.56403e-05  0.00600004   0.0121608 -0.00501804 1 0 0
             59.6298 0.961906  17.6836   14.003   4.9618 -2.88487 0.345821   0.199051  0.0375418 -0.0339196   -0.0014598 -0.000748014 -4.83497e-05  0.00600383   0.0123848 -0.00487417 1 0 0
             59.6298 0.935556  17.6846   14.055  4.96263 -2.88422 0.348574   0.203555  0.0401616 -0.0238707  -0.00141648 -0.000754564 -9.83043e-05  0.00598231   0.0122701 -0.00534419 1 0 0
             59.7305 0.930757  18.3251  14.3458  4.98276 -2.88995 0.341976     0.204534 -0.000849968   -0.0371354  -0.00138071 -0.000708034 -0.000125579  0.00607626   0.0132729 -0.00482474 1 0 0
             59.7305 0.989718  18.3606  14.3874  4.98481 -2.88601 0.343938   0.215707  0.0131474 -0.0302611   -0.0014197 -0.000754765 -0.000160556  0.00571712   0.0126354 -0.00529092 1 0 0
             59.8303 1.34097 18.8938 15.2456  5.00631 -2.89214  0.34047   0.226342 -0.0289574 -0.0317308  -0.00145514 -0.000759621 -0.000290632   0.0059107   0.0133019 -0.00517468 1 0 0
             59.8303 1.32734 18.9215 15.2077  5.00652 -2.88419 0.343059    0.231396 -0.00234771   -0.023083  -0.00143746 -0.000793753  -0.00024747  0.00582682   0.0121367 -0.00564393 1 0 0
             59.9301 1.69917 19.0249 16.1648    5.029 -2.88683 0.336563   0.232231 -0.0447926 -0.0380184  -0.00152993  -0.00074962 -0.000237303  0.00569564   0.0121914 -0.00521483 1 0 0
             59.9301 1.57447 19.0061 16.2278  5.02976 -2.88077 0.337162   0.237824 -0.0238307 -0.0355919   -0.0013721 -0.000736724 -0.000294482  0.00546672    0.011309 -0.00544801 1 0 0
               60.03 1.96354  19.072 17.6053  5.05692 -2.89917 0.326454    0.28456 -0.0845604 -0.0487329  -0.00143706 -0.000666969 -0.000437919  0.00513888   0.0128414 -0.00459279 1 0 0
               60.03 1.92965 19.1389 17.5365  5.05572 -2.88938 0.330296   0.285254 -0.0526995 -0.0343295  -0.00140674 -0.000735593 -0.000364201  0.00535989   0.0114568 -0.00523049 1 0 0
             60.1298 2.05867 19.3869 18.8887   5.0827 -2.89946   0.3225   0.309049  -0.103857 -0.0342297  -0.00159767 -0.000699696 -0.000418033  0.00551975   0.0117554 -0.00449871 1 0 0
             60.1298 1.87895 19.4698 18.8443  5.08324 -2.89137 0.327826   0.316137 -0.0733623 -0.0133648  -0.00141374  -0.00078554 -0.000368303  0.00558317   0.0104859 -0.00549438 1 0 0
             60.2305 1.68212 19.5855 20.1133    5.114 -2.90655 0.317507   0.329495   -0.14382 -0.0276556  -0.00155245   -0.0006876 -0.000384439  0.00540816   0.0110868 -0.00425889 1 0 0
             60.2305  1.4697 19.5723 20.0586  5.11394 -2.89809 0.321724   0.333269  -0.110603 -0.0107364  -0.00134337 -0.000673928 -0.000328085  0.00546355  0.00971486 -0.00507003 1 0 0
             60.3303 1.30711 19.6216 21.4479  5.14718 -2.91109 0.323509    0.355156   -0.151746 -0.00720567  -0.00121795 -0.000689803 -0.000393683  0.00574706  0.00964757 -0.00533405 1 0 0
             60.3303 1.38948 19.6669 21.3905  5.14669 -2.90305 0.327295   0.358229  -0.122832 0.00735955  -0.00130661 -0.000737022 -0.000333124  0.00582001  0.00839057 -0.00602549 1 0 0
             60.4301 1.22225 19.6989 22.4654  5.18268  -2.9244 0.319223    0.37517  -0.180503 -0.0298853  -0.00134827 -0.000649357 -0.000403976 0.00562345 0.00921984 -0.0050183 1 0 0
             60.4301 1.14187 19.7818 22.3024  5.18058 -2.91612 0.324102   0.372688   -0.15068 -0.0110524  -0.00130851 -0.000728973 -0.000241971  0.00596157  0.00796709 -0.00578954 1 0 0
               60.53 1.28252 20.1765 23.3942  5.21593 -2.93852 0.315736   0.376703  -0.193736 -0.0352716   -0.0013626 -0.000669369 -0.000330967  0.00611046  0.00861407 -0.00480289 1 0 0
               60.53  1.2297 20.2197   23.24  5.21443 -2.93067 0.319828   0.376789  -0.165339 -0.0191165  -0.00134958 -0.000710873 -0.000178856  0.00625937  0.00744289 -0.00553123 1 0 0
             60.6298 1.09753 20.4409 23.6741  5.24769 -2.95397 0.315712   0.333216  -0.203758 -0.0105169  -0.00136077 -0.000686134 -0.000186351  0.00664723  0.00805334 -0.00493158 1 0 0
             60.6298 1.10099 20.4683 23.6769  5.24954 -2.94842 0.319981  0.345914 -0.181168 0.0066632  -0.00135413 -0.000721201  -0.00018517  0.00634012  0.00720859 -0.00591072 1 0 0
             60.7305 0.597558  20.0921  24.0584  5.28237 -2.97056 0.317155   0.318005  -0.191404 0.00899998  -0.00133897 -0.000689085 -0.000212013  0.00633448   0.0076261 -0.00531904 1 0 0
             60.7305 0.607604  20.0908  23.9863  5.28283 -2.96521 0.321309  0.324402  -0.17026 0.0254489  -0.00136694 -0.000691751 -0.000140338  0.00624606  0.00680281 -0.00616791 1 0 0
             60.8303 0.302724  19.9705  24.7031  5.31409  -2.9852 0.324915  0.294225 -0.171087 0.0400721  -0.00138526 -0.000723224 -0.000213649  0.0063744 0.00718165 -0.0061076 1 0 0
             60.8303 0.304371  20.0158  24.5263  5.31181 -2.97889 0.327843  0.290175 -0.147621 0.0514885  -0.00143921 -0.000767959 -4.15169e-05  0.00656235  0.00619797 -0.00659712 1 0 0
             60.9301 0.478101  19.7738  25.1516   5.3354 -2.99352 0.333913  0.247794 -0.130517 0.0484633  -0.00155728 -0.000826253 -3.00334e-05   0.0070533  0.00622591 -0.00650978 1 0 0
             60.9301 0.407633  19.7625  25.2232  5.33717 -2.99206 0.334858  0.256045 -0.122698 0.0529786  -0.00145963 -0.000819904 -9.67074e-05  0.00674892  0.00601252 -0.00687724 1 0 0
               61.03 0.833538  19.3131  26.0141  5.36241  -3.0058 0.337628  0.248978 -0.100764 0.0257474  -0.00146604 -0.000760703 -0.000206369 0.00672586 0.00640943 -0.0066316 1 0 0
               61.03 0.785372  19.3477    25.81  5.36184 -3.00327 0.337288   0.247889 -0.0902826  0.0244968  -0.00148265 -0.000794158 -8.84537e-06 0.00664264 0.00600033 -0.0066309 1 0 0
             61.1298 1.16339  19.335 26.4219  5.38568 -3.01915 0.334903   0.254123 -0.0904318 -0.0047706  -0.00141439 -0.000747722 -0.000155059  0.00695401  0.00692459 -0.00591934 1 0 0
             61.1298 1.08842 19.4111 26.3257   5.3884 -3.01594 0.335943     0.267733   -0.0753529 -3.62635e-05  -0.00136692 -0.000830844 -5.97082e-05  0.00639861  0.00650293 -0.00641898 1 0 0
             61.2305  1.5907  19.182 26.7196  5.41754   -3.034 0.330774   0.290296 -0.0984001 -0.0168832  -0.00151632 -0.000786036 -0.000189732  0.00646645  0.00774168 -0.00564185 1 0 0
             61.2305 1.46381  19.133 26.5951  5.41735 -3.02695 0.330805   0.293141   -0.07001 -0.0162699  -0.00141608 -0.000733669 -6.28744e-05   0.0060231   0.0066941 -0.00591338 1 0 0
             61.3303 1.78963 18.7687 26.9519  5.44459 -3.04096 0.328319   0.304863  -0.080707 -0.0137958  -0.00152169 -0.000737526 -0.000132207 0.00665384 0.00744738 -0.0054131 1 0 0
             61.3303 1.64944 18.7808 26.9587  5.44735 -3.03369 0.330593   0.319914   -0.04895 -0.0043309  -0.00136288  -0.00075728 -0.000136203  0.00587711  0.00638867 -0.00625577 1 0 0
             61.4302 1.59661 18.0196 27.3225  5.48258 -3.04453 0.328731    0.348009  -0.0499619 -0.00248173  -0.00138887 -0.000723263 -0.000236106   0.0058995   0.0071985 -0.00600548 1 0 0
             61.4302 1.61299 18.0544 27.1823  5.48063 -3.03538 0.330963   0.346084 -0.0143423 0.00620587  -0.00144256 -0.000759235 -9.20009e-05 0.00569844 0.00572046 -0.0065509 1 0 0
               61.53 0.925676  17.2781  27.7422  5.51593 -3.03843 0.334492    0.354933 -0.00130281   0.0252624  -0.00147461 -0.000760753 -0.000186195  0.00589595  0.00601405 -0.00673258 1 0 0
               61.53 0.713364   17.288  27.6169  5.51391 -3.03083 0.335019  0.350918 0.0288962 0.0275017  -0.00128948 -0.000768814 -5.70963e-05  0.00568435  0.00482087 -0.00695205 1 0 0
             61.6298 -0.198489   17.4485   28.2177  5.55127 -3.03289 0.337837   0.359176  0.0300439 0.00867568  -0.00118146 -0.000750886 -0.000189794  0.00576833  0.00553132 -0.00702522 1 0 0
             61.6298 -0.134804   17.6053   28.0583  5.54794 -3.02592 0.338831   0.35188 0.0561238 0.0123216  -0.00129059  -0.00090995 -2.79946e-05  0.00581231  0.00438549 -0.00719547 1 0 0
             61.7305 -0.986354   18.4994   28.3837  5.58121 -3.02266 0.336585   0.317471  0.0337063 -0.0104318  -0.00137815 -0.000892567 -6.50794e-05  0.00583066  0.00456505 -0.00684589 1 0 0
             61.7305 -1.12534  18.5324  28.2428  5.57828 -3.01706 0.336493   0.309175  0.0560457 -0.0108582  -0.00127714 -0.000924603  7.27246e-05  0.00582628  0.00363069 -0.00684245 1 0 0
             61.8303 -0.989079   18.8583   29.5787  5.61043 -3.01567 0.334845   0.310464  0.0255235 -0.0195467  -0.00139712 -0.000893804 -0.000102074   0.0058676  0.00396819 -0.00680429 1 0 0
             61.8303 -1.0665 18.8596 29.4091  5.60749 -3.01197 0.334705  0.301026  0.039101 -0.020186  -0.00137095 -0.000895178  6.28769e-05  0.00600963  0.00333759 -0.00673428 1 0 0
             61.9302 -0.78222  19.4704  30.6537  5.63886 -3.01625 0.335805    0.275315   0.0171015 -0.00594087  -0.00134965  -0.00093782 -3.14183e-05  0.00636115   0.0043352 -0.00692395 1 0 0
             61.9302 -0.721938   19.4819   30.5665  5.63679 -3.01157 0.335129   0.270663  0.0341847 -0.0083981  -0.00143734 -0.000950288  5.38959e-05  0.00624597  0.00359965 -0.00688697 1 0 0
               62.03 -0.450407    19.635   32.3234  5.66512 -3.00543 0.339443   0.271574  0.0162377 0.00407825  -0.00155989 -0.000970528 -0.000116483  0.00603353  0.00323065 -0.00762921 1 0 0
               62.03 -0.739613    19.594   32.1066  5.66087 -3.00364  0.33604    0.254117   0.0214692 -0.00892653  -0.00133836 -0.000922754  9.27836e-05  0.00631112  0.00284774 -0.00691363 1 0 0
             62.1298 -0.373087    19.803   34.1477  5.68257 -2.99926 0.333976    0.237805 -0.00159779  -0.0292578  -0.00136053 -0.000915529  9.41064e-05   0.0064157  0.00237616 -0.00683487 1 0 0
             62.1298 -0.331779    19.835   34.0284  5.68106 -2.99987 0.333416     0.23168 -0.00527185  -0.0317425  -0.00144467 -0.000948672  0.000209175   0.0066554  0.00239939 -0.00660915 1 0 0
             62.2305 -0.0859228    20.5462    36.7224  5.70466 -3.00199 0.332106    0.23862 -0.0425029 -0.0482185  -0.00144074 -0.000973785  0.000151049 0.00684356 0.00240542 -0.0069505 1 0 0
             62.2305 -0.101161   20.5548   36.7302  5.70459 -3.00405 0.329796   0.236004 -0.0505309 -0.0576385 -0.00142464 -0.00098043 0.000142819  0.00688921  0.00264836 -0.00646086 1 0 0
             62.3303 -0.0957919     21.308    40.3798  5.72693 -3.01198 0.332346   0.208052 -0.0652268 -0.0215456 -0.00129677 -0.00106803 0.000131353  0.00737635  0.00286822 -0.00731385 1 0 0
             62.3303 -0.00841498     21.2429     40.3496  5.72585 -3.01169 0.328608  0.202821 -0.066009 -0.036629 -0.00140099 -0.00100066 0.000159515  0.00725945  0.00275187 -0.00664555 1 0 0
             62.4302 -0.942271   21.8052   43.6569  5.73337 -3.01145  0.32884   0.137641 -0.0871648 0.00529619 -0.00134242 -0.00105304 0.000352933  0.00785083  0.00164714 -0.00664961 1 0 0
             62.4302 -0.930176   21.7165   43.6877  5.73505 -3.01273 0.325206    0.141307  -0.0920511 -0.00878613  -0.00134907 -0.000961662  0.000322178   0.0075128  0.00186435 -0.00611793 1 0 0
               62.53 -0.732008   22.1766   47.9332  5.74382 -3.01844 0.329966  0.126347 -0.116034 0.0108034 -0.00136112  -0.0010187 0.000394356 0.00793335 0.00116423 -0.0066466 1 0 0
               62.53 -0.683477   22.1051   48.0062  5.74796 -3.02255 0.325338    0.137031     -0.1303 -0.00667672  -0.00139189 -0.000947903  0.000322373  0.00751012  0.00182711 -0.00596748 1 0 0
             62.6302 -0.265785   22.4679   51.8129  5.76205 -3.03784 0.329835    0.125187   -0.158521 0.000883546  -0.00137049 -0.000983617  0.000334988  0.00778932  0.00192616 -0.00658804 1 0 0
             62.6302 -0.217511   22.4016   51.7716  5.76603  -3.0425 0.325024   0.134757  -0.175524 -0.0182329  -0.00144472 -0.000920001  0.000370888  0.00747461  0.00261822 -0.00577107 1 0 0
               62.73 -0.0696196    22.4338    55.0051  5.77743 -3.06053 0.315528   0.120543  -0.170817 -0.0592593  -0.00153787 -0.000850171   0.00031797  0.00730816  0.00251073 -0.00491962 1 0 0
               62.73 -0.320213   22.4098   54.8062   5.7814 -3.06482 0.313956   0.129649  -0.184575 -0.0653426   -0.0013633 -0.000823876  0.000504212  0.00725165  0.00319739 -0.00462035 1 0 0
             62.8299 -0.18619  22.8657   57.538  5.79509 -3.08226 0.306958   0.101572  -0.175698 -0.0820301  -0.00156702 -0.000781091  0.000572113  0.00711253  0.00329423 -0.00479304 1 0 0
             62.8299 -0.377174   22.9254   57.5867  5.79732 -3.08473 0.307541   0.107292  -0.183747 -0.0799934  -0.00135195 -0.000840658  0.000524707  0.00725204  0.00372487 -0.00481049 1 0 0
             62.9301 -0.523304   23.0885    60.223   5.8083 -3.10348 0.296801  0.0666922   -0.16667 -0.0912766  -0.00109803 -0.000858243  0.000517705   0.0070506  0.00400403 -0.00459459 1 0 0
             62.9301 -0.325882    23.015   60.1687  5.80981  -3.1051 0.299565  0.0728896   -0.17296 -0.0800877   -0.0013227 -0.000789785  0.000568719   0.0073379  0.00430993 -0.00499019 1 0 0
               63.03 -0.0341584    23.4575    62.5376  5.81584 -3.12081 0.294677  0.0344406  -0.157222 -0.0577041  -0.00134026 -0.000828658  0.000602245  0.00745543  0.00435837 -0.00530946 1 0 0
               63.03 0.00433895    23.4415    62.6342  5.81785 -3.12268 0.297463   0.041256  -0.163545 -0.0470569 -0.00134047   -0.000809 0.000500186  0.00776563  0.00473058 -0.00567733 1 0 0
             63.1302 0.469099  23.2581  65.4104  5.81662  -3.1389 0.294828 -0.0156192  -0.182035 -0.0345428 -0.00140062 -0.00081298 0.000455167  0.00787085   0.0044199 -0.00579759 1 0 0
             63.1302 0.465765  23.2415  65.4701  5.81993 -3.13931 0.298121 -0.00378764   -0.180846  -0.0218992  -0.00137193 -0.000800818  0.000397404 0.00791176 0.00487945 -0.0064416 1 0 0
               63.23 0.479147  23.2444  67.8363  5.81577 -3.15779 0.298536 -0.0267962  -0.226824 -0.0225987  -0.00156247 -0.000808138  0.000321226  0.00806551  0.00458702 -0.00676951 1 0 0
               63.23 0.196083  23.3041  67.7426  5.81757 -3.15771 0.300516 -0.0214746  -0.223698 -0.0146518 -0.00130689 -0.00086582 0.000410368  0.00808036  0.00486008 -0.00718286 1 0 0
             63.3299 0.521546  22.8424  70.2444  5.81888  -3.1832 0.301294 0.00534351  -0.285106 -0.0159732  -0.00152695 -0.000831027  0.000302203  0.00808305  0.00511908 -0.00756387 1 0 0
             63.3299 0.386637  22.8757  70.2207  5.81892 -3.18231 0.301473 0.00525382  -0.280291  -0.014728  -0.00139659 -0.000861835  0.000325972  0.00794333  0.00510911 -0.00770539 1 0 0
             63.4305 0.600472  22.5014  72.7183  5.81655 -3.21285 0.301491   -0.016374   -0.336446 -0.00513708 -0.00161781 -0.00085833 0.000257842  0.00811405  0.00484074 -0.00779987 1 0 0
             63.4305 0.326311  22.5483  72.6523  5.81615 -3.21074 0.300558  -0.0186875   -0.326412 -0.00815593  -0.00136318 -0.000897909  0.000322096 0.00769889 0.00474691 -0.0078709 1 0 0
             63.5303 0.410551  21.6439   74.925  5.81147  -3.2464 0.303564 0.00908441  -0.367345  0.0163895  -0.00148025 -0.000859221  0.000253877  0.00797526  0.00425635 -0.00810038 1 0 0
             63.5303 0.293451  21.6863  74.7776  5.81051 -3.24402 0.301833 0.00549872   -0.35733 0.00998703  -0.00141697 -0.000897254  0.000395783 0.00747436 0.00407342 -0.0080358 1 0 0
             63.6302 0.983595  21.3848  77.2232  5.80159 -3.27953 0.305384 -0.0104922  -0.386293  0.0514457  -0.00149662 -0.000871434  0.000377824  0.00757729   0.0027592 -0.00794642 1 0 0
             63.6302 0.96253 21.4168 77.1987  5.80223 -3.27727 0.304313 -0.00695729   -0.375448   0.0480244  -0.00148305 -0.000902042  0.000402181  0.00706305  0.00288208 -0.00805451 1 0 0
               63.73 1.42676 20.6455 78.9706  5.79163 -3.31273 0.311454 -0.0176706  -0.335845  0.0726175  -0.00156439 -0.000870487  0.000340979  0.00723626  0.00150115 -0.00804287 1 0 0
               63.73 1.35238 20.6714 78.8457  5.79472 -3.31134 0.310977 -0.00401878   -0.327682   0.0710804  -0.00153072 -0.000893804  0.000461601  0.00685634  0.00212017 -0.00820557 1 0 0
             63.8299 1.74768  20.868  80.258  5.79172 -3.34297 0.315505 0.00380561  -0.299346  0.0763364  -0.00152877 -0.000876402  0.000424661  0.00693638  0.00161235 -0.00756253 1 0 0
             63.8299 1.68281 20.9127 80.1623  5.79521 -3.34131 0.315549 0.0195674 -0.289406 0.0769708  -0.00149332 -0.000919124  0.000517749    0.006558  0.00234684 -0.00783607 1 0 0
             63.9305  1.9378 20.9498 81.1751  5.79004 -3.36773 0.331724 -0.00327959   -0.270309   0.0932965 -0.00153619 -0.00094447 0.000550956  0.00683678  0.00131561 -0.00897595 1 0 0
             63.9305 1.99119 20.9434  81.149  5.79292 -3.36535 0.329577 0.0118469 -0.258637 0.0849829  -0.00159797 -0.000936105  0.000575332 0.00620015 0.00201164 -0.0089329 1 0 0
             64.0303 1.97268 20.5476 82.3914  5.79448 -3.39212 0.334664  0.018576 -0.259719 0.0551118  -0.00159322 -0.000904307  0.000579561  0.00628306  0.00202265 -0.00853827 1 0 0
             64.0303 1.94651 20.5588 82.3945  5.79761 -3.39063 0.334031 0.0339801 -0.251318 0.0530676 -0.00156299 -0.00091496 0.000577118  0.00594431    0.002769 -0.00866576 1 0 0
             64.1302 1.96419 20.0067 84.0252  5.79729 -3.41661  0.34186 0.0318768 -0.256512  0.057437 -0.00148095 -0.00088472 0.000622402   0.0062034  0.00213722 -0.00893938 1 0 0
             64.1302 2.06318 20.0291 84.0834   5.7993 -3.41564 0.340689 0.0427158 -0.251669   0.05221  -0.00156032 -0.000911103  0.000566904  0.00594722  0.00262842 -0.00885253 1 0 0
               64.23 2.26612 19.0778 86.3644  5.80449 -3.43645 0.348131 0.0713735  -0.24361 0.0497229 -0.00154977   -0.000887 0.000583708 0.00536905 0.00264809 -0.0096712 1 0 0
               64.23 2.31132 19.0864 86.4168  5.80706 -3.43822 0.347268 0.0833099 -0.253206  0.044544  -0.00157696 -0.000900134   0.00053261 0.00575705 0.00313658 -0.0093006 1 0 0
             64.3299 2.36546  18.428 88.9046  5.81421 -3.45794  0.35001  0.117401 -0.230757 0.0361475 -0.00155314    -0.00087 0.000526682  0.00490242  0.00278849 -0.00952873 1 0 0
             64.3299 2.40313 18.4657 88.9228  5.81643 -3.46003 0.349121  0.127162 -0.241863 0.0307023   -0.0015848 -0.000912421  0.000510216   0.0053694  0.00315166 -0.00910986 1 0 0
             64.4305  2.2576 17.6298 91.8567  5.82356 -3.48292 0.346855  0.134859 -0.266893 0.0231003  -0.00155624 -0.000850828  0.000502353  0.00456343  0.00223747 -0.00848409 1 0 0
             64.4305 2.21807 17.6811  91.776  5.82449 -3.48688 0.349187   0.13855 -0.286038 0.0312712  -0.00154044 -0.000902191  0.000582847  0.00561645  0.00222518 -0.00844571 1 0 0
             64.5304 1.95575 16.9492 94.6137  5.82869 -3.51239 0.350971   0.12391 -0.286107 0.0285444  -0.00162976 -0.000877814  0.000616907  0.00482879 0.000838143 -0.00851403 1 0 0
             64.5304 1.90056 16.9638 94.6092  5.83127 -3.51681 0.352671  0.134973 -0.308356 0.0333127  -0.00157398 -0.000895419  0.000621465  0.00604237  0.00109302 -0.00830415 1 0 0
             64.6302 1.46077 16.3024 97.3314  5.84566 -3.54301 0.362121  0.168213 -0.289834 0.0495483  -0.00149334 -0.000862535  0.000659267  0.00557063  0.00123289 -0.00956874 1 0 0
             64.6302 1.56126 16.3656 97.3287  5.84736 -3.54707 0.362754  0.176626 -0.310737 0.0493834 -0.00159685 -0.00093218 0.000662865  0.00664093  0.00126211 -0.00918744 1 0 0
               64.73 1.50762 15.6548 99.9214  5.85745 -3.57587  0.36746  0.147394 -0.282733 0.0273128  -0.00159985 -0.000900036   0.00069501  0.00603477 0.000212134 -0.00947459 1 0 0
               64.73 1.58315 15.6938 99.8932  5.85903 -3.57903 0.366913  0.155226 -0.299561 0.0229016  -0.00168886 -0.000945178  0.000723768  0.00686211 0.000242377 -0.00899834 1 0 0
             64.8298 1.21774 16.0209 101.955  5.86718 -3.60544 0.375022  0.123173  -0.24002 0.0272665  -0.00170589 -0.000985729  0.000728508   0.00670778 -0.000691538   -0.0100343 1 0 0
             64.8298 1.18902 16.1201 101.871  5.86943 -3.60615 0.373354  0.133314  -0.24459 0.0186325 -0.00169873 -0.00108559 0.000813837   0.00703071 -0.000301355  -0.00955219 1 0 0
             64.9305 0.94323 16.1405 103.815    5.883 -3.63239 0.373955  0.111212 -0.248804 0.0212381 -0.00171133 -0.00102092 0.000778912   0.00718601 -0.000147892  -0.00925412 1 0 0
             64.9305 0.962753  16.1735  103.734   5.8839 -3.62915 0.371062    0.11589  -0.233524 0.00830847 -0.00175311 -0.00105589 0.000851776  0.00643206 0.000434694 -0.00892809 1 0 0
             65.0303 0.68442  16.008 104.947  5.89689 -3.64893 0.372604  0.109441 -0.182908 0.0221987 -0.00175593 -0.00102895 0.000867676  0.00634188 0.000891624 -0.00897869 1 0 0
             65.0303 0.682288  16.0318  104.896   5.8983 -3.64835 0.371193  0.117323 -0.181201 0.0140307 -0.00177326 -0.00105032 0.000912016  0.00635315  0.00128052 -0.00863669 1 0 0
             65.1302 0.619085  15.7232  105.503   5.9176 -3.66039 0.379025  0.126423 -0.135982  0.046947  -0.0017443  -0.0010609 0.000862155  0.00648197  0.00310248 -0.00961676 1 0 0
             65.1302 0.670246  15.7259  105.439  5.91837    -3.66 0.377239  0.131434 -0.135479 0.0370077 -0.00181327 -0.00106238 0.000919102  0.00644567  0.00331011 -0.00921156 1 0 0
               65.23   0.913 15.3553 105.582  5.92499 -3.67311 0.385289 0.0858038 -0.132287 0.0595418 -0.00176517 -0.00104286 0.000937475  0.00606008  0.00256867 -0.00987661 1 0 0
               65.23 0.986623  15.3949  105.561  5.92645 -3.67382 0.382055  0.094812 -0.138456 0.0413506 -0.00184711  -0.0010735 0.000956274  0.00629606  0.00275029 -0.00904173 1 0 0
             65.3299 0.859626  14.5412  105.142  5.93326 -3.68352 0.387429  0.071029 -0.119921 0.0387176  -0.0017702 -0.00104291 0.000945029 0.00551956 0.00300189 -0.0095454 1 0 0
             65.3299 0.890383  14.5602  105.087  5.93423 -3.68553 0.385664 0.0777335 -0.132325 0.0272592 -0.00181567 -0.00104765  0.00099465  0.00603544  0.00293739 -0.00890277 1 0 0
             65.4305 0.902388  14.2857  104.179   5.9348 -3.69769 0.390692 0.0531677 -0.124308 0.0168093 -0.00177522 -0.00106772  0.00101637  0.00538187   0.0018903 -0.00963189 1 0 0
             65.4305 0.924455  14.3262  104.153   5.9365 -3.70062  0.38922  0.0642698   -0.14241 0.00490435 -0.00180638 -0.00108665  0.00103921   0.0062547  0.00186033 -0.00886997 1 0 0
             65.5303 1.03337 14.0064 103.241  5.95721 -3.71237   0.3889   0.113835  -0.141343 -0.0141063   -0.001832 -0.00105713 0.000938711 0.00717056 0.00437674 -0.0086543 1 0 0
             65.5303 1.03984 14.0179 103.231  5.95736 -3.71396 0.387313  0.115448   -0.1518 -0.025385 -0.00183874 -0.00105811 0.000948059  0.00749816  0.00417668 -0.00808209 1 0 0
             65.6302 1.18288 14.4981 102.089  5.96353 -3.73372 0.386846  0.0890116  -0.188641 -0.0327739 -0.00175117 -0.00104292 0.000966187  0.00772238  0.00305034 -0.00842422 1 0 0
             65.6302 1.25614 14.5288 102.082  5.96269 -3.73385 0.384227  0.0853187  -0.191168 -0.0484763 -0.00181824 -0.00107046 0.000974042   0.0075579   0.0028262 -0.00780631 1 0 0
               65.73 1.17344 14.7879 100.784  5.97394 -3.75275 0.374686  0.112167 -0.161255 -0.080214 -0.00183927 -0.00101594 0.000920466  0.00780038  0.00301093 -0.00715563 1 0 0
               65.73  1.1124 14.7776 100.745  5.97254 -3.75159 0.374047   0.104039  -0.155045 -0.0829504 -0.00178535 -0.00101391 0.000957131  0.00733501  0.00285149 -0.00716107 1 0 0
             65.8299 1.12213 15.8931 99.9178   5.9814 -3.76299 0.368166  0.0886329 -0.0984298 -0.0727167  -0.00174433 -0.000996723  0.000932555   0.0071751  0.00276966 -0.00759009 1 0 0
             65.8299 1.18053 15.9645 99.9601  5.98022 -3.76291 0.368279  0.0821827 -0.0971897 -0.0721505 -0.00178503 -0.00106811 0.000896356  0.00700603  0.00250211 -0.00765061 1 0 0
             65.9301 1.07534 16.7617 99.5124  5.98849 -3.76825 0.367005   0.101984 -0.0560895 -0.0448852 -0.00174247 -0.00106157 0.000856867   0.0066592  0.00258557 -0.00866445 1 0 0
             65.9301 1.09102  16.767 99.5157  5.98752 -3.76822  0.36683  0.0965959 -0.0557406 -0.0458469 -0.00175236 -0.00106836 0.000854638    0.006519   0.0023644 -0.00865423 1 0 0
               66.03 1.53618 17.1671 99.5796  5.99442 -3.77314 0.368805   0.0990412  -0.0530939 -0.00761997 -0.00176935 -0.00107049 0.000830712  0.00635433  0.00187108 -0.00945249 1 0 0
               66.03 1.56209  17.157 99.5954  5.99416 -3.77421 0.368107  0.0978118 -0.0597953 -0.0122436 -0.00178757 -0.00105592 0.000816316  0.00652935  0.00167868 -0.00918837 1 0 0
             66.1298  1.6845 16.9282 99.4969 6.00715 -3.7776 0.37487   0.124736 -0.0263635  0.0307114 -0.00176157  -0.0010561 0.000785929 0.00667254 0.00225824 -0.0102276 1 0 0
             66.1298 1.70448 16.9273 99.4814   6.0064 -3.77873 0.373246   0.120837 -0.0341891  0.0207814 -0.00178097 -0.00104901  0.00080133  0.00676606   0.0019426 -0.00974747 1 0 0
             66.2305  2.0823 16.4028 100.421  6.01928  -3.7776 0.377095    0.140022 -0.00591849   0.0293931 -0.00175519 -0.00106166 0.000756911 0.00623899 0.00218162 -0.0101991 1 0 0
             66.2305 2.08283   16.37 100.424  6.01844 -3.78025  0.37473  0.136507 -0.023897 0.0136102 -0.00175049 -0.00101568  0.00075523  0.00665204   0.0016977 -0.00934018 1 0 0
             66.3303 1.99972 15.7555 101.188  6.03352 -3.77932 0.380229   0.156526 0.00988009  0.0202488 -0.00173923 -0.00101959 0.000715838 0.00649879 0.00197439 -0.0101947 1 0 0
             66.3303 1.96547 15.7758 101.138   6.0333 -3.78213 0.378014    0.154908 -0.00852604   0.0052769 -0.00171683 -0.00102035 0.000763625  0.00699653  0.00156725 -0.00935734 1 0 0
             66.4302 1.72089 15.4982 101.665  6.05082 -3.78257 0.379526   0.187447 -0.0106156  0.0133382 -0.00165715 -0.00100492 0.000756942  0.00701143  0.00167579 -0.00944777 1 0 0
             66.4302 1.76579 15.5334 101.638  6.05013 -3.78457 0.377489    0.184142   -0.024501 -0.00102369 -0.00170236 -0.00102584 0.000783364  0.00731055  0.00125635 -0.00871299 1 0 0
               66.53 1.92728 15.4453  101.95  6.06701 -3.78016 0.379275   0.153691  0.0139945 0.00207705 -0.00166466 -0.00101096  0.00077555  0.00640474  0.00162327 -0.00947597 1 0 0
               66.53 2.00255 15.5131 101.933  6.06622 -3.78364 0.377552    0.150228 -0.00687595  -0.0107784 -0.00174573  -0.0010682 0.000796829  0.00701639  0.00101997 -0.00869587 1 0 0
             66.6298 2.20854 15.7506 101.531  6.07959 -3.78496 0.375631   0.118898 -0.0297781 -0.0270175  -0.0016795 -0.00105037 0.000793204  0.00685308   0.0010635 -0.00875307 1 0 0
             66.6298 2.24572 15.7533 101.456  6.07888 -3.78706 0.373591   0.115437 -0.0431039 -0.0397874 -0.00173401 -0.00104159 0.000867918  0.00716349 0.000616778 -0.00805227 1 0 0
             66.7305 2.38652 16.0129 100.921  6.09414 -3.78631 0.375476  0.0771323 -0.0272073 -0.0262653 -0.00168519 -0.00102995  0.00082383  0.00717516  0.00210846 -0.00924106 1 0 0
             66.7305 2.46912 16.0561 100.923  6.09257 -3.78916 0.373722  0.0695285 -0.0444664 -0.0383881 -0.00175543 -0.00105935 0.000827178  0.00757319  0.00137159 -0.00851867 1 0 0
             66.8303 2.11502 16.4633 100.304  6.09664 -3.79486 0.371324  0.0373212 -0.0481044 -0.0340796 -0.00175555 -0.00106262 0.000790548  0.00764124  0.00115308 -0.00871587 1 0 0
             66.8303 2.02285 16.4539 100.253   6.0953  -3.7962 0.369219  0.0297681 -0.0576888 -0.0466046 -0.00167149 -0.00104624 0.000839584  0.00770718 0.000677145 -0.00810178 1 0 0
             66.9302  2.1221 16.8371 99.7728  6.09921 -3.80115  0.36962   0.027738 -0.0576085 -0.0194878 -0.00170032 -0.00105056 0.000812258  0.00782377 0.000895114 -0.00885979 1 0 0
             66.9302 2.17339 16.8341  99.782  6.09814 -3.80147  0.36711   0.021929 -0.0615013 -0.0336905  -0.0017426 -0.00104622 0.000804856  0.00765575 0.000581945 -0.00825723 1 0 0
               67.03 2.34106 16.8127  99.416  6.09301 -3.80528 0.369513   -0.0168633   -0.0521236 -0.000686838 -0.00172369 -0.00105973 0.000781141   0.00690453 -0.000291066  -0.00926379 1 0 0
               67.03 2.31561 16.7767 99.3796  6.09224 -3.80632 0.367321 -0.0212468 -0.0602447 -0.0139301 -0.00170456 -0.00101858 0.000815154   0.00694637 -0.000600047  -0.00863918 1 0 0
             67.1298  2.3074 16.6936  99.133  6.09187 -3.80924  0.36942 -0.0234396 -0.0414184 0.00474654 -0.00165573 -0.00102523 0.000785143   0.00687223 -1.97776e-05  -0.00924043 1 0 0
             67.1298 2.34574 16.6838 99.1119  6.09113 -3.81093 0.367626  -0.0270088  -0.0527081 -0.00718702 -0.00169595 -0.00100822 0.000805751   0.00708329 -0.000378866  -0.00861224 1 0 0
             67.2305  2.4034 16.5136 98.8218  6.08942 -3.81509 0.369969  -0.0228683  -0.0483028 -0.00797441 -0.00165617 -0.00100964 0.000805578   0.00709111 -0.000171173  -0.00926122 1 0 0
             67.2305 2.41545 16.4905 98.8082   6.0886 -3.81483 0.367647 -0.0266456 -0.0493537 -0.0225806  -0.00166933 -0.000986361  0.000818271   0.00684895 -0.000317184  -0.00867559 1 0 0
             67.3303 2.50286 16.6198 98.5348  6.08435 -3.81983   0.3668 -0.0380776 -0.0357387  -0.028255 -0.00167404 -0.00099357 0.000824852    0.0069756 -0.000604334  -0.00898712 1 0 0
             67.3303 2.53688 16.6371 98.5562  6.08448 -3.82095 0.365448 -0.0366921 -0.0434719 -0.0376978 -0.00170125 -0.00100592 0.000805363   0.00718667 -0.000683195  -0.00849303 1 0 0
             67.4302 2.51973 16.9863 98.2991  6.08554 -3.82444 0.361388 -0.0156721 -0.0427828 -0.0401551  -0.00171274 -0.000993242  0.000763423  0.00744406 0.000139053 -0.00843274 1 0 0
             67.4302 2.46464 16.9874 98.2645  6.08546 -3.82433 0.360448 -0.0162202 -0.0431175 -0.0458734  -0.00166823 -0.000992873  0.000795972  0.00737276 0.000141719 -0.00820264 1 0 0
               67.53 2.58948  17.195 98.2332  6.09047 -3.82548 0.361113  0.0119654 -0.0243599 -0.0274361 -0.00167977 -0.00100524 0.000731385  0.00757776  0.00128567 -0.00915803 1 0 0
               67.53 2.59294 17.1881 98.2062  6.08994 -3.82599 0.359536 0.00934843 -0.0286672 -0.0370047  -0.00168922 -0.000995325  0.000757222  0.00756514  0.00111826 -0.00872307 1 0 0
             67.6298 2.58578 17.4577 98.1336  6.09816 -3.82394 0.361703  0.0360191 0.00268177 -0.0172803 -0.00165563 -0.00102482 0.000692352  0.00765609  0.00251323 -0.00980945 1 0 0
             67.6298 2.63144 17.4484 98.1138  6.09713 -3.82414 0.359355    0.0306409 -0.000589579   -0.0312835 -0.00170329 -0.00101317 0.000711901  0.00748091  0.00224629 -0.00921807 1 0 0
             67.7305 2.62501 17.7374 98.0436  6.10007 -3.82475  0.36101  0.0331324 0.00948983 -0.0112567  -0.0017282 -0.00103861 0.000687125  0.00775584  0.00204737 -0.00989756 1 0 0
             67.7305 2.61007 17.7265 98.0647  6.09845 -3.82543 0.358185  0.0238857 0.00302112 -0.0274714 -0.00170122  -0.0010259 0.000668688  0.00760883  0.00158349 -0.00917543 1 0 0
             67.8303 2.48304 18.0804  98.071  6.09965 -3.82759 0.354972  0.0272009  0.0062136 -0.0299222 -0.00168839 -0.00103513 0.000657356  0.00795149  0.00112957 -0.00890901 1 0 0
             67.8303 2.44969 18.0345 98.0473  6.09729 -3.82721 0.352348   0.013159 0.00559012 -0.0439994  -0.00165406 -0.000990434  0.000680009  0.00750302 0.000571993 -0.00837927 1 0 0
             67.9301 2.42743 18.2799 98.1955   6.0988 -3.82613 0.351131 0.00944647  0.0255382 -0.0347903  -0.00164538 -0.000991526  0.000649694   0.0076943 0.000566056 -0.00882358 1 0 0
             67.9301 2.43653 18.2641 98.1965  6.09625 -3.82599 0.348983 -0.00461279   0.0247391  -0.0459831  -0.00164523 -0.000977298  0.000650662   0.00730198 -1.72051e-05  -0.00840513 1 0 0
               68.03  2.4058 18.8798 98.3772  6.09763 -3.82758 0.352202 0.00355191  0.0238528 -0.0275239 -0.00167395 -0.00102362 0.000623508   0.00848281 -0.000156837   -0.0092679 1 0 0
               68.03 2.36608 18.8635 98.3391  6.09538 -3.82539 0.349021 -0.00952925    0.033632  -0.0440942 -0.00163981 -0.00101425 0.000660743   0.00760606 -0.000481089  -0.00880684 1 0 0
             68.1298 2.31406 19.3727 98.5504  6.09132 -3.82016 0.347645 -0.0206934  0.0421218 -0.0308839 -0.00169068 -0.00103454 0.000652907   0.00723922 -0.000910743  -0.00945428 1 0 0
             68.1298 2.26964 19.3523 98.5316  6.08966 -3.81977 0.345195 -0.0306709  0.0421668 -0.0442793 -0.00164749 -0.00101486 0.000670726  0.00684605  -0.0012822 -0.00895719 1 0 0
             68.2305  2.1706 19.7424  98.706  6.08731 -3.81401 0.342799 -0.0198196  0.0477405 -0.0355256 -0.00161061 -0.00100785 0.000660908  0.00670475 -0.00114219 -0.00938183 1 0 0
             68.2305 2.22562 19.7528 98.6994   6.0862 -3.81453  0.34125 -0.0258826  0.0433058 -0.0443278 -0.00166275  -0.0010155 0.000668918  0.00662799 -0.00147618 -0.00897673 1 0 0
             68.3303 2.27058 20.1313 98.8848  6.08105 -3.81033 0.338345 -0.0353115  0.0377645  -0.032905 -0.00160469 -0.00101958 0.000661684  0.00648856 -0.00192644 -0.00921067 1 0 0
             68.3303 2.34232 20.1148 98.8432  6.08055 -3.81134 0.337691 -0.0377454  0.0313349 -0.0371265    -0.001696 -0.000996271  0.000704356   0.0066182 -0.00216019 -0.00893937 1 0 0
             68.4301 2.37085 20.3532 99.0209  6.08585  -3.8101 0.331644 -0.000909372    0.0196181   -0.0435465  -0.0017005 -0.00098845 0.000684053   0.00728954 -0.000734355  -0.00824663 1 0 0
             68.4301 2.38483 20.3229 99.0386  6.08477 -3.81068 0.331926 -0.00773915   0.0163337  -0.0417104  -0.00170284 -0.000957224  0.000667732  0.00731665 -0.00109608 -0.00828881 1 0 0
               68.53 2.41376  20.506 99.1894  6.08618 -3.80771 0.329994 0.00421064  0.0169715 -0.0300936  -0.00167535 -0.000969175  0.000682246   0.00731108 -0.000719125  -0.00869468 1 0 0
               68.53   2.447 20.4834 99.1937  6.08503 -3.80816  0.33008 -0.00257408   0.0143618  -0.0293365  -0.00170346 -0.000945716  0.000678906  0.00729364 -0.00106959  -0.0087036 1 0 0
             68.6302 2.51461 20.5772 99.3398  6.08817 -3.80586 0.334461  0.0101795  0.0138721 0.00469525  -0.00170027 -0.000978338  0.000643557   0.00766528 -0.000539965  -0.00987257 1 0 0
             68.6302 2.48122 20.5609 99.2985  6.08693 -3.80638 0.333958 0.00242037  0.0100026 0.00166454  -0.00167844 -0.000958967  0.000683445   0.00761855 -0.000923239  -0.00970867 1 0 0
               68.73 2.44751 20.4677 99.3411  6.08631 -3.80813 0.333034   0.00694629 -0.000238456   -0.0040836  -0.00165356 -0.000941559  0.000665999  0.00783174 -0.00128708 -0.00932444 1 0 0
               68.73  2.4806 20.4691 99.3182   6.0852 -3.80828 0.332675 4.29232e-05 -0.00148112 -0.00588761  -0.00169277 -0.000942111  0.000689041  0.00771783 -0.00161173 -0.00925338 1 0 0
             68.8299 2.49273 20.4659 99.3628  6.08688 -3.80755 0.332781   0.0071802 0.000755539 -0.00350699  -0.00166294 -0.000941497  0.000666511  0.00773697 -0.00129014 -0.00940998 1 0 0
             68.8299 2.53698 20.4632 99.3401   6.0856 -3.80727 0.332331 -0.000871894   0.00207756  -0.00540649  -0.00171347 -0.000938832  0.000689252  0.00749615 -0.00161836 -0.00938783 1 0 0
             68.9301 2.48627 20.4673 99.3676   6.0894 -3.80781 0.335154   0.0167393 0.000692844  0.00701753  -0.00166723 -0.000950508  0.000658541  0.00806335 -0.00106118 -0.00978477 1 0 0
             68.9301  2.4951 20.4503  99.345  6.08783 -3.80642 0.333662  0.00711274  0.00768734 -0.00042077   -0.0016817 -0.000935415  0.000680485  0.00746762 -0.00132481 -0.00965714 1 0 0
               69.03 2.51783  20.372 99.3244  6.08933 -3.80823 0.335278  0.00917613 -0.00783174  0.00935069  -0.00166966 -0.000939169  0.000655715  0.00793099 -0.00136435 -0.00968223 1 0 0
               69.03 2.55064 20.3745 99.3062  6.08782  -3.8074 0.334339 -2.93753e-05   -0.0037677   0.00503886  -0.0017067 -0.00094294 0.000674471    0.007521 -0.00168087 -0.00961874 1 0 0
             69.1298 2.48587 20.2553 99.2518  6.08576 -3.80828 0.338349  -0.0118906 -0.00126789   0.0182263  -0.00167599 -0.000945139  0.000670763    0.007679 -0.00209504  -0.0101933 1 0 0
             69.1298 2.46645 20.2478 99.2136  6.08439 -3.80742 0.336887 -0.0198884 0.00222188  0.0106079  -0.00166763 -0.000937519   0.00070827  0.00725674  -0.0023436 -0.00998505 1 0 0
             69.2305 2.37938 20.1408 99.2358   6.0871 -3.80899 0.337601 -0.00129662 -0.00712887  0.00532545   -0.001643 -0.00094111 0.000678696  0.00780068 -0.00164464 -0.00969608 1 0 0
             69.2305 2.40287 20.1358  99.224  6.08567 -3.80813 0.336395  -0.00961605  -0.00322031 -0.000635386  -0.00166828 -0.000937429  0.000690964  0.00738375 -0.00191841 -0.00956102 1 0 0
             69.3303 2.49691 20.0158 99.3149   6.0827    -3.81 0.338493 -0.00858528  -0.0145038   0.0111134 -0.00169625 -0.00095601 0.000671489   0.0074765 -0.00245186 -0.00982459 1 0 0
             69.3303 2.43768 19.9766 99.2658  6.08146 -3.80849 0.336895  -0.0159116 -0.00747335   0.0032237  -0.0016518 -0.00091779 0.000717418  0.00691838 -0.00259127 -0.00967089 1 0 0
             69.4301 2.50266 19.6879 99.3511  6.08832 -3.80716 0.338284  0.0213932 0.00523438 0.00472931  -0.00166108 -0.000929152  0.000662905  0.00717211 -0.00116144 -0.00985137 1 0 0
             69.4301 2.48722 19.6712  99.332  6.08734 -3.80773 0.337623   0.0148885 0.000785843 0.000518826  -0.00164936 -0.000910078  0.000681596  0.00715241 -0.00150138 -0.00962802 1 0 0
               69.53 2.35975 19.6047 99.4757  6.08381 -3.81022 0.338294   -0.0029829   -0.0115817 -4.48686e-05  -0.00159801 -0.000908957  0.000702151   0.0071962 -0.00256439  -0.0096511 1 0 0
               69.53  2.4208 19.6196 99.4894  6.08274 -3.80996 0.337672 -0.00981954  -0.0107368 -0.00304692  -0.00165259 -0.000925386  0.000690957  0.00698794 -0.00285475 -0.00956761 1 0 0
             69.6298 2.30681 19.5349 99.5783  6.08581 -3.80869 0.339342   0.0201259 -0.00282714  0.00299395  -0.00163937 -0.000942472  0.000666106  0.00692027 -0.00212496  -0.0100417 1 0 0
             69.6298  2.2923 19.5172 99.5407  6.08526 -3.80962 0.339126   0.0166027 -0.00891448  0.00105556  -0.00163564 -0.000920924  0.000702045  0.00705925 -0.00237446 -0.00987076 1 0 0
             69.7305   2.139  19.469 99.6868  6.09056 -3.80906 0.342726  0.0349326 0.00132143  0.0154638 -0.00154942  -0.0009258 0.000666125  0.00724207 -0.00180189  -0.0104446 1 0 0
             69.7305 2.23774 19.4828 99.6737  6.08966  -3.8103 0.342333   0.0292569 -0.00669621   0.0122479  -0.00165022 -0.000936627  0.000680086 0.00739885 -0.0022178 -0.0101927 1 0 0
             69.8303 2.11228 19.3954 99.9464  6.09457 -3.81259 0.345379  0.0415242 -0.0169346  0.0196605 -0.00160598 -0.00093444 0.000657138  0.00777948 -0.00202401  -0.0103254 1 0 0
             69.8303 2.12645 19.4033 99.9211  6.09354 -3.81239 0.344143  0.0352401 -0.0173716  0.0122449  -0.00162643 -0.000941441  0.000682373  0.00756006 -0.00228689  -0.0100428 1 0 0
             69.9302 2.15833 19.2315 100.189  6.10382 -3.81385  0.34427  0.0750855 -0.0124379 0.00468166  -0.00168266 -0.000946072  0.000617596  0.00789308 -0.00117742 -0.00973425 1 0 0
             69.9302 2.10357 19.2055 100.133  6.10202 -3.81354 0.343305    0.0630254   -0.0121594 -3.10609e-05  -0.00164181 -0.000918833  0.000671903  0.00757879 -0.00164797 -0.00959764 1 0 0
               70.03 2.28843 19.0432 100.518  6.10519 -3.81576 0.350046  0.0580858 -0.0015854  0.0254769  -0.00164369 -0.000942129  0.000634276 0.00782008 -0.0025251 -0.0107326 1 0 0
               70.03 2.25631  19.042 100.473  6.10346   -3.815 0.348479   0.047507 0.00106935  0.0171044  -0.00162378 -0.000941191  0.000681234  0.00738316 -0.00289031  -0.0104808 1 0 0
             70.1298 2.40136 19.0127 100.803  6.10697  -3.8168 0.349584   0.0457737 -0.00303646   0.0095079  -0.00158089 -0.000931493  0.000664287  0.00760432 -0.00328648  -0.0102734 1 0 0
             70.1298 2.45689 19.0287  100.79  6.10573 -3.81569 0.348086  0.0386496 0.00195564 0.00155268  -0.00164348 -0.000949139  0.000678705  0.00713063 -0.00350533  -0.0100547 1 0 0
             70.2305 2.41202 18.8791 100.915   6.1124 -3.81373 0.348729  0.0471562 0.00115497 0.00857033  -0.00162104 -0.000936687  0.000639115  0.00706989 -0.00278749  -0.0101554 1 0 0
             70.2305 2.38726 18.8744 100.834  6.11139 -3.81432 0.347991  0.0405989 -0.0033181 0.00372026  -0.00162141 -0.000927731  0.000717896  0.00704342 -0.00314278 -0.00989908 1 0 0
             70.3303 2.08397 18.5077 100.528  6.11974 -3.81412 0.354843  0.0422598 0.00726311  0.0202277  -0.00164235 -0.000958059  0.000676209  0.00767201 -0.00225859  -0.0109882 1 0 0
             70.3303 2.04715 18.4988 100.494  6.11818 -3.81403  0.35359  0.0320869 0.00653078  0.0130382  -0.00161434 -0.000947857  0.000709992  0.00738256 -0.00268056  -0.0107176 1 0 0
             70.4302 1.51046 18.2946 99.3429  6.12414 -3.81579 0.356502   0.0334097 -0.00462347   0.0195151 -0.00158009 -0.00094842 0.000675411  0.00802412 -0.00222215  -0.0107174 1 0 0
             70.4302 1.51982 18.2994 99.2585  6.12274 -3.81608 0.354667   0.0254137 -0.00857174  0.00802613  -0.00161566 -0.000950122  0.000758127  0.00784091 -0.00261702  -0.0102125 1 0 0
               70.53 1.28502 17.9858 97.7192  6.12903 -3.81865 0.355782  0.0226032 -0.0122521  0.0135935  -0.00156178 -0.000930578  0.000733349  0.00840529 -0.00195634  -0.0100218 1 0 0
               70.53 1.31994 17.9833 97.6754  6.12692 -3.81827 0.353726  0.0115295 -0.0120515 0.00210098  -0.00161011 -0.000927634  0.000776774  0.00800283 -0.00241014 -0.00959855 1 0 0
             70.6298   1.054 17.5166 96.0874  6.12751 -3.81827 0.354606 -0.00798179  -0.0132896   0.0152624  -0.00159144 -0.000914361  0.000720113  0.00775616 -0.00220596 -0.00973971 1 0 0
             70.6298 1.05904 17.5065 96.0577  6.12529 -3.81805 0.353312   -0.01962 -0.0130602  0.0091685  -0.00160479 -0.000904758  0.000749672   0.0074421 -0.00268557  -0.0095404 1 0 0
             70.7305 0.700024  17.0254  94.3248  6.11772 -3.81708 0.355928 -0.0432997  -0.010155   0.022236  -0.00159072 -0.000909648  0.000743277 0.00683055 -0.0033193 -0.0100212 1 0 0
             70.7305 0.663402  17.0028  94.2943  6.11709 -3.81957 0.356153 -0.0465302 -0.0239089  0.0215659  -0.00156096 -0.000886146  0.000773288  0.00732357 -0.00366667  -0.0097929 1 0 0
             70.8303 0.385836  16.4163  92.5296  6.11486 -3.82215 0.357058 -0.0375796  -0.031324  0.0144416  -0.00157682 -0.000874564  0.000770133   0.0074067 -0.00326497 -0.00955451 1 0 0
             70.8303 0.341188  16.3806   92.538  6.11483 -3.82194 0.356772 -0.0379605 -0.0306161  0.0130819 -0.00152821 -0.00083919 0.000761396  0.00734367 -0.00325014 -0.00951398 1 0 0
             70.9302 0.252879  15.9215  90.6083  6.10482 -3.82456 0.363612 -0.0537333 -0.0286797  0.0207906  -0.00165754 -0.000912017  0.000741916  0.00712882 -0.00422093  -0.0105724 1 0 0
             70.9302 0.11887  15.855 90.5757  6.10528 -3.82425 0.362366 -0.0522063 -0.0283764   0.014752  -0.00152875 -0.000845576  0.000774402  0.00703481 -0.00409306  -0.0103288 1 0 0
               71.03 -0.0820776     15.375    88.8523  6.10307 -3.82238 0.365279  -0.0430507 -0.00917364   0.0121363 -0.00147727 -0.00082806 0.000750845   0.0065926 -0.00348766  -0.0108319 1 0 0
               71.03 -0.0686425    15.4131    88.8618  6.10484 -3.82477 0.364762 -0.0345243  -0.022872 0.00784985  -0.00148841 -0.000863925  0.000741073  0.00720651 -0.00327873  -0.0104376 1 0 0
             71.1298 -0.158895   15.0949   87.3378  6.09205 -3.82667 0.365574 -0.0630684 -0.0213409 0.00434021  -0.00150482 -0.000864987  0.000759768  0.00682524 -0.00448595  -0.0106402 1 0 0
             71.1298 -0.182382   15.1041   87.3647  6.09681 -3.82791 0.365692 -0.0417253 -0.0287276 0.00306657  -0.00147499 -0.000871437  0.000732253  0.00732926 -0.00362999  -0.0104317 1 0 0
             71.2305 -0.0908899    14.8799     86.297  6.08462 -3.83207 0.367395   -0.06998 -0.0307709 0.00242736  -0.00152976 -0.000905317  0.000739327  0.00739752 -0.00472838  -0.0106682 1 0 0
             71.2305 -0.11405  14.8616  86.3471  6.09116 -3.83175 0.367571 -0.0406886 -0.0297518 0.00197115  -0.00149569 -0.000884069  0.000688683  0.00757826 -0.00345065  -0.0105956 1 0 0
             71.3303 0.0408522    14.873   85.8397  6.08175 -3.83144 0.371461  -0.0631325  0.00547765 -0.00188067  -0.00152457 -0.000907956  0.000693599  0.00732734 -0.00411226  -0.0114299 1 0 0
             71.3303 0.00186333    14.8902    85.8827  6.08698  -3.8308 0.370004  -0.0370505  0.00822904 -0.00953089  -0.00147675 -0.000923885   0.00065001  0.00727637 -0.00296491  -0.0110923 1 0 0
             71.4302 0.260151  15.1323  85.8818 6.07554 -3.8353 0.36494  -0.060695 -0.0169948 -0.0347694  -0.00153175 -0.000940876  0.000669981  0.00776361 -0.00420211  -0.0104179 1 0 0
             71.4302 0.197632  15.0957  85.9182  6.08127  -3.8342 0.363981 -0.0330387 -0.0112902  -0.040127   -0.0014624 -0.000902982  0.000632601  0.00758692 -0.00296294  -0.0102195 1 0 0
               71.53 0.534458  15.2412  86.2477  6.07826 -3.83039 0.354722 -0.0201186   0.013331 -0.0594975   -0.0014099 -0.000822926  0.000602222  0.00671686 -0.00288407 -0.00974972 1 0 0
               71.53 0.587296  15.2843  86.2635  6.08274 -3.83107 0.355887 0.00189521  0.0108372 -0.0548668  -0.00146256 -0.000866328   0.00058664  0.00698974 -0.00197449 -0.00988018 1 0 0
             71.6298 0.905147  15.6907  86.6744  6.07848  -3.8279 0.360463  -0.0180102   0.0153799 -0.00776798  -0.00150311 -0.000887296  0.000591586  0.00693322 -0.00255782  -0.0113042 1 0 0
             71.6298 0.859841  15.7088  86.7005 6.08336 -3.8295 0.36018 0.00546636 0.00662289  -0.010722   -0.0014528 -0.000904956  0.000565785  0.00736661 -0.00157936  -0.0110445 1 0 0
             71.7305 0.83994 15.6311 87.0526  6.07783 -3.83186 0.360301 -0.00567896  -0.0202583  0.00814735  -0.00141812 -0.000869031  0.000604184   0.0075749 -0.00254052  -0.0110263 1 0 0
             71.7305 0.869838  15.6358  87.0681  6.08122 -3.83252 0.359915  0.0108653  -0.024158 0.00508172 -0.00144617 -0.00087407 0.000588805  0.00776862 -0.00186166  -0.0108346 1 0 0
             71.8303 0.94244 15.2992  87.499  6.07537 -3.83451   0.3592 -0.0143192 -0.0147966   0.011845  -0.00143885 -0.000816763  0.000614796  0.00762691 -0.00277552  -0.0106004 1 0 0
             71.8303 0.947093  15.3128  87.5274  6.07886 -3.83516 0.358524 0.00196417 -0.0184687 0.00778889  -0.00143611 -0.000833215  0.000586051  0.00780701 -0.00209039  -0.0103683 1 0 0
             71.9301 0.750632  15.0982  88.0162   6.075 -3.8325 0.35962 -0.00780388  0.00693137  0.00977113  -0.00142588 -0.000813754  0.000546408  0.00721081 -0.00253915  -0.0106149 1 0 0
             71.9301 0.756085    15.13  88.0236  6.07868 -3.83316 0.360487 0.00835232 0.00411415  0.0128317  -0.00142994 -0.000847204  0.000538475   0.0074683 -0.00185052  -0.0106938 1 0 0
               72.03 0.711766   15.062  88.4942  6.07238 -3.83317 0.364082 0.00182368 0.00998664 0.00650644  -0.0015006 -0.00087687 0.000539627  0.00758178 -0.00296029  -0.0111287 1 0 0
               72.03 0.62939 15.0386 88.4661  6.07397 -3.83294 0.362933 0.00957477  0.0109446 0.00104653  -0.00142306 -0.000851928  0.000567076  0.00750643 -0.00257976  -0.0109014 1 0 0
             72.1298 0.782958  15.1021  88.9731  6.06841 -3.83079 0.362939 -0.00509647   0.0164386 -0.00467575 -0.00145591 -0.00084598 0.000555972  0.00727863 -0.00362949  -0.0110412 1 0 0
             72.1298 0.736431  15.1292  88.9399  6.07144 -3.83139 0.362394   0.0100004   0.0133829 -0.00849289   -0.0014149 -0.000874122  0.000589509  0.00746491 -0.00297185  -0.0108225 1 0 0
             72.2305 0.935178  15.3218  89.4366  6.05993 -3.82705 0.365351 -0.0291272  0.0301491  0.0110704  -0.00148299 -0.000870604  0.000599666  0.00702653 -0.00483157  -0.0115568 1 0 0
             72.2305 0.900813  15.3366  89.4191  6.06257 -3.82699  0.36404 -0.0154868   0.029729 0.00380656   -0.0014497 -0.000885814  0.000617737  0.0070487 -0.0042254 -0.0112264 1 0 0
             72.3303 0.956404  15.3435  89.8097  6.05918 -3.82541 0.366338 -0.0202513 0.00538549  0.0148768 -0.00141568 -0.00086649 0.000617545  0.00714572 -0.00454141  -0.0114349 1 0 0
             72.3303 0.991715  15.3497  89.7825  6.06214 -3.82552 0.365239 -0.00455914  0.00420859  0.00827889  -0.00145684 -0.000872957  0.000645595  0.00722201 -0.00387933  -0.0111224 1 0 0
             72.4301 1.35875 15.2596 90.2779  6.05992 -3.82332 0.372258 -0.0100118  0.0215851  0.0337346 -0.00146967  -0.0008776 0.000659836  0.00722054 -0.00421475  -0.0121319 1 0 0
             72.4301 1.39819 15.2696 90.3072  6.06289 -3.82385  0.36997 0.00672516  0.0174291  0.0206274  -0.00149996 -0.000889455  0.000631867   0.0073516 -0.00353042  -0.0115056 1 0 0
             72.5299 1.60937 15.1694 90.8025  6.06245 -3.82516 0.371634 -0.00412481  0.00436423   0.0174831  -0.00146338 -0.000880237  0.000647205  0.00778682 -0.00373057   -0.011256 1 0 0
             72.5299 1.59958 15.1609 90.7965  6.06446 -3.82416 0.369434 0.00727754 0.00886314 0.00590228 -0.00145313  -0.0008706 0.000653568  0.00753624 -0.00318951  -0.0108116 1 0 0
             72.6302 1.47533 15.1801 91.3228   6.0573 -3.81842 0.370311 -0.0201804  0.0145465  0.0130089  -0.00145127 -0.000838521  0.000636005  0.00666296 -0.00416248  -0.0111358 1 0 0
             72.6302 1.45352 15.2014 91.2769  6.05989 -3.82043 0.368722 -0.00635294  0.00245315  0.00353132   -0.0014392 -0.000861295  0.000682664  0.00716714 -0.00364924  -0.0105685 1 0 0
               72.73 1.42762 14.6485  91.805  6.05536 -3.81947  0.37213 -0.0259917 0.00554479  0.0140776  -0.00144228 -0.000862419  0.000675106  0.00694771 -0.00419476  -0.0111311 1 0 0
               72.73 1.45212 14.6119 91.8106  6.05844 -3.82102 0.371245  -0.0106156 -0.00385563  0.00827991  -0.00146374 -0.000826945  0.000669078 0.00738404 -0.0036126  -0.010758 1 0 0
             72.8299 1.36181 14.5487 92.1378  6.05478 -3.81965 0.370439 -0.0223971  0.0146348 -0.0051639  -0.00146781 -0.000826309  0.000648876  0.00720819 -0.00391561  -0.0106408 1 0 0
             72.8299 1.34194 14.5724 92.0926   6.0572 -3.82127  0.37005 -0.00925826  0.00519174 -0.00883756  -0.00145674 -0.000851567  0.000694962  0.00768838 -0.00342963  -0.0103535 1 0 0
             72.9305 1.37157 14.7099  92.321  6.05622    -3.82 0.372236  0.00178801  0.00653214 -0.00616759  -0.00147249 -0.000869539  0.000702309  0.00766549 -0.00355853  -0.0109658 1 0 0
             72.9305 1.37927 14.7083 92.3278  6.05879 -3.82066 0.371174   0.016658 0.00193027 -0.0129751  -0.00147622 -0.000869245  0.000696236  0.00791787 -0.00295749  -0.0106045 1 0 0
             73.0303 1.44398 14.8791 92.4935  6.05337 -3.81983  0.37834 -0.00162067  0.00506392   0.0175837  -0.00152641 -0.000910262  0.000709615  0.00781517 -0.00415035  -0.0119883 1 0 0
             73.0303 1.40587 14.8669 92.4906  6.05621 -3.82053 0.376276   0.0139778 -0.00124053  0.00493526  -0.00148597 -0.000898464  0.000713195  0.00807655 -0.00351277  -0.0113585 1 0 0
             73.1302 1.49228 14.9309 92.6163   6.0554 -3.82366 0.378973  0.00521079 -0.00981671   0.0122409  -0.00149721 -0.000914752   0.00071902  0.00849249 -0.00394397  -0.0115362 1 0 0
             73.1302 1.47441 14.9163 92.6173  6.05809 -3.82161 0.375797    0.0198787 -0.000576575  -0.00376893  -0.00147704 -0.000898708  0.000718265  0.00805024 -0.00319248  -0.0109506 1 0 0
               73.23 1.53393 15.0097 92.7247   6.0567 -3.82267 0.380419    0.006164 -0.00839617   0.0163292  -0.00151809 -0.000935855  0.000726256 0.00821295 -0.0037074 -0.0116347 1 0 0
               73.23 1.48404  14.974 92.7292  6.05945 -3.82088 0.376913   0.0207384 -0.00143395 -0.00167247  -0.00146409 -0.000898141  0.000721518  0.00783533 -0.00296475  -0.0109399 1 0 0
             73.3299 1.43887 14.9343 92.8025  6.05246 -3.81936 0.382679 -0.0199927 0.00979631   0.025778  -0.00146309 -0.000914692  0.000739283  0.00747848 -0.00414836  -0.0119226 1 0 0
             73.3299 1.43381 14.9116 92.8029  6.05451 -3.81889 0.378482 -0.00769861  0.00938007   0.0040246  -0.00145622 -0.000891584  0.000738806  0.00733763 -0.00358966  -0.0109833 1 0 0
             73.4305 1.30654 14.8984 92.9774  6.05282 -3.81819 0.380569 -0.0105782  0.0115509 0.00861256   -0.0014192 -0.000888538  0.000743922 0.00743452 -0.0037379 -0.0112022 1 0 0
             73.4305 1.37802 14.9002 93.0122  6.05687 -3.81694 0.376842  0.0109188  0.0159512 -0.0107344  -0.00147996 -0.000890928  0.000710518  0.00722368 -0.00276585  -0.0104074 1 0 0
             73.5303 1.40244  14.891  93.197  6.05293 -3.81606 0.378108 -0.00400018   0.0129631 -0.00495307  -0.00146375 -0.000885073  0.000713555  0.00721039 -0.00356161     -0.0108 1 0 0
             73.5303 1.43173  14.897 93.1918  6.05544  -3.8161 0.375935 0.00914335  0.0106091 -0.0170142  -0.00149349 -0.000891543  0.000719371  0.00729273 -0.00301686  -0.0102421 1 0 0
             73.6302   1.658 14.8085 93.4491  6.05764 -3.81279  0.37493  0.0108221   0.015829 -0.0141345   -0.0014986 -0.000878559  0.000719125  0.00696431 -0.00279562  -0.0105173 1 0 0
             73.6302 1.65645 14.7837 93.4773  6.05945 -3.81383 0.373345  0.0212458 0.00867408 -0.0232868  -0.00149181 -0.000853079  0.000690919  0.00725291 -0.00240541  -0.0100231 1 0 0
               73.73 1.76484 14.7241 93.7579  6.06066 -3.81132  0.37492  0.0167299  0.0229216 -0.0111816  -0.00148714 -0.000859472  0.000698531 0.00715075 -0.0025008 -0.0106669 1 0 0
               73.73 1.76028  14.721 93.7727  6.06183 -3.81264 0.373911  0.0238749  0.0140602 -0.0181106  -0.00148376 -0.000849617  0.000683355  0.00750067 -0.00228232  -0.0102666 1 0 0
             73.8299 1.78312 14.6964 93.9871  6.05738 -3.80968 0.376978  -0.0052963   0.0258685 -0.00932606   -0.0014911 -0.000864713  0.000714442  0.00720902 -0.00328862  -0.0112156 1 0 0
             73.8299 1.71095 14.6817  93.988  6.05908 -3.81167 0.375451 0.00440668  0.0125853 -0.0201766  -0.00142991 -0.000838147  0.000710935  0.00770271 -0.00299424  -0.0106208 1 0 0
             73.9305  1.7978 14.9816 94.2788  6.05322 -3.80831 0.379307 -0.0222157  0.0311831 -0.0136129  -0.00145999 -0.000889239  0.000736283  0.00747702 -0.00389416  -0.0117693 1 0 0
             73.9305 1.80181 14.9918 94.3124    6.055 -3.81007 0.377217 -0.0114124  0.0189149 -0.0274995  -0.00146516 -0.000888207  0.000703589  0.00790503 -0.00357226  -0.0110703 1 0 0
             74.0303 1.89045 15.6439 94.6591  6.04778 -3.80641 0.375051 -0.0346986  0.0362492 -0.0316853  -0.00147451 -0.000901201   0.00072961  0.00762581 -0.00439714  -0.0113478 1 0 0
             74.0303 1.86238 15.6584 94.6611  6.04919 -3.80857 0.372161 -0.0259636  0.0217193 -0.0482983  -0.00145528 -0.000901107  0.000726015  0.00808131 -0.00417179  -0.0105264 1 0 0
             74.1302 1.93348 16.2928 95.1425  6.04443 -3.80572 0.373428 -0.0315914  0.0151799 -0.0231782  -0.00145861 -0.000914927  0.000707018   0.0079939 -0.00450721   -0.011425 1 0 0
             74.1302 1.96209 16.3068 95.1363  6.04709 -3.80706 0.370809 -0.0171921 0.00577311 -0.0379496  -0.00150029 -0.000919065  0.000710402  0.00832744 -0.00402795  -0.0107257 1 0 0
               74.23 2.02543 16.7037 95.7669  6.04098 -3.80682 0.368115 -0.0243429 0.00517794 -0.0290695   -0.0015014 -0.000896507  0.000716297   0.0082213 -0.00465347  -0.0108586 1 0 0
               74.23 2.02121 16.6915 95.7658  6.04315 -3.80662 0.365813 -0.0122792 0.00371141  -0.042111  -0.00150858 -0.000883463  0.000714493  0.00824447 -0.00417478  -0.0103186 1 0 0
             74.3299 1.98463 17.0882 96.4647  6.03953 -3.80446 0.366685 -0.0159707  0.0163792 -0.0223869   -0.0014635 -0.000904089  0.000770303  0.00805822 -0.00448832  -0.0111227 1 0 0
             74.3299  2.0563 17.0773 96.5217  6.04128 -3.80455 0.364608 -0.00481015   0.0133712  -0.0346584   -0.0015254 -0.000893126  0.000715643   0.0081356 -0.00408633  -0.0105912 1 0 0
             74.4305 1.78904 17.4689 97.1179  6.04136 -3.80429 0.359219  0.0109514 0.00656832 -0.0396307  -0.00149641 -0.000862872  0.000704185 0.00816022 -0.0040981 -0.0102416 1 0 0
             74.4305 1.82093   17.47 97.1027  6.04265 -3.80415 0.357636  0.0183749  0.0060777 -0.0485374  -0.00153709 -0.000862784   0.00071634  0.00814775 -0.00380684 -0.00987547 1 0 0
             74.5303 1.77161 17.9744 97.8212  6.05531  -3.8014 0.354888  0.0667129  0.0253974 -0.0444338  -0.00150245 -0.000854696  0.000691103  0.00842347 -0.00246419  -0.0101577 1 0 0
             74.5303 1.84855 17.9929 97.8542  6.05527 -3.80072 0.354316  0.0671033  0.0289418 -0.0471571  -0.00156579 -0.000876482  0.000662363  0.00826136 -0.00242363  -0.0100974 1 0 0
             74.6302 1.85092 18.4503   98.59  6.05783 -3.79638 0.352688  0.0651406  0.0215713 -0.0296855  -0.00154601 -0.000865206  0.000691524  0.00784637 -0.00301867  -0.0107066 1 0 0
             74.6302 1.87109 18.4641 98.6145   6.0579 -3.79702 0.352541  0.0657551   0.017948 -0.0310043  -0.00155797 -0.000875725  0.000669795  0.00797271 -0.00304653  -0.0106034 1 0 0
               74.73 1.91035 18.8266 99.3931  6.07165 -3.79164 0.356481    0.105713    0.021413 -0.00551041  -0.00152352 -0.000885852  0.000627214  0.00796038 -0.00204636  -0.0117569 1 0 0
               74.73   1.993 18.8491 99.3915  6.07104 -3.79225 0.355466   0.102968  0.0171134 -0.0116109  -0.00159959 -0.000903873  0.000630411  0.00799433 -0.00222657  -0.0114668 1 0 0
             74.8299 1.91924  19.156 100.097  6.08734 -3.79294 0.353219    0.138575 -0.00134006  -0.0161772  -0.00159015 -0.000848961  0.000615503  0.00850101 -0.00151521  -0.0110816 1 0 0
             74.8299 1.92955 19.1842 100.116  6.08559 -3.79296 0.352274    0.128394 -0.00236068  -0.0212585  -0.00158576 -0.000876591   0.00060155   0.0083262 -0.00192145  -0.0108964 1 0 0
             74.9305 1.95616 19.3577 100.792   6.0959 -3.79336 0.355584    0.131334  0.00520587 -0.00202908  -0.00157616 -0.000869374   0.00059257   0.0083731 -0.00252579  -0.0117958 1 0 0
             74.9305  1.9712 19.3811  100.79  6.09423 -3.79373 0.354271     0.12138  0.00154903 -0.00971051  -0.00158283 -0.000889028  0.000598431  0.00824676 -0.00295956  -0.0114725 1 0 0
             75.0303 2.01363 19.7344 101.446  6.10297 -3.79536 0.357534   0.111967 0.00239148 0.00926734  -0.00154866 -0.000871776  0.000612976  0.00852761 -0.00370629  -0.0120132 1 0 0
             75.0303 2.04551 19.7626 101.449  6.10084 -3.79399 0.354875    0.099341  0.00798317 -0.00502647  -0.00156811 -0.000904801  0.000614403  0.00791607 -0.00409152  -0.0115913 1 0 0
             75.1302 2.18599  19.871 102.208  6.10518  -3.7947 0.352762  0.0721361 0.00180191 -0.0050957  -0.00159367 -0.000882338  0.000608178  0.00769687 -0.00501602  -0.0113065 1 0 0
             75.1302 2.13889 19.8707 102.165  6.10401 -3.79501  0.35201   0.0648261 -0.00095954 -0.00938992 -0.00155642 -0.00087896 0.000648333  0.00761425 -0.00531988  -0.0111265 1 0 0
               75.23 2.09208 19.9708 102.966   6.1105 -3.79432 0.351441   0.0697787 -0.00473508  -0.0127661  -0.00150851 -0.000872167  0.000624649  0.00749104 -0.00522638  -0.0112828 1 0 0
               75.23 2.13923 19.9681 102.939  6.10979 -3.79405 0.350611   0.0658613 -0.00385347  -0.0173496  -0.00155946 -0.000870293  0.000650248  0.00731872 -0.00536663  -0.0111381 1 0 0
             75.3299 2.41952 20.0252 103.859   6.1224 -3.79361 0.349016  0.0961114 0.00110637 -0.0205576  -0.00154938 -0.000852844  0.000608212  0.00761636 -0.00447609  -0.0110958 1 0 0
             75.3299 2.46899 20.0439 103.823  6.12178  -3.7937 0.349108   0.0922673 0.000938878  -0.0197496 -0.00161088 -0.00087125 0.000645214  0.00757113 -0.00464624  -0.0111379 1 0 0
             75.4305 2.83911 20.0495 104.838  6.12587 -3.79502 0.348109   0.0799786 -0.00118854  -0.0135827 -0.00158748 -0.00085269 0.000628367  0.00743576 -0.00558461  -0.0112917 1 0 0
             75.4305  2.8557  20.045 104.802  6.12486 -3.79487  0.34807   0.0740498 -0.00028688  -0.0130475  -0.00161266 -0.000847782  0.000662654    0.007299 -0.00580981  -0.0113565 1 0 0
             75.5303 3.21815 19.9032 105.697  6.13726 -3.79646 0.353379     0.10268 -0.00549149   0.0145825  -0.00155744 -0.000851388  0.000645361  0.00802299 -0.00530048    -0.01221 1 0 0
             75.5303  3.2955  19.899 105.665   6.1358 -3.79532 0.352068   0.0950249 5.44014e-05  0.00820116  -0.00164004 -0.000850427  0.000675904   0.0075603 -0.00550499   -0.012085 1 0 0
             75.6302 3.56085 19.5578 106.421  6.14679 -3.79865  0.34801    0.11311  -0.010808 -0.0134823 -0.00153933 -0.00075871 0.000706473  0.00780633 -0.00556662  -0.0110407 1 0 0
             75.6302 3.66018 19.6007 106.433  6.14606  -3.7978 0.347986    0.108937 -0.00534626   -0.012565  -0.00163068 -0.000806084  0.000699102  0.00754731 -0.00565819  -0.0111789 1 0 0
               75.73 3.87116 19.5692 107.043  6.15577 -3.79755  0.35071    0.127462   0.0113641 -0.00736771  -0.00162346 -0.000810759  0.000702847  0.00756804 -0.00605505  -0.0119411 1 0 0
               75.73 3.84873 19.6005  106.98  6.15544 -3.79727 0.350372  0.125387 0.0127971 -0.009111  -0.00162141 -0.000839083  0.000764491  0.00745511 -0.00609642  -0.0119009 1 0 0
             75.8299 4.02414  19.443 107.515  6.17453 -3.79612 0.348793    0.178684   0.0104469 -0.00950251  -0.00158499 -0.000791453  0.000734646  0.00779847 -0.00538962  -0.0116912 1 0 0
             75.8299  4.0673 19.4738 107.511  6.17396  -3.7946 0.348053   0.175518  0.0188301 -0.0125444  -0.0016281  -0.0008273 0.000740745  0.00738622 -0.00534248  -0.0117174 1 0 0
             75.9305  4.0303 18.8111 107.901  6.19526 -3.79148 0.349509   0.217823  0.0334596 0.00889922  -0.00163838 -0.000814958  0.000727812  0.00743965 -0.00505548  -0.0121279 1 0 0
             75.9305 3.98755 18.7826 107.862  6.19516 -3.79191 0.349325  0.217026 0.0304838 0.0074369   -0.0016086 -0.000782754  0.000762608  0.00749874 -0.00512904   -0.012028 1 0 0
             76.0304 3.81777 18.4552 108.556  6.22166 -3.78833 0.354597  0.243004 0.0349089 0.0071765   -0.0015225 -0.000765781  0.000731408  0.00812579 -0.00450585  -0.0127519 1 0 0
             76.0304 3.89925  18.517 108.561  6.22042  -3.7872 0.353123     0.236054    0.0403436 -0.000464037  -0.00159733 -0.000831548  0.000732351  0.00767115 -0.00465177  -0.0125549 1 0 0
             76.1302 3.44733 18.1004 108.855  6.24873 -3.78205 0.353938   0.254741  0.0510679 -0.0135276  -0.00160356 -0.000820397  0.000714531  0.00798961 -0.00390169  -0.0128471 1 0 0
             76.1302 3.39873 18.1136 108.825   6.2473 -3.78124 0.352229   0.245572  0.0537397 -0.0232293  -0.00156006 -0.000834806  0.000745735 0.00754809 -0.0041403 -0.0125397 1 0 0
               76.23 2.93393 18.1961 109.066  6.27253 -3.77816 0.351331   0.248778   0.066952 -0.0314155  -0.00156852 -0.000827063  0.000706782  0.0081861 -0.0043463 -0.0125733 1 0 0
               76.23 2.94942 18.2465 109.051  6.27138 -3.77775  0.34934   0.241617  0.0676493 -0.0438356  -0.00158439 -0.000877983  0.000724494  0.00782921 -0.00456721  -0.0121149 1 0 0
             76.3299 3.12601 18.2606 109.158   6.2912 -3.77221 0.348805   0.193322  0.0872348 -0.0156798  -0.00155878 -0.000863388  0.000720001   0.0079605 -0.00537635  -0.0125899 1 0 0
             76.3299 3.17916 18.2705 109.138   6.2897 -3.77047 0.346509   0.184727  0.0955425 -0.0284035  -0.00161478 -0.000879105  0.000741385  0.00727763 -0.00548792  -0.0122415 1 0 0
             76.4305  3.1288 18.3241 109.244  6.31203 -3.75842 0.342343   0.194383   0.141164 -0.0480832  -0.00160145 -0.000851698  0.000726099  0.00758311 -0.00467833  -0.0120131 1 0 0
             76.4305  3.1355 18.3527 109.238   6.3107 -3.75837  0.34106   0.186229   0.139805 -0.0559377  -0.00160458 -0.000880328  0.000734696  0.00733583 -0.00499893  -0.0117137 1 0 0
             76.5304 3.77125 18.5386 109.324  6.32431 -3.74303 0.342456   0.149519   0.194781 -0.0325354  -0.00157465 -0.000875182  0.000724678 0.00740777 -0.0057727 -0.0129546 1 0 0
             76.5304 3.85905 18.5732 109.312  6.32309 -3.74232 0.340379  0.143152  0.196924 -0.044596  -0.00166106 -0.000911478  0.000739737  0.00701098 -0.00595441  -0.0125312 1 0 0
             76.6302 3.96587  19.216 108.906   6.3439 -3.71819 0.337574   0.180486   0.241374 -0.0285885 -0.00165075  -0.0008899 0.000692431   0.0073056 -0.00468736  -0.0127223 1 0 0
             76.6302  3.9373 19.2564 108.861  6.34255  -3.7184 0.335387   0.172641   0.237989 -0.0410661  -0.00163173 -0.000927185  0.000738259  0.00707146 -0.00500664  -0.0122074 1 0 0
               76.73 3.60698 19.1444 108.013  6.36632 -3.69175 0.328912   0.229566   0.282178 -0.0439143  -0.00157819 -0.000869846  0.000726009  0.00722336 -0.00417948  -0.0117525 1 0 0
               76.73 3.62024 19.1238 107.977  6.36396 -3.69323  0.32814   0.216185   0.272846 -0.0487838  -0.00159302 -0.000845228  0.000760961  0.00716235 -0.00487443  -0.0114769 1 0 0
             76.8299 3.55189 18.8747 107.633  6.38314 -3.66432 0.325044   0.213502   0.309399 -0.0284995  -0.00158656 -0.000839833  0.000749724 0.00700467 -0.0054483 -0.0117408 1 0 0
             76.8299 3.54552  18.855 107.641  6.38193 -3.66573 0.324813   0.206489   0.300932 -0.0303503    -0.001572 -0.000817698  0.000742771  0.00711102 -0.00589022  -0.0115664 1 0 0
             76.9305 3.36989 18.9129 107.835  6.40314 -3.63363 0.326894    0.221366    0.337544 -0.00883007  -0.00155467 -0.000818207   0.00074544  0.00736327 -0.00611302  -0.0123189 1 0 0
             76.9305 3.35254 18.9448 107.857  6.40213 -3.63472 0.326211   0.215461   0.330843 -0.0133493  -0.00152575 -0.000847897  0.000727348  0.00741371 -0.00646285  -0.0120534 1 0 0
             77.0303  2.7492 18.4933 107.697  6.42651 -3.60363 0.334178 0.228082 0.301434  0.03096  -0.00157239 -0.000863213  0.000718144   0.0080409 -0.00617805  -0.0132445 1 0 0
             77.0303 2.69317 18.4733 107.669   6.4249 -3.60375 0.332116  0.219104  0.297842 0.0176829   -0.0015206 -0.000841749  0.000744605  0.00776991 -0.00652974  -0.0127016 1 0 0
             77.1302 2.25498  18.192 108.127  6.44136 -3.57442 0.332566  0.184466  0.316938 0.0171209  -0.00143698 -0.000781115  0.000775065  0.00762357 -0.00738056  -0.0124752 1 0 0
             77.1302  2.3631 18.2789 108.202  6.44047 -3.57403  0.33045    0.18054   0.318362 0.00577368  -0.00152137 -0.000874343  0.000707586  0.00733514 -0.00750333   -0.012054 1 0 0
               77.23   2.358 19.0526 108.528  6.45782  -3.5416 0.326287   0.169103   0.262465 0.00616114  -0.00146051 -0.000837111  0.000721113  0.00663622 -0.00723274  -0.0114888 1 0 0
               77.23 2.45726 19.1226  108.51  6.45842 -3.54325 0.326373   0.173002   0.253742 0.00538395  -0.00156742 -0.000902518  0.000740671  0.00704109 -0.00730992  -0.0112966 1 0 0
             77.3299 2.32439 18.9139 108.572  6.48431 -3.51742 0.331235  0.205289  0.224693 0.0246039 -0.00147231 -0.00086009 0.000760765  0.00744821 -0.00566648  -0.0118772 1 0 0
             77.3299 2.46499  18.889 108.628  6.48468  -3.5197 0.331387  0.208227  0.211304 0.0228947  -0.00159576 -0.000830538  0.000705651  0.00795655 -0.00589574  -0.0115936 1 0 0
             77.4305 3.01739 18.7785 108.575  6.50621  -3.4988 0.334246  0.205041  0.177573 0.0197617   -0.0014916 -0.000786796  0.000712428  0.00776471 -0.00558448  -0.0118071 1 0 0
             77.4305  3.1587 18.8127 108.589  6.50609 -3.50073  0.33446  0.204568  0.166627 0.0191881  -0.00162713 -0.000817498  0.000700895  0.00814502 -0.00589984  -0.0116164 1 0 0
             77.5303 3.55298 18.8336 108.315  6.51904 -3.48348 0.336909  0.182927  0.168364 0.0131192  -0.00161546 -0.000797323  0.000701088  0.00741975 -0.00694588  -0.0121206 1 0 0
             77.5303 3.53612 18.8599 108.262  6.51908  -3.4855 0.337448   0.18277  0.157404 0.0145936  -0.00161424 -0.000816889  0.000753235  0.00784669 -0.00720085  -0.0120132 1 0 0
             77.6302 3.70905 18.7891 108.403  6.54217 -3.46587 0.339663   0.199693    0.17472 0.00786055  -0.00154057 -0.000810456  0.000740878  0.00782559 -0.00615042  -0.0123783 1 0 0
             77.6302  3.7832 18.7903 108.444  6.54204 -3.46713 0.339777  0.199339  0.167725 0.0074185  -0.00160107 -0.000811915  0.000702479  0.00805966 -0.00634314  -0.0122553 1 0 0
               77.73 3.70532 19.1141 108.659  6.56115 -3.44865 0.340776  0.218317  0.187706 0.0019194    -0.001537 -0.000796297  0.000697826  0.0078779 -0.0065766 -0.0125163 1 0 0
               77.73 3.76449 19.1827 108.672  6.56107 -3.45036 0.341153   0.217904   0.178357 0.00257119 -0.00159134 -0.00086319 0.000691255  0.00823656 -0.00682672  -0.0123917 1 0 0
             77.8299 3.44875 19.0344 109.205  6.58369 -3.43342 0.343517  0.261242  0.177734 0.0156949  -0.00153531 -0.000846642  0.000716241  0.00822099 -0.00711251  -0.0126823 1 0 0
             77.8299 3.45415  19.009 109.207  6.58318 -3.43377 0.343142  0.258187  0.174969 0.0131178  -0.00153887 -0.000820413  0.000712785  0.00820353 -0.00728163  -0.0125495 1 0 0
             77.9305 3.32998 18.9728 110.303  6.60824 -3.41344 0.343769   0.28049   0.17961 0.0195093  -0.00146104 -0.000796698  0.000705383  0.00764367 -0.00750352   -0.012607 1 0 0
             77.9305 3.44459  19.011 110.321  6.60797 -3.41403  0.34354  0.279585  0.176205 0.0174538 -0.00156946 -0.00083588 0.000692214  0.00771915 -0.00764866  -0.0124676 1 0 0
             78.0303 2.90871 18.3754 111.308  6.63286 -3.39646 0.347098  0.294582   0.18213 0.0241937  -0.00138748 -0.000782865  0.000754722  0.00735797 -0.00832608  -0.0129483 1 0 0
             78.0303  3.1096 18.3992 111.355  6.63442 -3.39824 0.347375  0.305032  0.172334 0.0233182  -0.00157679 -0.000805976  0.000709137  0.00793204 -0.00821947  -0.0127103 1 0 0
             78.1302 2.81729 18.3803 112.791  6.66546 -3.37997 0.359128  0.325426  0.202045 0.0545286  -0.00150278 -0.000821562  0.000712432  0.00835471 -0.00847365  -0.0143556 1 0 0
             78.1302 2.86589 18.4676 112.748   6.6671 -3.38056 0.357239  0.335844  0.197892 0.0413188  -0.00156481 -0.000895564  0.000752374  0.00856816 -0.00816578  -0.0136965 1 0 0
               78.23  2.5613   18.51 113.943  6.70544  -3.3581 0.359969  0.347844  0.187486 0.0382233   -0.0014926 -0.000883464  0.000716181    0.008424 -0.00718061  -0.0135628 1 0 0
               78.23 2.64401 18.5251 113.905  6.70586 -3.35849 0.357316  0.352693  0.183784 0.0201144  -0.00159292 -0.000893151  0.000752784  0.00839865 -0.00707769  -0.0127785 1 0 0
             78.3298 2.09229 18.6096 114.937  6.74032 -3.34471 0.359471  0.323041  0.146889 0.0218931  -0.00155055 -0.000853397  0.000774967  0.00885725 -0.00727974  -0.0125589 1 0 0
             78.3298 2.15609 18.6441 114.961  6.74089 -3.34423 0.356953   0.328202    0.14846 0.00707929  -0.00161147 -0.000890126  0.000751819  0.00872115 -0.00703975   -0.011959 1 0 0
             78.4305 1.02802 18.9039 115.315  6.77122 -3.32933 0.364858  0.270921   0.13629 0.0283555  -0.00153668 -0.000885164   0.00076235  0.00888833 -0.00693298  -0.0131331 1 0 0
             78.4305 1.05329 18.9459 115.261  6.77109 -3.32796 0.362119 0.271602   0.1418 0.011611  -0.00158001 -0.000929232    0.0008144  0.00848477 -0.00673897   -0.012518 1 0 0
             78.5303 0.35048 19.2606 115.762  6.80308 -3.31544  0.35901   0.264039   0.115013 -0.0197071  -0.00159958 -0.000895676  0.000758628  0.00902543 -0.00594927  -0.0116831 1 0 0
             78.5303 0.345577  19.2789  115.772  6.80096 -3.31261 0.356671   0.251558   0.129852 -0.0318726  -0.00158885 -0.000922334   0.00075109  0.00800604 -0.00596272  -0.0114932 1 0 0
             78.6301 0.294413  19.4951  116.381  6.81804 -3.29593 0.355021   0.181603   0.119704 -0.0276567   -0.0015071 -0.000885124  0.000824219  0.00692536 -0.00630828  -0.0124217 1 0 0
             78.6301 0.453139  19.5259  116.468  6.81811  -3.2961 0.354491    0.18303   0.118829 -0.0309803 -0.00163803 -0.00091703 0.000741021   0.0069386 -0.00633564  -0.0122572 1 0 0
               78.73 0.573462  19.5845  116.428  6.83005 -3.28249 0.356491    0.122439    0.113945 -0.00946361  -0.00157537 -0.000903636  0.000805508  0.00640648 -0.00659391  -0.0133661 1 0 0
               78.73 0.693215  19.5997  116.456  6.83122 -3.28404 0.356134   0.130279   0.104717 -0.0139784  -0.00168795 -0.000914776  0.000778093  0.00685576 -0.00662966  -0.0129767 1 0 0
             78.8298 0.905885  19.8344  116.336  6.83395 -3.27396  0.35812  0.0507166  0.0985797 0.00100412  -0.00161543 -0.000898924  0.000816513  0.00635894 -0.00765164  -0.0138462 1 0 0
             78.8298 1.01245 19.8848 116.328  6.83684 -3.27772 0.358672  0.0687494  0.0771251 -0.0012586  -0.00173552 -0.000947715  0.000824779  0.00755851 -0.00769755  -0.0132592 1 0 0
             78.9305 1.10228 19.8084 115.897  6.84399 -3.27176 0.357423   0.0489493   0.0597469 -0.00897009  -0.00167328 -0.000903693  0.000847992  0.00787269 -0.00763716  -0.0129455 1 0 0
             78.9305 1.14441 19.8032  115.91  6.84554 -3.27269 0.356283  0.0595873  0.0531996 -0.0175585   -0.0017123 -0.000897143  0.000835318  0.00825769 -0.00745275  -0.0123702 1 0 0
             79.0303 0.930292   19.711    115.1  6.84808 -3.26862 0.355505 0.0310441  0.046225 -0.016051  -0.00164752 -0.000863967   0.00086437 0.00818195 -0.0078743 -0.0125965 1 0 0
             79.0303 0.960548  19.7304  115.113  6.84969 -3.26938 0.355125  0.0406886  0.0412748 -0.0205723  -0.00167413 -0.000882357  0.000850759  0.00855859 -0.00767693   -0.012231 1 0 0
             79.1302 1.17238 19.6908 114.563  6.85576 -3.26012 0.356002  0.0288151  0.0666834 -0.0059573   -0.0016013 -0.000857265  0.000836273  0.00839787 -0.00672804  -0.0129746 1 0 0
             79.1302 1.28169  19.715 114.589   6.8566 -3.26023 0.355018 0.0354198 0.0650373   -0.0137  -0.00170515 -0.000881011  0.000812059  0.00850897 -0.00656525  -0.0125642 1 0 0
               79.23 1.43174 19.5289 114.027  6.86576 -3.25399 0.354969   0.0323485   0.0438078 -0.00137508  -0.00154422 -0.000837452  0.000839466   0.0091977 -0.00545849  -0.0123569 1 0 0
               79.23 1.58326 19.5455 114.073  6.86509 -3.25291  0.35354    0.030022   0.0488634 -0.00941591  -0.00168437 -0.000855701  0.000794607  0.00881922 -0.00544061    -0.01212 1 0 0
             79.3298 1.66293 19.0921  113.44  6.86085 -3.24996  0.35991 -0.011805 0.0417801 0.0206699  -0.00162955 -0.000853293  0.000830124  0.00862636 -0.00649225  -0.0135998 1 0 0
             79.3298 1.72932 19.0867 113.471  6.85991 -3.24885 0.357876 -0.0156382  0.0463447 0.00931245  -0.00168749 -0.000848902  0.000799515  0.00817126 -0.00650799  -0.0132347 1 0 0
             79.4304 1.90307 18.8196 113.232  6.85062 -3.24942 0.363383 -0.0498416  0.0374085  0.0177337   -0.0016175 -0.000859221  0.000817576  0.00839896 -0.00809894  -0.0139825 1 0 0
             79.4304 1.96564 18.8346 113.277  6.85041 -3.24786 0.360764 -0.0487966  0.0445264 0.00206716  -0.00166689 -0.000875866  0.000774548  0.00792552 -0.00785704  -0.0134302 1 0 0
             79.5303 2.16766 18.8577 113.035  6.84063 -3.24971 0.364376 -0.058972 0.0240745 0.0112171  -0.00164115 -0.000881694   0.00083811  0.00834253 -0.00927656  -0.0138684 1 0 0
             79.5303 2.21814 18.8829 113.072  6.84082 -3.24727 0.361809  -0.0556923   0.0367735 -0.00482963  -0.00168156 -0.000909078  0.000801792  0.00773731 -0.00880113   -0.013362 1 0 0
             79.6301 2.48482 18.6941 113.082  6.83427 -3.24483 0.364873  -0.0239247   0.0412212 -0.00208974  -0.00170091 -0.000904849  0.000815427  0.00782494 -0.00948518  -0.0141538 1 0 0
             79.6301   2.465 18.6804 113.089  6.83571 -3.24328 0.362148 -0.0131444  0.0468962  -0.020456  -0.00168001 -0.000890377  0.000807496  0.00761367 -0.00888636  -0.0133993 1 0 0
               79.73 2.57941 18.8095 113.016  6.8381 -3.2388 0.36028  0.0372241  0.0614313 -0.0283445  -0.00161566 -0.000882235  0.000862473 0.00794448 -0.0087709 -0.0134083 1 0 0
               79.73 2.67998 18.8351 113.086   6.8401  -3.2376 0.357946  0.0514576  0.0657149 -0.0448645 -0.00169778  -0.0009108 0.000795152  0.00790425 -0.00812476  -0.0126863 1 0 0
             79.8298 3.18026 19.0867  113.55  6.84034 -3.23574  0.35504   0.078643  0.0497101 -0.0341241   -0.0016319 -0.000889918   0.00084046  0.00777304 -0.00960184    -0.01288 1 0 0
             79.8298 3.27003 19.0909   113.6  6.84185 -3.23341 0.352673  0.0903823  0.0609727 -0.0486515  -0.00170898 -0.000897328  0.000791413 0.00744739 -0.0088678 -0.0123655 1 0 0
             79.9305 3.77228 19.3098 114.054  6.84768  -3.2294 0.348938   0.115783  0.0558107 -0.0350996  -0.00169043 -0.000870674  0.000830255  0.00721658 -0.00989887  -0.0125033 1 0 0
             79.9305 3.82542  19.307 114.077  6.85062 -3.22776 0.347909   0.134278  0.0636278 -0.0423348  -0.00173843 -0.000869119   0.00080775  0.00729838 -0.00900516  -0.0122034 1 0 0
             80.0303 3.76892 19.1363 114.614  6.85877 -3.22574 0.345343    0.149885   0.0432358 -0.00593621  -0.00166951 -0.000835123  0.000897994 0.00708379 -0.0103947 -0.0122164 1 0 0
             80.0303 3.83424 19.1185 114.657  6.86209 -3.22518 0.345546    0.170301    0.046459 -0.00691139 -0.00172458 -0.00081952  0.00085503  0.00747267 -0.00957578  -0.0121064 1 0 0
             80.1302  3.2673 18.7618 115.468  6.88514 -3.21556 0.349327  0.213494 0.0827386 0.0122094  -0.0016544 -0.00081042 0.000832264  0.00758098 -0.00857911  -0.0128601 1 0 0
             80.1302 3.30681 18.7678 115.513  6.88977 -3.21597 0.349646  0.240485 0.0808289 0.0107772  -0.00168276 -0.000818287    0.0007871  0.00832641 -0.00765908   -0.012614 1 0 0
               80.23 2.94284 19.0535 116.699  6.91858 -3.20861  0.35685  0.280637  0.062585 0.0321477 -0.00165912 -0.00085188 0.000823094  0.00897846 -0.00734665  -0.0135393 1 0 0
               80.23 2.93251 19.0687 116.722  6.92206 -3.20697 0.356202  0.299808 0.0701672 0.0268628   -0.0016433 -0.000869211  0.000801221  0.00915171 -0.00643314   -0.013317 1 0 0
             80.3299 2.64417  18.451  118.02  6.96052 -3.19037 0.359064  0.328283  0.108611 0.0241299  -0.00158806 -0.000837243  0.000782451   0.0087281 -0.00453402  -0.0138169 1 0 0
             80.3299 2.70863 18.4407 118.056  6.96197  -3.1916 0.358307  0.337688  0.100697 0.0171697  -0.00164323 -0.000828135  0.000745305   0.0091362 -0.00441672  -0.0133491 1 0 0
             80.4301  2.5543 18.3234 119.366  6.98474 -3.18705  0.36764  0.286129 0.0922433 0.0392775 -0.00153888 -0.00084358 0.000822934   0.0092641 -0.00648843  -0.0146316 1 0 0
             80.4301 2.71772  18.356 119.432  6.98573 -3.18623 0.365079  0.293517 0.0949212 0.0228453  -0.00168519 -0.000881736  0.000760225  0.00913065 -0.00616376  -0.0139281 1 0 0
               80.53 2.66022 18.1323 120.574  7.01378 -3.17886 0.364075  0.277034 0.0904628 0.0047907  -0.00164326 -0.000849973  0.000773149  0.00919055 -0.00644776  -0.0133394 1 0 0
               80.53 2.69994 18.1309 120.602  7.01326 -3.17856 0.362525    0.275449    0.090969 -0.00542801 -0.00167531 -0.00085026 0.000745299  0.00897113 -0.00648021  -0.0129319 1 0 0
             80.6298 2.41547  18.096 121.659   7.0357 -3.17234 0.365838  0.233742 0.0740518 0.0105512  -0.00157957 -0.000853878   0.00076104 0.00903269 -0.0073098 -0.0135828 1 0 0
             80.6298 2.48103 18.0966 121.651   7.0347 -3.17157 0.364071    0.229632   0.0775903 0.000111362  -0.00165341 -0.000855056  0.000769272 0.00863199 -0.0073392 -0.0132229 1 0 0
             80.7305 2.33653 18.1121 122.257  7.04863 -3.16298 0.367851  0.167798 0.0960079 0.0157913  -0.00165779 -0.000853874   0.00076041  0.00799763 -0.00841738  -0.0141994 1 0 0
             80.7305  2.3381 18.1323 122.211  7.04844 -3.16327 0.366315   0.167377  0.0932819 0.00542878 -0.00167381 -0.00087282 0.000805444  0.00792463 -0.00850204  -0.0137206 1 0 0
             80.8303 2.20917 18.2211 122.669  7.05548 -3.15575 0.371272 0.0984174 0.0833803 0.0295713  -0.00160396 -0.000862236  0.000821937  0.00738652 -0.00968952  -0.0146542 1 0 0
             80.8303 2.27266 18.2386 122.651  7.05634 -3.15649 0.369578  0.105172 0.0779095 0.0163864 -0.00167465 -0.00088095 0.000840012  0.00758506 -0.00964044  -0.0139593 1 0 0
             80.9302 2.51228 18.1074 123.144  7.06535 -3.14953 0.371299 0.0761468 0.0713278 0.0184843  -0.00163091 -0.000865866  0.000839392  0.00766249 -0.00972608  -0.0138959 1 0 0
             80.9302 2.61684 18.1058 123.148  7.06662 -3.15074  0.36998  0.0855053  0.0633532 0.00738693 -0.00173697 -0.00086652  0.00083538  0.00804416 -0.00969669    -0.01324 1 0 0
               81.03 3.08496 17.8006 123.301  7.06908 -3.14249 0.374141 0.0299508 0.0804284 0.0142091  -0.00165771 -0.000839688  0.000864979 0.00752914   -0.01004 -0.0142388 1 0 0
               81.03 3.18606 17.8248 123.264  7.07014 -3.14399 0.373215  0.0375927  0.0709407 0.00595325  -0.00177362 -0.000865098  0.000902639 0.00795242 -0.0101332 -0.0136982 1 0 0
             81.1298  3.6596 17.6108 123.257  7.07738 -3.12817  0.37622 0.0205399 0.0989621 0.0119358 -0.00168493 -0.00085773 0.000844104  0.00772167 -0.00832229  -0.0144756 1 0 0
             81.1298 3.73301 17.6127 123.236  7.07871 -3.13001 0.374961    0.030233   0.0871884 0.000784653 -0.00176694 -0.00086142 0.000865715  0.00823786 -0.00839781  -0.0137699 1 0 0
             81.2305 3.91784  17.659 122.934  7.08146 -3.11886 0.378855   0.0302262    0.116975 -0.00236091  -0.00172107 -0.000871557   0.00085465  0.00836127 -0.00823995  -0.0146659 1 0 0
             81.2305 3.92235 17.6621 122.924  7.08259 -3.12084  0.37684  0.0384512   0.103913 -0.0177082  -0.00172843 -0.000877526  0.000865583  0.00881521 -0.00836303  -0.0137836 1 0 0
             81.3303 4.47004  17.375  122.78  7.08675 -3.11054 0.370987  0.0789396   0.121544 -0.0490645  -0.00165949 -0.000847579  0.000851317  0.00859765 -0.00874817  -0.0133114 1 0 0
             81.3303 4.57031 17.3573 122.793  7.08764 -3.11238 0.369664  0.0855891   0.110433 -0.0598916   -0.001759 -0.00083253 0.000837444  0.00899051 -0.00889557  -0.0126645 1 0 0
             81.4302 4.93212 17.3104  123.22  7.09357 -3.09961 0.368622    0.10032   0.154661 -0.0410073  -0.00166672 -0.000825863  0.000852837  0.00875963 -0.00955581    -0.01364 1 0 0
             81.4302 5.01424 17.3359 123.219  7.09365  -3.1003 0.366461   0.103064   0.150738 -0.0557549  -0.00175152 -0.000853048  0.000856136  0.00876281 -0.00956255  -0.0129481 1 0 0
               81.53 5.20968 18.0783 124.007  7.10578 -3.07904 0.367452   0.169553   0.193416 -0.0197404  -0.00171805 -0.000878653  0.000815065  0.00837774 -0.00934421  -0.0143084 1 0 0
               81.53  5.1768 18.0946  124.01  7.10641 -3.08013 0.365339   0.175352   0.186661 -0.0344332  -0.00168295 -0.000896793   0.00081369  0.00857685 -0.00929627  -0.0135611 1 0 0
             81.6299 4.59816  17.957 124.864  7.12713 -3.05695 0.365569    0.22949   0.234433 -0.0111778  -0.00164617 -0.000879924  0.000785296    0.008457 -0.00896422  -0.0141742 1 0 0
             81.6299 4.60585 17.9286 124.842  7.12683 -3.05751 0.363628   0.230067   0.229252 -0.0237468  -0.00166226 -0.000849787  0.000804249  0.00843753 -0.00905829  -0.0135758 1 0 0
             81.7305 3.30043 18.2875 125.851   7.1515 -3.03279 0.367531   0.249667   0.246466 0.00356425 -0.00160918 -0.00088166 0.000784852  0.00861709 -0.00910327  -0.0146086 1 0 0
             81.7305 3.28747 18.3186 125.829  7.15095 -3.03375 0.365778    0.248016    0.239223 -0.00916228  -0.00160392 -0.000912489  0.000808299  0.00860534 -0.00934177  -0.0139798 1 0 0
             81.8303 1.94019 18.7167 126.813  7.17426 -3.01087 0.364836    0.252341    0.231262 -0.00656298   -0.0015579 -0.000911598  0.000771368  0.00833413 -0.00975978  -0.0139975 1 0 0
             81.8303 1.98209 18.7182 126.759  7.17363 -3.01267 0.362199   0.250788   0.220229 -0.0230488     -0.00162 -0.000911757   0.00082233 0.00835856 -0.0101399 -0.0131685 1 0 0
             81.9302 1.31156 19.2304  127.83  7.20145 -2.98705 0.360253   0.244016   0.223695 -0.0171398  -0.00160105 -0.000916535  0.000776344  0.00833471 -0.00919095  -0.0132944 1 0 0
             81.9302 1.40384 19.2319 127.808  7.20107 -2.98873 0.358073  0.244164   0.21373 -0.030736  -0.00170465 -0.000918635  0.000797327  0.00841377 -0.00953572  -0.0125929 1 0 0
               82.03  1.0995 19.5963 128.635  7.22374 -2.96391 0.358427    0.187531    0.225219 -0.00976115  -0.00168988 -0.000919479  0.000727701  0.00829977 -0.00896004  -0.0132021 1 0 0
               82.03 1.11668 19.5884 128.581   7.2225 -2.96561 0.357702   0.180815   0.214683 -0.0143326  -0.00172782 -0.000910151  0.000779254  0.00828608 -0.00954153  -0.0129576 1 0 0
             82.1299 1.13855 19.8011 129.167  7.23979 -2.94122 0.357716  0.136835  0.239097 -0.012466  -0.00169685 -0.000890874  0.000751626  0.00832237 -0.00899332  -0.0132579 1 0 0
             82.1299 1.19556 19.8116 129.126  7.23889 -2.94376 0.357354   0.132043   0.224497 -0.0154532  -0.00177178 -0.000902125  0.000790485  0.00850724 -0.00969273   -0.013018 1 0 0
             82.2305 1.75463 19.8707 129.673  7.24205 -2.92186  0.36107  0.0574139   0.221203 0.00885059  -0.00172487 -0.000895892  0.000763641 0.00771433 -0.0106598 -0.0143609 1 0 0
             82.2305 1.78478 19.8599 129.605  7.24304 -2.92421  0.36113  0.0630018   0.207562 0.00700454  -0.00177995 -0.000886065  0.000827795 0.00824893 -0.0110238 -0.0140529 1 0 0
             82.3303 2.42286 19.5125 130.306  7.24724  -2.8943 0.358945 0.00292487   0.260318 -0.0233998 -0.00171427  -0.0008596 0.000735281  0.00751981 -0.00967945  -0.0141272 1 0 0
             82.3303 2.46004 19.4984 130.241  7.24816 -2.89688 0.359222 0.00796211   0.245004 -0.0235143  -0.00177474 -0.000844407   0.00079687 0.00810571 -0.0101378  -0.013872 1 0 0
             82.4302 2.92123 19.5113 130.467  7.24241 -2.87476 0.354691 -0.0220745   0.245142 -0.0411445  -0.00178492 -0.000862267  0.000768238 0.00770021 -0.0112443 -0.0137919 1 0 0
             82.4302 2.88772 19.5124 130.352  7.24445 -2.87766 0.355896 -0.0111874   0.226889 -0.0372539   -0.0017873 -0.000850436  0.000871541  0.0086364 -0.0116254 -0.0135968 1 0 0
               82.53 3.21135 19.3065 130.362   7.2397 -2.84819 0.356936 0.00908293    0.25736 -0.0213021 -0.00175539  -0.0008662 0.000810579 0.00749054 -0.0113728 -0.0152817 1 0 0
               82.53 3.22567 19.3178 130.312  7.24133 -2.85134 0.356628  0.0190408   0.237304 -0.0271465  -0.00178063 -0.000858668  0.000858261 0.00825281 -0.0118293 -0.0147068 1 0 0
             82.6299 3.24184 19.2281 130.179  7.24493 -2.82108 0.351736  0.0774828   0.255635 -0.0188824  -0.00178682 -0.000865065   0.00078918 0.00726677 -0.0107651 -0.0146776 1 0 0
             82.6299  3.1923 19.2461 130.132  7.24827 -2.82545 0.352639  0.0979176   0.229189 -0.0188302  -0.00175288 -0.000851519  0.000832296 0.00862776 -0.0111554 -0.0141576 1 0 0
             82.7301 3.39488 19.6697 129.793    7.264 -2.80123 0.349045   0.180165   0.241216 -0.0231865 -0.00172407 -0.00083856 0.000778416 0.00881408 -0.0107773 -0.0137186 1 0 0
             82.7301 3.40732 19.6943 129.691  7.26458 -2.80439 0.349103   0.183574   0.222643 -0.0257136  -0.00176096 -0.000842163  0.000875457 0.00934823 -0.0113414 -0.0133662 1 0 0
             82.8299 3.81354 19.6026 129.635  7.27769 -2.77897 0.348676   0.211024   0.238014 0.00345236  -0.00172258 -0.000848684  0.000828601 0.00804085 -0.0118494 -0.0142009 1 0 0
             82.8299 3.85156 19.5787 129.599  7.27957 -2.78135 0.348983   0.222236    0.22412 0.00213323  -0.00177004 -0.000807809   0.00086031 0.00872524 -0.0120458 -0.0138766 1 0 0
             82.9302 3.82844 19.1703 130.094  7.30035 -2.75066 0.350668  0.249939  0.279134 0.0101089   -0.0017408 -0.000830093  0.000796443 0.00770323 -0.0115481 -0.0146812 1 0 0
             82.9302 3.81578 19.1727 130.067  7.30389 -2.75541 0.351444   0.270918   0.251133 0.00885458  -0.00173595 -0.000799496   0.00082291  0.0090706 -0.0119507 -0.0140844 1 0 0
               83.03 3.38013 19.0326  131.51   7.3289 -2.72615 0.350555 0.288616 0.245388 0.010552  -0.00170263 -0.000834224  0.000753855 0.00812801 -0.0116734 -0.0142085 1 0 0
               83.03 3.33581 19.0132 131.498  7.33143 -2.72977   0.3511   0.303298   0.222772 0.00958166  -0.00166224 -0.000790887  0.000764599 0.00915396 -0.0120468 -0.0137569 1 0 0
             83.1299 2.05393 18.9027  133.32  7.36089 -2.70431 0.356672  0.312925  0.225186 0.0401047  -0.00170036 -0.000831937  0.000736591 0.00870524 -0.0116429 -0.0147299 1 0 0
             83.1299 1.97028  18.922 133.311   7.3624 -2.70686 0.356724  0.321068  0.209255 0.0377535  -0.00161991 -0.000833795  0.000746082 0.00934154 -0.0119587 -0.0143684 1 0 0
             83.2305 1.33707 18.8136 135.187  7.39066 -2.68274 0.363434  0.290159  0.220057 0.0429116  -0.00164623 -0.000865197  0.000735835 0.00873281 -0.0120183 -0.0152787 1 0 0
             83.2305 1.37833 18.8278 135.127   7.3929 -2.68595 0.362761  0.303959  0.200187 0.0343076  -0.00170226 -0.000856409  0.000789321 0.00955789 -0.0123925 -0.0145751 1 0 0
             83.3303 1.24255 19.3964 136.501  7.42259 -2.66141 0.370033 0.252023 0.186851 0.045368 -0.00172839 -0.00090872 0.000761454 0.00947092 -0.0114001 -0.0154925 1 0 0
             83.3303 1.21128 19.4218 136.427  7.42206 -2.66306 0.367406 0.251068  0.17605 0.027184  -0.00171509 -0.000923465  0.000829713 0.00943069  -0.011796 -0.0146862 1 0 0
             83.4302 1.20923 19.9348  137.75  7.43337 -2.65123 0.368152   0.15169  0.135351 0.0156969  -0.00171819 -0.000909504  0.000814879 0.00834597 -0.0134054 -0.0148752 1 0 0
             83.4302 1.22047 19.9607 137.692  7.43486 -2.65282 0.365972    0.161732    0.125466 0.000550281  -0.00174667 -0.000920529   0.00086628 0.00870975 -0.0135479 -0.0140708 1 0 0
               83.53 1.74092 20.4173 138.718  7.43885 -2.64289 0.361679  0.0835131   0.111728 -0.0227693  -0.00166211 -0.000908313  0.000865838 0.00738306 -0.0147557 -0.0139732 1 0 0
               83.53 1.81148 20.4081 138.642  7.44178 -2.64461 0.361762   0.101505   0.102927 -0.0259029  -0.00175925 -0.000881837   0.00093147 0.00817641 -0.0147244 -0.0135348 1 0 0
             83.6299 2.68647 20.3802 139.498  7.44343 -2.62913  0.36232   0.0310589    0.119445 -0.00689055  -0.00172658 -0.000891747  0.000903589 0.00706992 -0.0144424 -0.0145945 1 0 0
             83.6299 2.75279 20.3696 139.442  7.44705 -2.63134 0.363052   0.0527925    0.107218 -0.00811999  -0.00181378 -0.000859505  0.000951336 0.00810305 -0.0144837 -0.0141333 1 0 0
             83.7305 3.36952 19.9624 139.846  7.44611 -2.61658 0.357152 0.00350966   0.111521 -0.0239941  -0.00175709 -0.000836475  0.000943677 0.00702974 -0.0141575 -0.0137335 1 0 0
             83.7305 3.41839 19.9477 139.795  7.45092 -2.61943 0.359364 0.0321345  0.096401 -0.016424  -0.00182628 -0.000793353  0.000984564 0.00852635 -0.0141927 -0.0134824 1 0 0
             83.8303  3.2766 19.4815 139.063  7.44949 -2.60679 0.356802 -0.0130468   0.111538 -0.0378613  -0.00177638 -0.000784958  0.000987571 0.00782781 -0.0139769 -0.0138578 1 0 0
             83.8303  3.2217 19.5005 138.934  7.45326 -2.60864 0.358803  0.0086568   0.102073 -0.0296687  -0.00177141 -0.000776322   0.00110121  0.0089784 -0.0139157 -0.0137858 1 0 0
             83.9302 3.06435 19.7426 138.754  7.45747  -2.5833 0.354855  0.0299041   0.112647 -0.0392449 -0.00173483 -0.00081454 0.000999015 0.00844733 -0.0110859 -0.0141949 1 0 0
             83.9302 3.13004 19.7635 138.756  7.46155 -2.58595 0.355854   0.053739  0.0969884 -0.0389954  -0.00179797 -0.000809886  0.000996336 0.00966284 -0.0112475 -0.0137362 1 0 0
               84.03 2.56864 18.9288 138.365  7.45947 -2.56699 0.356538  0.0180239    0.14026 -0.0151755  -0.00177516 -0.000833025  0.000931057   0.008044 -0.0103095 -0.0154361 1 0 0
               84.03 2.58258 18.9223 138.309  7.46368 -2.57108 0.357816  0.0413705   0.116494 -0.0124682  -0.00180368 -0.000797167  0.000982152 0.00942369   -0.01079 -0.0150064 1 0 0
             84.1299 2.88439 19.4495 138.669  7.46783 -2.55216 0.357649    0.0671516     0.172354 -0.000201505  -0.00183262 -0.000822076  0.000921409 0.00902517 -0.0101864 -0.0154492 1 0 0
             84.1299 2.88402 19.5315 138.699  7.47022 -2.55475 0.356864   0.0815117    0.156527 -0.00919539  -0.00181887 -0.000892075  0.000896143 0.00979968 -0.0105118 -0.0147171 1 0 0
             84.2301 3.29564 19.6528 139.664  7.47449 -2.54167 0.358507 0.092896 0.160232 0.017482   -0.0017851 -0.000897938  0.000854659 0.00928003 -0.0115906 -0.0151302 1 0 0
             84.2301 3.31831 19.6501 139.652  7.47583 -2.54381 0.357564   0.101065   0.146665 0.00886355  -0.00180857 -0.000881671  0.000867766 0.00974485 -0.0119648 -0.0145279 1 0 0
               84.33 3.53125 19.4753 140.823  7.48521 -2.52648 0.364053  0.127582   0.18512 0.0329123  -0.00171674 -0.000893152  0.000842421 0.00953335 -0.0121874 -0.0156695 1 0 0
               84.33 3.58049 19.4691 140.788  7.48491 -2.52757 0.362012   0.12859  0.176438 0.0175449 -0.00177414 -0.00088051 0.000876894 0.00949916 -0.0125043  -0.014945 1 0 0
             84.4298 3.52085 19.4494 142.249  7.49758 -2.50685 0.364816  0.147052   0.21348 0.0237942 -0.00177095 -0.00087972 0.000839431 0.00919061 -0.0124046 -0.0152951 1 0 0
             84.4298 3.47249 19.4784 142.217  7.49646 -2.50745 0.362417    0.14273   0.206976 0.00712769  -0.00172976 -0.000905741  0.000873386 0.00889335 -0.0127115 -0.0146068 1 0 0
             84.5304 2.66757  19.984 143.749  7.51062 -2.48798  0.36551  0.174176  0.208222 0.0196627  -0.00174394 -0.000907685  0.000832867 0.00884533 -0.0131662 -0.0150325 1 0 0
             84.5304 2.59461 20.0331  143.69  7.51003  -2.4889 0.362855   0.172738    0.20067 0.00158999  -0.00168872 -0.000949628  0.000890888 0.00866357 -0.0134478  -0.014238 1 0 0
             84.6303 1.77973 20.1152 145.289  7.52728 -2.46028 0.366093   0.179034   0.250764 0.00311178  -0.00168959 -0.000977143  0.000854493 0.00820696 -0.0123838 -0.0152532 1 0 0
             84.6303 1.83322 20.0939 145.304  7.52662 -2.46248 0.363328   0.178398   0.235921 -0.0138547  -0.00173162 -0.000950544  0.000841504 0.00815543 -0.0130055 -0.0144436 1 0 0
             84.7301 1.43988 20.2823 147.218  7.54501 -2.44033 0.363911  0.172509  0.198518 -0.012347  -0.00175118 -0.000973175  0.000815313 0.00837561 -0.0129056 -0.0147569 1 0 0
             84.7301 1.41582 20.2718 147.188  7.54458 -2.44205 0.361758     0.1722   0.187255 -0.0256009  -0.00173356 -0.000956552  0.000844632 0.00833106 -0.0133679 -0.0141353 1 0 0
             84.8299 0.807583  20.2721  148.667    7.555 -2.42811 0.369761  0.131796  0.149035 0.0190289   -0.0017676 -0.000997747  0.000845116 0.00797416 -0.0144462 -0.0161271 1 0 0
             84.8299 0.715064  20.2547  148.579  7.55488 -2.42859  0.36624    0.135259    0.143302 -0.00397845  -0.00170508 -0.000973625  0.000926231 0.00783921 -0.0145857 -0.0151109 1 0 0
             84.9302 0.796974  20.3749  150.127  7.56709 -2.41519 0.368027   0.108669   0.119037 0.00786737 -0.00183174 -0.00100119 0.000862306 0.00785163 -0.0145755 -0.0154756 1 0 0
             84.9302 0.64518 20.3647 150.027  7.56787  -2.4166 0.365599   0.115786   0.107647 -0.0113373  -0.00171332 -0.000980551  0.000954954 0.00801598 -0.0149274 -0.0145106 1 0 0
               85.03 0.915643  20.4599  150.755  7.57726  -2.4052 0.365754  0.0826923  0.0819539 0.00054287  -0.00177939 -0.000983799   0.00091999 0.00783131 -0.0145078 -0.0147797 1 0 0
               85.03 0.861458  20.4538  150.653  7.57836 -2.40634  0.36414 0.0916518 0.0735286 -0.013557  -0.00175956 -0.000968633   0.00101542 0.00810619 -0.0147485 -0.0140123 1 0 0
             85.1299 1.22724 20.4361 150.722 7.58688 -2.4008 0.36838  0.0529049  0.0506273 0.00188112  -0.00183904 -0.000997857  0.000987996 0.00853428 -0.0148067 -0.0149683 1 0 0
             85.1299 1.15282  20.401 150.634   7.5862 -2.40098 0.365304   0.052822  0.0463696 -0.0191173  -0.00179306 -0.000960401   0.00107084 0.00823512 -0.0149697 -0.0141086 1 0 0
             85.2305 1.29331 20.3599 150.075  7.58674 -2.39962 0.367281    0.015089  0.00838118 -0.00937478  -0.00187279 -0.000989462   0.00102621 0.00790693 -0.0154538 -0.0151124 1 0 0
             85.2305 1.20122 20.3275 149.977  7.58665 -2.39976 0.364581  0.0177461 0.00464914 -0.0284743  -0.00181404 -0.000953816   0.00111652 0.00775475 -0.0155462 -0.0142811 1 0 0
             85.3303 1.06121 20.5433 149.001  7.58559 -2.40107 0.369076 -0.00341268  0.00751688  -0.0106304  -0.00186215 -0.000987244   0.00108173 0.00782325 -0.0160088 -0.0158161 1 0 0
             85.3303 0.94432 20.5478  148.91  7.58762 -2.40095 0.366463  0.0120053 0.00579681 -0.0309943  -0.00178139 -0.000981241   0.00116413 0.00820056 -0.0158234 -0.0147326 1 0 0
             85.4301 0.867424   20.884  148.242  7.58155 -2.40205 0.366799 -0.0198084 0.00692664 -0.0189431  -0.0018351 -0.00102874  0.00110696 0.00732483   -0.01655 -0.0158666 1 0 0
             85.4301 0.791483  20.8554  148.205  7.58267  -2.4019 0.363805 -0.00936505  0.00440917  -0.0405297  -0.00177382 -0.000993549   0.00113978 0.00745416 -0.0164668 -0.0148226 1 0 0
               85.53 0.994187  21.3292  148.168  7.57906 -2.40221  0.36447 -0.00381544   0.0188362  -0.0174535 -0.00182916 -0.00102114  0.00110493 0.00719498 -0.0169225 -0.0158095 1 0 0
               85.53 0.939763  21.3143  148.178  7.58183 -2.40234 0.361898    0.01717  0.0161468 -0.0398429  -0.00177588 -0.000993756   0.00109282 0.00775826 -0.0167072 -0.0145487 1 0 0
             85.6298 1.44759 21.2021 148.759  7.58576 -2.38893 0.355376  0.0458989  0.0897319 -0.0392858  -0.00185294 -0.000995636   0.00103317 0.00730813    -0.0147 -0.0143113 1 0 0
             85.6298 1.39101 21.1286 148.737  7.58882 -2.39007 0.354256  0.0670462  0.0817698 -0.0506776  -0.00180714 -0.000908473   0.00105166 0.00809455 -0.0147205 -0.0134521 1 0 0
             85.7305 2.12588 20.9922 149.638  7.59174 -2.37213 0.349584  0.0772271   0.166067 -0.0448543  -0.00186017 -0.000948657   0.00102232 0.00702367 -0.0138253 -0.0141392 1 0 0
             85.7305 2.09858 20.9409  149.67  7.59473 -2.37346 0.349329  0.0974892   0.157123 -0.0502102  -0.00182442 -0.000885971  0.000991523 0.00789378 -0.0139182 -0.0135213 1 0 0
             85.8303 2.35589 20.6029 150.644  7.60247 -2.35452 0.343363   0.109239    0.21364 -0.0543777 -0.00184322 -0.00090092 0.000991138 0.00727734  -0.013966 -0.0136342 1 0 0
             85.8303 2.30986 20.5668 150.646   7.6071 -2.35617 0.344913   0.136131   0.204178 -0.0495028  -0.00179841 -0.000846876  0.000988102 0.00861636 -0.0139982 -0.0133101 1 0 0
             85.9302 2.17013 20.2813 151.883  7.62066 -2.33255 0.348227   0.154526   0.268298 -0.0153311  -0.00185358 -0.000903804  0.000975116 0.00868008 -0.0140933 -0.0148002 1 0 0
             85.9302 2.08887 20.2492 151.893  7.62351 -2.33372 0.348822   0.171942   0.261767 -0.0154379  -0.00176992 -0.000861865  0.000964651 0.00951492  -0.014119 -0.0144539 1 0 0
               86.03 1.83128 20.5215 153.504  7.64071 -2.30826  0.35359  0.181738  0.277932 0.0182278  -0.00180134 -0.000900348  0.000959263 0.00975349 -0.0145956 -0.0154196 1 0 0
               86.03 1.75403 20.5497 153.498  7.64145 -2.30906  0.35237   0.187425   0.271798 0.00865795  -0.00172477 -0.000924581   0.00096531 0.00993396 -0.0147691 -0.0148843 1 0 0
             86.1298 1.49031 20.3714 154.775  7.65804 -2.27653 0.357739  0.178718  0.286184 0.0327556  -0.00177491 -0.000944939  0.000927799 0.00948301 -0.0139152 -0.0160068 1 0 0
             86.1298 1.43482 20.3444 154.725  7.65851 -2.27676  0.35541  0.184773  0.282817 0.0168127  -0.00173741 -0.000913656  0.000974151 0.00952092 -0.0139615 -0.0152349 1 0 0
             86.2305 0.843114  20.3569  155.588  7.67886 -2.25169 0.362094  0.164351  0.252418 0.0223393   -0.0017937 -0.000944827  0.000956975  0.0103633 -0.0142183 -0.0158675 1 0 0
             86.2305 0.743884  20.3708  155.528  7.67709 -2.25084 0.358845   0.156974   0.254747 0.00151786  -0.00171443 -0.000959337   0.00101311 0.00967468 -0.0141289 -0.0151512 1 0 0
             86.3303 0.398597   20.413  156.356   7.6957 -2.22845 0.360295     0.160017     0.225442 -0.000115591  -0.00179121 -0.000953727  0.000961204  0.0103903 -0.0143599 -0.0150815 1 0 0
             86.3303 0.325337  20.4224  156.317  7.69262 -2.22759 0.356196   0.145192   0.227477 -0.0234811  -0.00172959 -0.000966613  0.000999362 0.00931792 -0.0143552 -0.0143964 1 0 0
             86.4301 0.267703  20.1993  156.897  7.70641 -2.20534 0.355068    0.12186   0.187256 -0.0155569  -0.00184413 -0.000966988  0.000945536  0.0093197 -0.0139866 -0.0146218 1 0 0
             86.4301 0.153116  20.1693  156.839   7.7026 -2.20439 0.352211   0.101141   0.189646 -0.0296626  -0.00174682 -0.000943141   0.00100267 0.00811855 -0.0139957 -0.0144302 1 0 0
               86.53 -0.152494   20.2227   156.958  7.71236 -2.18989 0.352682  0.0766102   0.151855 -0.0144187  -0.00180085 -0.000943018  0.000970346 0.00855348 -0.0144646 -0.0147675 1 0 0
               86.53 -0.214469   20.2393   156.902  7.71091 -2.18956 0.350517  0.0694599   0.151986 -0.0269321 -0.00175676 -0.00096228  0.00102451 0.00803019 -0.0144879 -0.0143834 1 0 0
             86.6298 0.146145  20.2526  157.419  7.71185 -2.17194 0.353619  0.0276484   0.129858 0.00134577  -0.00177881 -0.000972431  0.000960207 0.00736387 -0.0138668 -0.0158306 1 0 0
             86.6298 0.128527  20.2527  157.397  7.71132 -2.17267 0.352271   0.0254517    0.123915 -0.00710566  -0.00176672 -0.000972726  0.000982096 0.00716876  -0.014168 -0.0155075 1 0 0
             86.9302 0.957333  19.9809  157.144  7.71409  -2.1459 0.350498 0.000743405   0.0528951 -0.00116548  -0.00178395 -0.000954456  0.000944305 0.00746566 -0.0138484  -0.015485 1 0 0
             86.9302 0.964365   19.935  157.097  7.71511 -2.15285  0.34767 0.00546388  0.0241702 -0.0128443  -0.00180297 -0.000906128  0.000991778 0.00758241  -0.014994  -0.014881 1 0 0
               87.03 1.21404 19.8518 156.951  7.71284 -2.15081 0.357145 -0.0106621  0.0294439  0.0163899  -0.00183344 -0.000948892  0.000973238  0.0077828 -0.0151231 -0.0161657 1 0 0
               87.03  1.1206 19.8437 156.943  7.71262 -2.15314 0.354909 -0.00942089   0.0126382  0.00268424  -0.00173728 -0.000939353  0.000983014 0.00768675 -0.0156972 -0.0155407 1 0 0
             87.1299 1.33363 19.7355 156.796  7.71048 -2.15299 0.354264 0.00046134 0.00732497 0.00148837  -0.00177932 -0.000925847   0.00093254 0.00742525 -0.0159564 -0.0155314 1 0 0
             87.1299   1.252  19.729 156.736  7.71111 -2.15511 0.353458  0.00487674 -0.00745434 -0.00559552  -0.00171347 -0.000915835  0.000991974 0.00758748 -0.0165095 -0.0151213 1 0 0
             87.2305  1.3023 19.4927 156.508  7.70692 -2.15772 0.356487 -0.0115976 -0.0107414 0.00625341  -0.00173514 -0.000914433  0.000980075 0.00699519 -0.0170442 -0.0161165 1 0 0
             87.2305 1.26789 19.5014 156.487  7.70829  -2.1605 0.356198 -0.00396051  -0.0284482  0.00202518  -0.00170348 -0.000918969   0.00100239 0.00738145 -0.0177804 -0.0157522 1 0 0
             87.3303 1.42673 19.4305 156.326  7.71038 -2.16145 0.359679 0.00250558 -0.0171041 0.00999113  -0.00171002 -0.000920813   0.00099202  0.0079014 -0.0173836 -0.0161956 1 0 0
             87.3303 1.42046 19.4458 156.309  7.71117 -2.16304 0.358461  0.00804436  -0.0277033 0.000979142 -0.00170642 -0.00093262  0.00100914 0.00809842  -0.017833 -0.0156883 1 0 0
             87.4302 1.54535 19.4322 156.246  7.71406 -2.16401 0.368593  0.0148556 -0.0157042  0.0356702  -0.00170151 -0.000952845   0.00100213 0.00877932 -0.0173824 -0.0172239 1 0 0
             87.4302 1.55509 19.4281 156.254  7.71155 -2.16306 0.363941 0.00469184 -0.0127831 0.00903127  -0.00170895 -0.000953174  0.000993943 0.00789511 -0.0173037 -0.0163058 1 0 0
               87.53  1.7336 19.3425  156.14  7.71315 -2.17639 0.365295 0.00321962   -0.06173  0.0080424  -0.00174392 -0.000936033   0.00100473 0.00837784 -0.0196034  -0.016009 1 0 0
               87.53 1.67417 19.3362 156.086  7.71068 -2.17541 0.361182 -0.00705476   -0.058382  -0.0151432  -0.00169982 -0.000932307   0.00105936 0.00752851 -0.0194773  -0.015236 1 0 0
             87.6298 1.85109 19.3103 156.102  7.70849   -2.182 0.365288 -0.0160068 -0.0571976 0.00526462  -0.00177157 -0.000947651   0.00104286 0.00754553 -0.0197562 -0.0162929 1 0 0
             87.6298  1.7827 19.3024 156.074  7.70608 -2.18056 0.361796 -0.0263296 -0.0503553 -0.0143792  -0.00171079 -0.000940595   0.00107013 0.00670317 -0.0194554 -0.0156626 1 0 0
             87.7305 1.88575 19.3455 156.034  7.70661 -2.18234 0.364967  -0.0179692  -0.0300262 0.000834842  -0.00175604 -0.000944063   0.00105931 0.00740838 -0.0187591 -0.0162896 1 0 0
             87.7305 1.84364 19.3444 156.028  7.70638 -2.18125 0.361787 -0.0157174 -0.0241605 -0.0190289  -0.00171565 -0.000942551   0.00106537 0.00715211 -0.0183964  -0.015435 1 0 0
             87.8303 2.01403 19.3308  156.08  7.70702 -2.17814 0.363461  -0.00541732 -0.000366576  -0.00648342   -0.0017557 -0.000955405   0.00103597 0.00750018 -0.0173189 -0.0160337 1 0 0
             87.8303 1.96857 19.3043 156.052  7.70636 -2.17734 0.360437 -0.00594949  0.00322227  -0.0242032  -0.00171934 -0.000927011   0.00106241 0.00715537 -0.0170955 -0.0153181 1 0 0
             87.9302 1.98966 19.3425 156.014  7.70649 -2.17047 0.365328 -0.00853262   0.0288001   0.0022684 -0.00170676 -0.00094873  0.00103382 0.00742757 -0.0159146 -0.0166253 1 0 0
             87.9302 1.96727 19.3276  156.01  7.70581 -2.17044 0.362365 -0.00933687    0.027925  -0.0166758  -0.00168495 -0.000932655   0.00103696 0.00709628 -0.0159163 -0.0158434 1 0 0
               88.03 2.12042 19.3791 156.049  7.70868 -2.15785 0.363663  0.00559286    0.075099 -0.00284266  -0.00170958 -0.000937892  0.000996475 0.00763652 -0.0140643 -0.0162387 1 0 0
               88.03 2.10606 19.3738 156.045  7.70836 -2.15742 0.361034 0.00699457  0.0766356 -0.0205881 -0.00169629 -0.00093196 0.000999709 0.00741064 -0.0139383  -0.015482 1 0 0
             88.1299 2.28835 19.2643 156.032  7.70846 -2.15304 0.362426  0.00948324    0.064727 -0.00441804  -0.00170472 -0.000930108  0.000986153 0.00747737 -0.0146099 -0.0160456 1 0 0
             88.1299 2.26286 19.2307 156.027  7.70759 -2.15301 0.359469 0.00770398    0.06338 -0.0220676  -0.00168025 -0.000895482   0.00099015 0.00712046 -0.0146419 -0.0153335 1 0 0
             88.2305 2.47395 19.1399 156.074  7.70901 -2.14586 0.360108 0.00711366  0.0686319 -0.0109375  -0.00168888 -0.000908664  0.000976713 0.00736279  -0.014519 -0.0157623 1 0 0
             88.2305 2.46383 19.1264 156.085   7.7091 -2.14705 0.358763  0.0094667  0.0606297 -0.0209111  -0.00167473 -0.000895386  0.000966358 0.00737903 -0.0148525 -0.0152661 1 0 0
             88.3303 2.56794 18.9993 156.066  7.70714 -2.14691 0.359202 -0.00135205   0.0359637 -0.00953773 -0.00170036 -0.00089975 0.000959281 0.00712355 -0.0161222  -0.015851 1 0 0
             88.3303 2.52703 18.9853 156.046  7.70855 -2.14824 0.358748 0.00779671  0.0268196 -0.0145244  -0.00166442 -0.000883613  0.000978389 0.00753486  -0.016443 -0.0154531 1 0 0
             88.4302 2.64342 18.9195 156.081  7.70713  -2.1431 0.366204 -0.00542611   0.0392076   0.0165854  -0.00168271 -0.000912153  0.000957037 0.00749108 -0.0161311 -0.0172504 1 0 0
             88.4302 2.61181 18.9092 156.057  7.70726 -2.14386 0.363903 -0.00193111   0.0328194   0.0002746  -0.00165765 -0.000899773  0.000979864 0.00745302 -0.0163498 -0.0164814 1 0 0
               88.53 2.76911 18.8791 156.062  7.70385 -2.14517 0.364503  -0.0236116  0.00806601 0.000225955  -0.00169781 -0.000909595  0.000983073 0.00710492 -0.0173419  -0.016729 1 0 0
               88.53 2.72168 18.8709 156.063  7.70567 -2.14582 0.362978 -0.0103026 0.00296569 -0.0128243  -0.00164856 -0.000899639  0.000982364 0.00755232 -0.0174043 -0.0159529 1 0 0
             88.6299 2.76663 18.9056 156.122  7.70406 -2.14606 0.363995 -0.00895559 -0.00424203  0.00015988  -0.00168264 -0.000916338  0.000970247 0.00752962  -0.017481 -0.0163872 1 0 0
             88.6299 2.70726  18.891 156.105  7.70492 -2.14662 0.362347 -0.00131307   -0.008931  -0.0127724  -0.00162663 -0.000900049   0.00098641 0.00771953 -0.0175715 -0.0157038 1 0 0
             88.7305 2.83076 18.8255  156.15  7.70563 -2.14585 0.361924  0.00109828 -0.00107353  -0.0100256  -0.00167719 -0.000894758  0.000964934 0.00785216 -0.0172505 -0.0158422 1 0 0
             88.7305 2.78461 18.8114 156.127  7.70704 -2.14642 0.360224   0.0121943 -0.00604305  -0.0238551  -0.00163752 -0.000878628  0.000986676 0.00818459 -0.0173223 -0.0150671 1 0 0
             88.8304 2.87659 18.8261 156.168  7.70789 -2.14359 0.365723  0.0118187 0.00941686 0.00987483  -0.00166251 -0.000909694  0.000960766 0.00831856  -0.016764 -0.0166286 1 0 0
             88.8304 2.85953 18.8139 156.158  7.70847 -2.14418  0.36348   0.0184987  0.00422338 -0.00732101  -0.00164797 -0.000895538  0.000969943 0.00840102 -0.0168911 -0.0157805 1 0 0
             88.9302 2.96614 18.7494 156.234  7.71129 -2.14026 0.364307   0.0232021    0.021667 -0.00409954  -0.00166093 -0.000900987  0.000942088 0.00846452 -0.0162248 -0.0161588 1 0 0
             88.9302 2.92739 18.7317 156.212  7.71126 -2.14099 0.362024   0.025862  0.0155663 -0.0206072  -0.00162771 -0.000880995  0.000962773 0.00838485 -0.0164246 -0.0153953 1 0 0
               89.03 2.93151 18.8428 156.188  7.70859 -2.14112 0.365652  0.00392347   0.0137682 -0.00787108  -0.00166113 -0.000910559  0.000949289 0.00783082 -0.0170319  -0.016889 1 0 0
               89.03 2.87864 18.8417 156.162  7.70925 -2.14193 0.363307  0.0108622 0.00716422 -0.0255211  -0.00161487 -0.000907244  0.000974408 0.00793785  -0.017207 -0.0160083 1 0 0
             89.1299 2.87822 19.0925 156.094  7.70786 -2.14619  0.36325  -0.0011424 -0.00777549  -0.0378858  -0.00165209 -0.000918669  0.000969987 0.00784764 -0.0183743  -0.016745 1 0 0
             89.1299 2.84418 19.0893 156.085  7.70843 -2.14617 0.360552 0.00556694 -0.0092556 -0.0570455  -0.00162038 -0.000914782  0.000978177 0.00787529 -0.0183127 -0.0158324 1 0 0
             89.2305 2.86577  19.724 156.163  7.71229 -2.14228 0.356638  0.0163795  0.0107795 -0.0647957  -0.00166117 -0.000930268  0.000944171 0.00839062 -0.0173787 -0.0162644 1 0 0
             89.2305 2.82087 19.7334 156.152  7.71192 -2.14232 0.353772  0.0167197 0.00883125 -0.0835467  -0.00161895 -0.000939269  0.000954225 0.00814497 -0.0173996 -0.0154573 1 0 0
             89.3304 2.74102 20.5687 156.215  7.71217 -2.14375 0.351363 0.00555132 -0.0064709 -0.0498386  -0.00162394 -0.000967023  0.000953801 0.00820732 -0.0178495 -0.0164508 1 0 0
             89.3304 2.73378 20.5429 156.221  7.71116  -2.1444 0.347979 0.00251655 -0.0116936 -0.0698408  -0.00161302 -0.000939596  0.000945661 0.00779134 -0.0180656 -0.0156151 1 0 0
             89.4302 2.74467 21.0571 156.364  7.71395 -2.14759 0.340832  0.0186735  -0.018256 -0.0583637  -0.00164829 -0.000922159  0.000943845 0.00812275 -0.0183428 -0.0152572 1 0 0
             89.4302 2.73635 21.0335 156.361   7.7132 -2.14711 0.339445  0.0155054 -0.0160656 -0.0662538   -0.0016413 -0.000897769  0.000945878 0.00782148 -0.0182436 -0.0149859 1 0 0
               89.53 2.87292  21.414 156.533  7.71572 -2.14783 0.337901  0.0232137 -0.0099901 -0.0436668   -0.0016408 -0.000909185  0.000943161 0.00811612 -0.0180942  -0.015758 1 0 0
               89.53 2.87363 21.3866 156.537  7.71436 -2.14749 0.336336   0.0166085 -0.00848977   -0.052535  -0.00164039 -0.000881193  0.000937921 0.00764606 -0.0180641 -0.0155053 1 0 0
             89.6299 2.88547 21.7307 156.751  7.71373 -2.14921 0.338218 0.000560998  -0.0135962  -0.0286291  -0.00157729 -0.000899405  0.000930139 0.00764212  -0.018305 -0.0169286 1 0 0
             89.6299 2.94317 21.7211 156.735  7.71395 -2.14912 0.336776 0.00374918 -0.0128587 -0.0384645  -0.00164253 -0.000889431  0.000945467 0.00759612 -0.0182338 -0.0164701 1 0 0
             89.7301 2.99329 22.2425 156.799  7.71259 -2.15324 0.340377 0.00415926  -0.020818 -0.0114844  -0.00166088 -0.000910834  0.000948341 0.00769271 -0.0189467 -0.0179061 1 0 0
             89.7301 2.96712 22.2419 156.782  7.71193 -2.15313 0.336835 0.00413536 -0.0209784  -0.032514   -0.0016402 -0.000909763  0.000964061 0.00731973 -0.0188874 -0.0170341 1 0 0
               89.83 2.96042 22.6614 156.704  7.70974 -2.15504  0.33485 0.00279226 -0.0124238 -0.0287562  -0.00165416 -0.000917272  0.000967629 0.00688087 -0.0190534 -0.0175099 1 0 0
               89.83 2.99371 22.6503 156.716  7.71245  -2.1552 0.332615  0.0210197 -0.0139503 -0.0451892  -0.00168199 -0.000910448  0.000956643 0.00738032 -0.0189135 -0.0165024 1 0 0
             89.9298 2.96649 23.1904 156.714  7.71342 -2.15922 0.329335  0.0266174 -0.0194744 -0.0429855  -0.00167421 -0.000916414  0.000974257 0.00726218 -0.0195146 -0.0167617 1 0 0
             89.9298 2.97743 23.1854  156.73  7.71598  -2.1584 0.327232  0.0438655 -0.0141458 -0.0572737  -0.00167576 -0.000914971  0.000959907  0.0076986 -0.0190629 -0.0159033 1 0 0
             90.0304 2.96517 23.6896 156.781  7.72297 -2.15638 0.321469  0.0739684  0.0048199 -0.0561479  -0.00172468 -0.000915748  0.000945718 0.00777861 -0.0184554 -0.0159177 1 0 0
             90.0304 2.91563 23.6738 156.774  7.72458 -2.15641 0.320298  0.0845868 0.00455949 -0.0642992  -0.00167557 -0.000901434  0.000951698 0.00807949   -0.01832 -0.0153889 1 0 0
             90.1303 2.88024 24.0417 157.009 7.72711 -2.1611 0.31958  0.0726579 -0.0125925 -0.0327663 -0.00170672 -0.00090125 0.000953227 0.00747457 -0.0196079 -0.0165641 1 0 0
             90.1303 2.86678 24.0331 157.023  7.72892 -2.15996 0.318439   0.0847905 -0.00547191  -0.0403436  -0.00168449 -0.000894224   0.00094021 0.00778667 -0.0191372 -0.0160825 1 0 0
             90.2301 2.76835 24.2065 157.384  7.73497 -2.15541 0.315388  0.0849927 0.00291223 -0.0344624  -0.00165414 -0.000886867  0.000935764 0.00724581 -0.0182487 -0.0166468 1 0 0
             90.2301 2.77945 24.1875  157.39  7.73864 -2.15543 0.315282   0.107235 0.00357714 -0.0388005  -0.00166147 -0.000870804      0.00093 0.00808768 -0.0179959 -0.0160487 1 0 0
               90.33 2.72253 24.3811 157.984  7.74604  -2.1552 0.308906    0.0947011 -0.000477079   -0.0523275  -0.00168152 -0.000859001  0.000902071 0.00746618 -0.0180895 -0.0159854 1 0 0
               90.33 2.68932 24.3869 157.968  7.75065 -2.15555 0.310753     0.119861 -0.000833318   -0.0459698   -0.0016517 -0.000868213  0.000917844 0.00866169 -0.0178734 -0.0157386 1 0 0
             90.4298 2.71864 24.9364 158.552  7.75992 -2.15164 0.304987   0.105991  0.0169053 -0.0579689  -0.00167112 -0.000865978  0.000904877  0.0082373 -0.0173322 -0.0159562 1 0 0
             90.4298  2.7267 24.9702 158.556  7.76268 -2.15186 0.306916   0.119788  0.0166905 -0.0489972  -0.00167636 -0.000903512  0.000903925 0.00901234 -0.0172428 -0.0160305 1 0 0
             90.5304 2.75275  25.499 158.942   7.7735 -2.15759 0.299102   0.108117 -0.0215563 -0.0585655  -0.00172804 -0.000904483  0.000893681 0.00886385 -0.0184096 -0.0154099 1 0 0
             90.5304 2.72093 25.4876 158.934  7.77423 -2.15622 0.301088   0.110713 -0.0132119 -0.0475852  -0.00169748 -0.000892589  0.000901742 0.00914043 -0.0180179  -0.015858 1 0 0
             90.6303 2.63475 25.8944 158.711  7.77638 -2.16144 0.300668  0.0772686 -0.0343486 -0.0353764  -0.00173446 -0.000895177  0.000896001 0.00816016 -0.0189811   -0.01725 1 0 0
             90.6303  2.5862 25.8876 158.656  7.77786 -2.16055 0.301166  0.0849862  -0.029074 -0.0333893  -0.00170756 -0.000886967  0.000947072 0.00849349 -0.0186624 -0.0172062 1 0 0
             90.7301 2.72629 26.1091 158.217 7.78437 -2.1666 0.29671  0.0895133 -0.0591133  -0.025715  -0.00173274 -0.000886268  0.000933798 0.00811729 -0.0191448 -0.0171231 1 0 0
             90.7301  2.7191 26.0991 158.192  7.78536 -2.16565 0.297406  0.0947208 -0.0528396 -0.0222801  -0.00173535 -0.000875118  0.000956798 0.00836683 -0.0188197 -0.0171949 1 0 0
               90.83 2.60693 26.1479 157.463  7.79299 -2.16818 0.297117  0.0851375 -0.0567291 0.00376822  -0.00174585 -0.000874693  0.000944464 0.00808452 -0.0182096 -0.0176588 1 0 0
               90.83 2.58351 26.1503 157.456  7.79521 -2.16729 0.297732  0.0971223 -0.0512743 0.00573995  -0.00172282 -0.000877936     0.000952 0.00859239 -0.0178578 -0.0175159 1 0 0
             90.9298 2.35584 26.2111 156.555  7.80659 -2.17162 0.301098    0.11389 -0.0520896  0.0341481   -0.0017209 -0.000885511  0.000937947 0.00884506 -0.0176991 -0.0177335 1 0 0
             90.9298 2.31819  26.196 156.551   7.8063 -2.17122 0.300246   0.113118 -0.0501486   0.029301  -0.00168397 -0.000869582  0.000941917 0.00869387 -0.0175901  -0.017578 1 0 0
             91.0305 2.21317 25.9485 155.846  7.81694 -2.17485 0.303274   0.123716 -0.0549918  0.0411953  -0.00169765 -0.000871536  0.000919801 0.00835208 -0.0172811 -0.0176862 1 0 0
             91.0305 2.20727 25.9227 155.877  7.81676 -2.17535 0.302583   0.123671 -0.0583696  0.0367632  -0.00167699 -0.000845445   0.00088823 0.00826929 -0.0174187 -0.0174907 1 0 0
             91.1303 2.17554 25.8262  155.34   7.8266  -2.1895 0.304579 0.0980778  -0.10821 0.0308414  -0.00176327 -0.000857394  0.000847862 0.00816663 -0.0187053 -0.0170811 1 0 0
             91.1303 2.06728 25.8153   155.3  7.82633 -2.18954 0.304187 0.0967924 -0.109086 0.0287004  -0.00167388 -0.000845309  0.000883007 0.00807637 -0.0187196 -0.0170162 1 0 0
             91.2302 2.08032 25.5051 154.888  7.83234 -2.20592 0.304755  0.0785862  -0.114041 0.00969438  -0.00173638 -0.000853841  0.000858237 0.00754502 -0.0199572 -0.0168791 1 0 0
             91.2302  2.0439 25.4698 154.874  7.83121 -2.20543 0.304962 0.0713779 -0.111053 0.0125172  -0.00170785 -0.000824674  0.000869194 0.00728183 -0.0198939 -0.0171691 1 0 0
               91.33  2.1853 25.3697 154.645   7.8342 -2.22004 0.304302   0.0410071   -0.111431 -0.00651946  -0.00173856 -0.000827026  0.000874124 0.00692626 -0.0207605 -0.0171359 1 0 0
               91.33  2.1231 25.3615 154.646  7.83401 -2.22002 0.305009   0.0387547    -0.11129 -0.00174563  -0.00167843 -0.000821873  0.000873101 0.00693911 -0.0207695 -0.0173576 1 0 0
             91.4298 2.30159 25.2306 154.627  7.83643 -2.23354 0.306721  0.0360751  -0.108251 0.00775374  -0.00169291 -0.000835444  0.000867833 0.00691392 -0.0214101 -0.0177083 1 0 0
             91.4298 2.28751 25.2207 154.611  7.83806 -2.23284  0.30786 0.0446668  -0.10325 0.0133107  -0.00169202 -0.000820785  0.000878652 0.00730304 -0.0211216 -0.0177877 1 0 0
             91.5305 2.30622 25.0173 154.506  7.84219 -2.23888 0.309857 0.0267861 -0.074952 0.0161211  -0.00169602 -0.000817902  0.000878355 0.00738335  -0.020542 -0.0179141 1 0 0
             91.5305 2.29811  25.032 154.507  7.84343 -2.23855 0.310882  0.0328874 -0.0722816  0.0210207  -0.00169183 -0.000827804  0.000876195 0.00768747 -0.0203763 -0.0179968 1 0 0
             91.6303 2.12307 24.8833 154.282   7.8452 -2.24214 0.315316  0.0205837 -0.0452682  0.0282199   -0.0016898 -0.000835044   0.00088796 0.00763809 -0.0199908 -0.0185355 1 0 0
             91.6303 2.09907 24.8895 154.287  7.84624 -2.24162 0.315173    0.02677 -0.0422289  0.0264703  -0.00166989 -0.000836945  0.000881547 0.00780878  -0.019792 -0.0183784 1 0 0
             91.7301 1.98407 24.6757 154.145  7.85422 -2.24098 0.319456  0.0459617 -0.0132915  0.0299604  -0.00169759 -0.000840829  0.000853959 0.00840465 -0.0189384  -0.018341 1 0 0
             91.7301 1.98054 24.6628  154.17  7.85232 -2.24055 0.317267  0.0367848 -0.0120734  0.0182068  -0.00168253 -0.000837558  0.000832788 0.00783403 -0.0189663 -0.0180908 1 0 0
               91.83 1.86452 24.5839 154.025 7.86071 -2.2423 0.31857   0.0545443 -0.00660236  0.00508491  -0.00170876 -0.000834898  0.000812497 0.00851829 -0.0189087 -0.0176238 1 0 0
               91.83 1.84518  24.575 154.021  7.85789 -2.24181 0.316276   0.0394105 -0.00467685 -0.00585777  -0.00168886 -0.000839505  0.000817716 0.00774142 -0.0189723 -0.0175142 1 0 0
             91.9298  1.8251 24.5308 153.885   7.8613 -2.24513 0.317313   0.0404888 -0.00317201 -0.00329893  -0.00170884 -0.000850454  0.000808468  0.0078227 -0.0195908 -0.0177251 1 0 0
             91.9298  1.7386 24.5138 153.846  7.85854  -2.2445 0.315861   0.0255795 -0.00043277 -0.00906117  -0.00163901 -0.000845811  0.000844075 0.00714191 -0.0196107 -0.0178065 1 0 0
             92.0304 1.79767 24.5027 153.787  7.85909 -2.24773 0.317601  0.0250786 -0.0104855 0.00590545  -0.00167178 -0.000865125   0.00081436  0.0070764  -0.020245 -0.0182495 1 0 0
             92.0304 1.76292  24.481 153.753   7.8569 -2.24717  0.31583    0.014095 -0.00860171 -0.00256203  -0.00165034 -0.000852742  0.000843934 0.00649081 -0.0202676 -0.0181516 1 0 0
             92.1303 1.67359 24.3036 153.634  7.85882  -2.2483 0.321431   0.0198871 -0.00883724   0.0244443  -0.00165876 -0.000882873  0.000830144  0.0067918 -0.0203194 -0.0189833 1 0 0
             92.1303 1.65372 24.2746 153.621  7.85856 -2.24794 0.319992   0.0199635 -0.00774923   0.0155385  -0.00164622 -0.000855178  0.000840356 0.00661143 -0.0202532  -0.018663 1 0 0
             92.2301 1.57408  24.009 153.512  7.86457 -2.25432 0.325239  0.0458746 -0.0292898  0.0368584  -0.00165548 -0.000865513  0.000827537 0.00736366 -0.0209894 -0.0186987 1 0 0
             92.2301 1.55647 23.9797 153.484  7.86296 -2.25431 0.323002  0.0386387 -0.0308946  0.0237066  -0.00164622 -0.000841928  0.000852273 0.00686395 -0.0211082 -0.0183327 1 0 0
               92.33 1.37495 23.6033  153.25  7.86822 -2.24961 0.325976   0.0560035 -0.00418196   0.0308604  -0.00164686 -0.000850545  0.000800951 0.00674517 -0.0198583 -0.0185801 1 0 0
               92.33 1.32594 23.5908 153.198  7.86877 -2.25033 0.324868    0.060378 -0.00921209   0.0228993  -0.00161826 -0.000832078   0.00084724 0.00680769 -0.0199815 -0.0181719 1 0 0
             92.4302 1.19635 23.1286 152.949  7.87079 -2.25517 0.327828  0.0531686 -0.0315082  0.0246551  -0.00163681 -0.000839862  0.000843565 0.00632482 -0.0207328 -0.0185624 1 0 0
             92.4302 1.17435 23.1145 152.941  7.87241 -2.25635  0.32703  0.0632184 -0.0386657  0.0181841  -0.00161762 -0.000815731  0.000851535 0.00664585 -0.0208857 -0.0180957 1 0 0
               92.53 1.08448 22.6999 152.787  7.87907  -2.2639 0.326803  0.0637714 -0.0626354 0.00621367  -0.00162118 -0.000802392  0.000848354   0.006644 -0.0213598 -0.0177533 1 0 0
               92.53 1.05775 22.7004 152.779  7.88071 -2.26432 0.327164  0.0732599 -0.0651043 0.00675796  -0.00159958 -0.000794401  0.000854423 0.00703021 -0.0213391 -0.0175936 1 0 0
             92.6299 0.734687  22.5086   152.44  7.89212 -2.26698 0.332626  0.0875742 -0.0471073  0.0203522  -0.00159766 -0.000802363  0.000846247 0.00766556 -0.0205551 -0.0181415 1 0 0
             92.6299 0.742006  22.5222  152.451  7.89123 -2.26646 0.331584  0.0832176 -0.0446099  0.0147254  -0.00160089 -0.000819649  0.000836248 0.00738411  -0.020504 -0.0180164 1 0 0
             92.7305 0.728446  22.4413  152.345  7.89841 -2.26964 0.340549  0.0768055 -0.0232613  0.0480668  -0.00159082 -0.000841868  0.000840769 0.00754256 -0.0204902 -0.0193167 1 0 0
             92.7305 0.765552  22.4561  152.372  7.89778 -2.26974 0.338329 0.0752486 -0.025135 0.0330665  -0.00161462 -0.000856332  0.000817628 0.00725418 -0.0205834 -0.0187548 1 0 0
             92.8303 0.93266  22.373 152.416  7.90496  -2.2728 0.337887  0.0812673 -0.0109435  0.0223949  -0.00159015 -0.000827893  0.000841703 0.00705562 -0.0208235 -0.0180777 1 0 0
             92.8303 0.969788  22.3739  152.455   7.9038 -2.27252 0.336828   0.0755127 -0.00972325   0.0163457  -0.00161282 -0.000835113  0.000804165 0.00672131 -0.0208526 -0.0179449 1 0 0
             92.9302 0.960148  22.2181  152.385  7.91115 -2.27186 0.340969 0.0716636 0.0116412 0.0389255  -0.00161978 -0.000833421  0.000797427 0.00682065 -0.0207173 -0.0182515 1 0 0
             92.9302 0.924272  22.2004  152.356  7.91016 -2.27189 0.339781 0.0669043 0.0104105 0.0322428   -0.0015922 -0.000819389  0.000824671 0.00653425 -0.0208115 -0.0180595 1 0 0
               93.03 0.77691 21.9099 152.233  7.91752 -2.26714 0.346026 0.0820789  0.052078 0.0481994  -0.00156297 -0.000815371  0.000830356 0.00656743 -0.0204906 -0.0185981 1 0 0
               93.03 0.819466  21.9127  152.259  7.91854  -2.2681 0.345872 0.0883722 0.0463471 0.0458307  -0.00159379 -0.000810873  0.000807797 0.00683227 -0.0206565 -0.0183642 1 0 0
             93.1299 0.899506  21.3433  152.316  7.92435  -2.2627 0.355043 0.0833996 0.0769715 0.0667891   -0.0015698 -0.000818848  0.000829369 0.00658069 -0.0210157 -0.0193602 1 0 0
             93.1299 0.910683  21.3386  152.327  7.92439  -2.2631 0.354209 0.0844562 0.0745411 0.0614572  -0.00157604 -0.000813125  0.000819989 0.00655583 -0.0211008 -0.0191177 1 0 0
             93.2301 1.10361 20.6132 152.464  7.93272 -2.25728 0.357383 0.0882273  0.114693 0.0327709   -0.0015353 -0.000798579   0.00085823 0.00653376 -0.0217839 -0.0187619 1 0 0
             93.2301 1.15902 20.6073 152.493  7.93332 -2.25774 0.356764 0.0925454  0.111989 0.0283276  -0.00157941 -0.000790393  0.000830835 0.00665209 -0.0218508 -0.0185023 1 0 0
               93.33 1.47255 20.2448 152.792  7.94231 -2.24479 0.364713 0.0965013  0.162517 0.0405555  -0.00154996 -0.000814053   0.00083966 0.00686721 -0.0220244 -0.0193736 1 0 0
               93.33 1.46604 20.2448 152.787  7.94332 -2.24519 0.362644 0.103998 0.159847 0.026864  -0.00154705 -0.000809717  0.000844679 0.00696407 -0.0220205 -0.0186952 1 0 0
             93.4298 1.59977 19.9863 153.484  7.95117 -2.22717  0.36295   0.107439   0.203627 0.00215543  -0.00160585 -0.000803456  0.000830311  0.0065031 -0.0221916 -0.0186814 1 0 0
             93.4298 1.51209 19.9896 153.474  7.95318 -2.22711 0.362201    0.119344     0.20396 -0.00379793  -0.00152608 -0.000800163  0.000839681 0.00687058 -0.0219897 -0.0182632 1 0 0
             93.5305 1.38386 19.6521   154.3 7.96584 -2.2091 0.36826 0.138395 0.210168 0.010886  -0.00151839 -0.000821018  0.000867555 0.00726403 -0.0227321 -0.0193362 1 0 0
             93.5305 1.37154 19.6456 154.332  7.96808 -2.20871 0.366588    0.154607    0.213089 -0.00237291  -0.00150183 -0.000807637   0.00083541 0.00766017 -0.0223831 -0.0185814 1 0 0
             93.6303 1.00593 19.9284 155.333  7.97892  -2.1836 0.371675   0.114073   0.250879 0.00793362  -0.00148766 -0.000835455  0.000842628 0.00737082 -0.0222121  -0.019904 1 0 0
             93.6303 0.989979  19.9682  155.332  7.98044 -2.18302 0.368449   0.126993   0.253847 -0.0132779  -0.00147826 -0.000867912  0.000841748 0.00753576 -0.0219035 -0.0188776 1 0 0
             93.7301 1.12688 20.3632 156.507   7.9925 -2.15588 0.371441   0.129615   0.276314 0.00585451  -0.00151573 -0.000906046  0.000860416  0.0075723 -0.0218357 -0.0196378 1 0 0
             93.7301  1.1445 20.3409  156.52  7.99318 -2.15586 0.366959   0.137318   0.276073 -0.0208768  -0.00153212 -0.000880225  0.000846787 0.00746451 -0.0217353 -0.0184541 1 0 0
               93.83 1.46171 20.3917 157.898  8.00343 -2.12593 0.370529   0.127716   0.275124 0.00906868  -0.00153271 -0.000890941  0.000854898 0.00714442 -0.0214806  -0.019523 1 0 0
               93.83 1.47916 20.3776 157.928   8.0045  -2.1258 0.366792   0.138188   0.274523 -0.0159052  -0.00154303 -0.000872239  0.000825391 0.00717474 -0.0213829 -0.0183618 1 0 0
             93.9298 1.19057 20.1027 158.749  8.01375 -2.09196 0.365216   0.102271   0.302301 -0.0143962   -0.0015438 -0.000876019  0.000831056 0.00641611 -0.0204488 -0.0187252 1 0 0
             93.9298 1.17791 20.0803 158.735  8.01738  -2.0922 0.363417   0.125839   0.300742 -0.0305615  -0.00154194 -0.000840468  0.000841766 0.00711439 -0.0202639 -0.0177126 1 0 0
             94.0305 0.93703 20.3102 159.387  8.02882 -2.06207 0.362523   0.115743   0.298014 -0.0265265 -0.00155953 -0.00084692 0.000845328 0.00721313 -0.0203774 -0.0181815 1 0 0
             94.0305 0.925334  20.3325  159.385  8.03139 -2.06207 0.360931    0.13269   0.297594 -0.0400434  -0.00155236 -0.000859676  0.000845909 0.00770025   -0.02023  -0.017369 1 0 0
             94.1303 0.573548  20.2811  159.772  8.03622 -2.04211  0.36282  0.0876662   0.246697 -0.0188389  -0.0015353 -0.00086051 0.000872169  0.0070808 -0.0220231 -0.0188167 1 0 0
             94.1303 0.547301  20.2717  159.754  8.03887 -2.04195 0.361351   0.105066   0.247428 -0.0311657  -0.00152025 -0.000841098  0.000887419 0.00758562 -0.0218341 -0.0180579 1 0 0
             94.2301 0.256751  20.4522  160.032  8.04079 -2.02669 0.363144  0.0456336   0.204078 -0.0195876  -0.00151009 -0.000857856  0.000920285 0.00705943 -0.0236342  -0.019358 1 0 0
             94.2301 0.258217  20.4673  160.019  8.04362 -2.02557 0.360483  0.0660535   0.210506 -0.0389042  -0.00152438 -0.000862471  0.000930131 0.00754739 -0.0231942 -0.0182841 1 0 0
               94.33 0.0318775   20.9195   160.018  8.04278 -2.00705 0.362379   0.011063   0.203629 -0.0139851   -0.0015241 -0.000887665  0.000947666 0.00697739 -0.0238318 -0.0196423 1 0 0
               94.33 0.0266996   20.9392   160.011  8.04543 -2.00479 0.359601  0.0296263   0.217491 -0.0320824  -0.00153291 -0.000900071  0.000950734 0.00736138 -0.0230903 -0.0186553 1 0 0
             94.4298 0.239865  21.2503  160.107  8.04352 -1.98958 0.356676 -0.0258513   0.197055 -0.0325894  -0.00155432 -0.000876573  0.000972368 0.00708683 -0.0243473 -0.0188078 1 0 0
             94.4298 0.237838  21.2604  160.103  8.04677 -1.98623 0.354739 -0.00464409    0.216596   -0.046697  -0.00156778 -0.000878898  0.000972941 0.00759764 -0.0233492 -0.0179407 1 0 0
             94.5305 0.784538  21.6404  160.352 8.04091 -1.9577 0.35362 -0.0732033   0.252247 -0.0281673   -0.0015826 -0.000888639  0.000959962 0.00719698 -0.0222871 -0.0188434 1 0 0
             94.5305 0.821583  21.6212  160.375   8.0426 -1.95562 0.350526 -0.0602845   0.264953 -0.0476849   -0.0016194 -0.000866527  0.000935187 0.00731764 -0.0216423 -0.0178568 1 0 0
             94.6303 1.57789 21.9448 160.825  8.03167 -1.92711 0.353459  -0.122834   0.297725 -0.0228957  -0.00160408 -0.000870543  0.000944736 0.00732363 -0.0215494 -0.0192601 1 0 0
             94.6303 1.62127  21.953 160.857  8.03354 -1.92484 0.350821  -0.108748   0.312045 -0.0413172  -0.00163874 -0.000879745  0.000914497 0.00752187  -0.020774 -0.0182214 1 0 0
             94.7301  2.3539 21.9607  161.43   8.0185 -1.88677  0.35001  -0.163278   0.354896 -0.0315987  -0.00162769 -0.000873442  0.000890628 0.00723915 -0.0196977 -0.0191014 1 0 0
             94.7301 2.36345 21.9364 161.432  8.02035 -1.88538 0.347589  -0.148527   0.363945 -0.0493878   -0.0016401 -0.000845957  0.000886823 0.00748946 -0.0191478 -0.0181081 1 0 0
               94.83 2.63686 21.6486 162.115  7.99946 -1.84999 0.346392   -0.20454    0.37485 -0.0407315  -0.00162178 -0.000849321  0.000869962 0.00713986 -0.0196588 -0.0191731 1 0 0
               94.83 2.58328 21.6252 162.103  8.00117 -1.84929  0.34436  -0.191875   0.379101 -0.0555683   -0.0015749 -0.000821175  0.000879749 0.00737878 -0.0193326 -0.0183607 1 0 0
             94.9298 2.02502 21.4418 162.859  7.97515 -1.81394 0.342583  -0.244912   0.351242 -0.0253483  -0.00158138 -0.000839799  0.000869992 0.00682125 -0.0197769 -0.0192796 1 0 0
             94.9298 1.95194 21.4379 162.871  7.97871 -1.81335 0.340554   -0.22193   0.354876 -0.0416623  -0.00150629 -0.000829647  0.000857224 0.00747786 -0.0194036 -0.0182428 1 0 0
             95.0304   1.167 21.2518 163.369  7.95593 -1.77703 0.337726  -0.249608   0.358463 -0.0168047  -0.00150115 -0.000829833  0.000843953 0.00751694 -0.0193198 -0.0182467 1 0 0
             95.0304 1.19662 21.2555 163.369  7.95779 -1.77631 0.335988  -0.236788   0.362801 -0.0295518  -0.00153353 -0.000830278  0.000843104 0.00780987 -0.0190373 -0.0175295 1 0 0
             95.1303 0.811086  21.8063  164.057  7.93365 -1.74146  0.33418   -0.212581    0.349016 -0.00950253   -0.0015486 -0.000824578  0.000849797 0.00760083 -0.0191898 -0.0176211 1 0 0
             95.1303 0.762656  21.8581  164.072  7.93576  -1.7417 0.333557  -0.200248   0.347118 -0.0152959  -0.00149479 -0.000871981  0.000835922 0.00804102 -0.0191887 -0.0171634 1 0 0
             95.2301 0.795257  21.7726  164.597  7.91178 -1.71922 0.337994  -0.182939   0.320145 0.00455022  -0.00153439 -0.000877212  0.000852149 0.00764391  -0.021591  -0.018352 1 0 0
             95.2301 0.802522  21.7388  164.596  7.91282 -1.71879 0.336703   -0.174849    0.322935 -0.00434251  -0.00154417 -0.000840259  0.000851343 0.00780542 -0.0214239 -0.0178656 1 0 0
             95.3299 1.41779 21.9252 165.217  7.89357 -1.68317 0.340077  -0.134887   0.342152 0.00636617  -0.00151274 -0.000853934   0.00085358 0.00735295 -0.0210424 -0.0188963 1 0 0
             95.3299 1.46517 21.9355 165.189  7.89505 -1.68376  0.33874  -0.124799   0.339101 -0.0029676  -0.00157176 -0.000859771  0.000879979 0.00762299  -0.021147 -0.0183355 1 0 0
             95.4302 2.27715 21.5019 166.378  7.88192 -1.64941 0.338489 -0.0880098   0.361907 -0.0110286 -0.00159079  -0.0008501 0.000845114 0.00723181 -0.0212977 -0.0186762 1 0 0
             95.4302 2.27874 21.4601 166.392  7.88483 -1.64867 0.337597 -0.0706582   0.366152  -0.017865  -0.00159054 -0.000802886  0.000829283 0.00780987 -0.0210394 -0.0181111 1 0 0
               95.53 2.99881  20.914 167.332  7.87758 -1.61397 0.338737  -0.0453347    0.394808 -0.00961497  -0.00162375 -0.000812369  0.000817756 0.00766747 -0.0217401 -0.0186804 1 0 0
               95.53 2.94937 20.8795 167.295  7.87761 -1.61389 0.336576 -0.0432307   0.394548 -0.0218317  -0.00158816 -0.000774512  0.000851013 0.00753683 -0.0217101 -0.0181519 1 0 0
             95.6299 3.33483  20.685 168.498   7.8732 -1.58251 0.340489  -0.0252777    0.397223 -0.00494735 -0.00155264 -0.00078474 0.000893761 0.00771237 -0.0234954 -0.0191349 1 0 0
             95.6299 3.34095 20.7112 168.525  7.87332 -1.58086 0.337603 -0.0224483   0.407195  -0.021237  -0.00155253 -0.000812392  0.000868202 0.00755088 -0.0230105  -0.018451 1 0 0
             95.7305 3.36091 20.9663 170.022  7.86839 -1.53665 0.343819 0.000657917    0.464123    0.013406 -0.00155717  -0.0008489 0.000866188 0.00733016 -0.0230379  -0.020012 1 0 0
             95.7305 3.33383 20.9957 170.008  7.86861 -1.53577 0.340174  0.00566287    0.469495 -0.00950036  -0.00153773 -0.000875756  0.000879556 0.00717482 -0.0227237 -0.0190053 1 0 0
             95.8303 3.01689 20.8194 171.567  7.86898 -1.49025 0.346461  0.032662  0.481655 0.0404815  -0.00156354 -0.000880066  0.000884675 0.00704964 -0.0232032 -0.0201173 1 0 0
             95.8303 2.96778  20.795 171.556  7.87028 -1.48908 0.342654 0.0440851  0.488539 0.0157568  -0.00152294 -0.000850131   0.00089143 0.00712845 -0.0228013 -0.0189479 1 0 0
             95.9302 2.66526 21.2753 173.388   7.8714 -1.43991 0.347544 0.0289943   0.51084 0.0265362  -0.00154252 -0.000874235  0.000904625 0.00680521  -0.023035 -0.0196814 1 0 0
             95.9302 2.66964 21.3042 173.434    7.873 -1.43802 0.344302  0.0416271   0.522211 0.00427676  -0.00153538 -0.000902007  0.000859086 0.00700728 -0.0224804 -0.0185929 1 0 0
               96.03 2.28925 21.8539  174.87  7.87451 -1.38647  0.35038 0.0305079  0.528026 0.0141585  -0.00153643 -0.000939122  0.000860189 0.00675262 -0.0227054 -0.0199118 1 0 0
               96.03 2.28967 21.8317 174.803   7.8782 -1.38592 0.345928   0.054527   0.531736 -0.0145178   -0.0015666 -0.000905548  0.000920286 0.00730779 -0.0225173  -0.018352 1 0 0
             96.1299   2.009 22.2918 175.306  7.87896 -1.33246 0.338181  0.0372932   0.506282 -0.0450326 -0.00157193 -0.00089968 0.000920434 0.00641081 -0.0220826 -0.0177988 1 0 0
             96.1299 2.02948 22.2702 175.292  7.88282 -1.33052 0.337698  0.0589581   0.517633 -0.0506138   -0.0016036 -0.000871263  0.000931065 0.00727766  -0.021632 -0.0172102 1 0 0
             96.2305 1.94012 22.4786  175.33  7.88119 -1.27887 0.336587 -0.00861267    0.490334  -0.0438956  -0.00163923 -0.000913016  0.000910543 0.00671455 -0.0213223 -0.0183577 1 0 0
             96.2305 1.91726 22.4384 175.288  7.88667 -1.27726 0.337392  0.0224272   0.499245 -0.0442726  -0.00163365 -0.000862191  0.000950662 0.00806769 -0.0210443 -0.0177854 1 0 0
             96.3303 2.23228 22.8222 175.429  7.88051  -1.2246 0.339205 -0.0272214   0.485513 -0.0173736  -0.00161863 -0.000878082  0.000933536 0.00734011 -0.0201961 -0.0194275 1 0 0
             96.3303 2.26155 22.8322 175.432  7.88364 -1.22378 0.338586 -0.00862713    0.490019  -0.0236429  -0.00164953 -0.000885896  0.000930992 0.00807601 -0.0200797 -0.0187884 1 0 0
             96.4302 2.85949 22.5847  176.08  7.87659 -1.17838 0.335124 -0.0655965   0.455595 -0.0357118  -0.00170319 -0.000889951  0.000894688  0.0073519 -0.0204237 -0.0190192 1 0 0
             96.4302 2.81664 22.5349  176.09  7.88195 -1.17819 0.335376 -0.0342264   0.455402 -0.0387161 -0.00165538 -0.00083106 0.000882844 0.00866954 -0.0205802 -0.0182747 1 0 0
               96.53 3.15392 22.5026 176.452     7.87 -1.13451 0.333757 -0.0992855   0.431041 -0.0450096  -0.00166029 -0.000847233  0.000885624 0.00781928 -0.0205903 -0.0193831 1 0 0
               96.53 3.14126 22.5001 176.445  7.87255 -1.13486 0.332097 -0.0828047   0.429317 -0.0571015    -0.001649 -0.000841096  0.000891797  0.0083061 -0.0207268 -0.0185596 1 0 0
             96.6298 2.97098  22.324 177.108  7.85969 -1.08997 0.325149  -0.127897    0.42959 -0.0664358  -0.00166403 -0.000845296  0.000869123 0.00780846 -0.0201484 -0.0187022 1 0 0
             96.6298 2.89004 22.3042 177.135  7.86335 -1.09012  0.32472  -0.105553   0.427889 -0.0727957  -0.00156981 -0.000824201  0.000842952 0.00864864 -0.0203051 -0.0180167 1 0 0
             96.7305 2.45233 22.1979 177.949  7.84526 -1.04743 0.322431  -0.162384   0.427312 -0.0474711  -0.00159587 -0.000839833   0.00082264 0.00803724  -0.020312 -0.0192654 1 0 0
             96.7305 2.41897 22.2079 177.932  7.84742 -1.04932 0.321974  -0.148927   0.415382 -0.0521976  -0.00156773 -0.000848691  0.000839671 0.00845994  -0.020921 -0.0188137 1 0 0
             96.8303 1.78467 21.9855 179.455  7.82919 -1.00639 0.317266  -0.173479   0.411956 -0.0309157  -0.00157284 -0.000848746  0.000822773 0.00814244 -0.0205215 -0.0189836 1 0 0
             96.8303 1.72586 21.9566 179.503  7.82675 -1.00523 0.312247  -0.181285   0.420686 -0.0619558  -0.00149567 -0.000821014  0.000775784 0.00731378 -0.0199726 -0.0178608 1 0 0
             96.9302 0.826773  21.9928 -178.867   7.80589 -0.963962  0.308564  -0.195656   0.423237 -0.0238294  -0.00149653 -0.000824218  0.000781342 0.00702903 -0.0201016 -0.0182267 1 0 0
             96.9302 0.838841   22.022 -178.822   7.80892 -0.965332  0.310142  -0.177975   0.413092 -0.0148561   -0.0014907 -0.000852499  0.000739635 0.00786806 -0.0207281 -0.0182803 1 0 0
               97.03 0.592531  22.0573 -177.129  7.78827 -0.92104 0.316252 -0.173732  0.424078 0.0273303  -0.00147924 -0.000867514  0.000767657 0.00774912 -0.0202118 -0.0197743 1 0 0
               97.03 0.664692  22.0511 -177.078   7.78926 -0.921938   0.31392  -0.16458  0.418131 0.0114187  -0.00153404 -0.000861497  0.000718683 0.00780355 -0.0205821 -0.0189725 1 0 0
             97.1298 0.930061  22.0467 -175.572  7.77231 -0.88391 0.316371  -0.151339   0.383851 0.00820599  -0.00153752 -0.000864421  0.000714141 0.00748119 -0.0209507 -0.0194793 1 0 0
             97.1298 0.955793  22.0556 -175.611   7.77562 -0.885396  0.317801 -0.131717  0.373711 0.0154372  -0.00157906 -0.000871467   0.00075183 0.00834141 -0.0216462 -0.0194596 1 0 0
             97.2305  1.52669  22.3034 -174.319    7.7655 -0.856229  0.320321 -0.0812563   0.326962  0.0229805   -0.0016202 -0.000873844  0.000747418 0.00825974 -0.0229673 -0.0196108 1 0 0
             97.2305 1.51147 22.3201 -174.35   7.76669 -0.857391   0.32035 -0.0742484   0.319591   0.022567   -0.0016163 -0.000889351  0.000776834 0.00847333 -0.0233871 -0.0194973 1 0 0
             97.3303   2.1496  22.1122 -172.983   7.75624 -0.829141  0.330608 -0.0799676   0.318915  0.0378784  -0.00160525 -0.000897138  0.000795856 0.00819652 -0.0238841 -0.0212895 1 0 0
             97.3303 2.16574 22.0981 -172.98  7.75642 -0.82988 0.328001 -0.0754871   0.314954   0.022477   -0.0016207 -0.000882023  0.000793499 0.00805741 -0.0241205 -0.0205982 1 0 0
             97.4301  2.96769   22.239 -171.529   7.74489 -0.804842  0.337411 -0.076625  0.305352 0.0470477  -0.00166254 -0.000901788  0.000778759 0.00746203 -0.0251187 -0.0223233 1 0 0
             97.4301  2.90796  22.2598 -171.582   7.74469 -0.803913  0.332042 -0.072267  0.311073 0.0166214  -0.00162235 -0.000918868  0.000829908 0.00719234 -0.0248645 -0.0209691 1 0 0
               97.53  3.33774  22.2079 -169.911   7.73951 -0.773737  0.335036 -0.0447223   0.329228  0.0234909  -0.00163736 -0.000920148  0.000822137 0.00728312 -0.0253172 -0.0211465 1 0 0
               97.53  3.30919  22.1585 -169.934   7.73811 -0.775512  0.323333 -0.0380436   0.323461  -0.045027  -0.00161913 -0.000865956  0.000841696 0.00624809 -0.0255471 -0.0182573 1 0 0
             97.6298  3.02683  22.1029 -168.444   7.72996 -0.743447  0.322833 -0.0406558   0.323135 -0.0148916  -0.00162802 -0.000878679  0.000834784  0.0056396 -0.0252966 -0.0192195 1 0 0
             97.6298  2.96918  22.1049 -168.481   7.73333 -0.742545  0.323253 -0.0202471   0.327588   -0.01481 -0.00158369 -0.00087682 0.000870261 0.00656945 -0.0254075 -0.0188279 1 0 0
             97.7304  2.41918  21.9029 -166.762   7.72947 -0.714945  0.330558 -0.0122491   0.300108  0.0356253  -0.00164391 -0.000896895  0.000848984 0.00625227  -0.026287 -0.0205005 1 0 0
             97.7304  2.29482  21.8939 -166.824  7.73254 -0.71245 0.330141 0.00645764    0.31437  0.0298201  -0.00154207 -0.000882884  0.000906098  0.0071763 -0.0259169  -0.019857 1 0 0
             97.8303 1.72915 22.3831 -165.57   7.73127 -0.684452  0.333452 -0.0168261   0.287904  0.0260519  -0.00153004 -0.000881391  0.000916473 0.00691853 -0.0262609  -0.020045 1 0 0
             97.8303  1.76566  22.4369 -165.603   7.73385 -0.681851  0.332362 -0.00137672    0.304358   0.0161268  -0.00158068 -0.000934661  0.000949132  0.0076999   -0.02582 -0.0192641 1 0 0
             97.9301   1.7869  22.7257 -163.884   7.72959 -0.648006  0.341462 7.01931e-05    0.337261   0.0398372 -0.00158919 -0.00095845 0.000947687 0.00747373 -0.0250649 -0.0209626 1 0 0
             97.9301  1.81024  22.7025 -163.867    7.7304 -0.646653  0.338687 0.0068138  0.346343 0.0228433  -0.00160734 -0.000935157  0.000929715 0.00761503 -0.0247791 -0.0200923 1 0 0
             98.0299  1.74121  22.3467 -162.841   7.72885 -0.612148  0.343171 0.000961031    0.332464    0.032043   -0.0015894 -0.000941122  0.000935422 0.00740828 -0.0244438 -0.0205665 1 0 0
             98.0299  1.73382  22.3047 -162.921   7.73073 -0.609659  0.340902 0.0140573  0.346813 0.0159586  -0.00161515 -0.000892727   0.00101736 0.00794587 -0.0240678 -0.0195308 1 0 0
             98.1302  1.56851  22.2505 -162.506   7.72918 -0.573399  0.340867  -0.0246115    0.348388 -0.00961125  -0.00160438 -0.000895646   0.00101175 0.00789414 -0.0237163 -0.0195418 1 0 0
             98.1302  1.58916  22.2619 -162.545   7.72897 -0.572011  0.338979 -0.0244776   0.357558 -0.0209765  -0.00164146 -0.000905725   0.00104828 0.00789775 -0.0233003 -0.0189741 1 0 0
               98.23  1.98897  22.2655 -162.251   7.72107 -0.541085  0.344528 -0.0676264   0.312439 0.00139478  -0.00167576 -0.000935566   0.00102323 0.00743049 -0.0235649 -0.0208674 1 0 0
               98.23  1.94904  22.2472 -162.311   7.72263 -0.539037  0.341346 -0.0547144   0.324811 -0.0202443  -0.00165747 -0.000915935    0.0010802 0.00783949 -0.0232839 -0.0196202 1 0 0
             98.3299  2.48855  22.2106 -162.088   7.71161 -0.510686  0.344132   -0.117445    0.275625 -0.00509949  -0.00167229 -0.000926045   0.00107393 0.00742986  -0.023362 -0.0208434 1 0 0
             98.3299  2.50484  22.2044 -162.088   7.71215 -0.508617  0.340834  -0.110459   0.289235 -0.0269459  -0.00168646 -0.000921485   0.00107477 0.00762166 -0.0229077 -0.0196975 1 0 0
             98.4305  2.82772  22.1166 -161.542   7.69667 -0.481711  0.341645  -0.171327   0.249115 -0.0236624  -0.00167332 -0.000927463   0.00107898 0.00759718 -0.0227639 -0.0205019 1 0 0
             98.4305  2.84433  22.1028 -161.507   7.69869 -0.479294  0.338667  -0.155707   0.264849 -0.0457887  -0.00167376 -0.000919235   0.00104686 0.00817855 -0.0224212  -0.019184 1 0 0
             98.5304  3.23181  22.3298 -160.984  7.67734 -0.45262 0.337086  -0.229357   0.255178 -0.0554933 -0.00165499  -0.0009253   0.0010563 0.00801268 -0.0219988 -0.0201561 1 0 0
             98.5304  3.25021  22.3371 -160.965   7.67768 -0.450412  0.334233  -0.224214   0.269768 -0.0750511  -0.00166357 -0.000935042   0.00104015 0.00820729 -0.0214597 -0.0191432 1 0 0
             98.6302  3.47348  22.7814 -160.228   7.65218 -0.422758  0.332416  -0.253286    0.27158 -0.0493705  -0.00166183 -0.000947408   0.00104067 0.00830106 -0.0211627 -0.0202342 1 0 0
             98.6302  3.44578  22.7772 -160.207   7.65422 -0.421554  0.328749  -0.237344   0.279496 -0.0744683  -0.00162377 -0.000946643   0.00102088 0.00866969 -0.0211296 -0.0188564 1 0 0
               98.73  3.35128   22.455 -159.208    7.6291 -0.394812  0.324646  -0.254681   0.278499 -0.0507065  -0.00163508 -0.000952166   0.00101861 0.00865016 -0.0212924 -0.0193865 1 0 0
               98.73  3.31217  22.3872 -159.188   7.62996 -0.394089  0.321419  -0.245606   0.284049 -0.0717361   -0.0015868 -0.000884895  0.000995294 0.00873544 -0.0212004 -0.0183271 1 0 0
             98.8299  2.75704   22.113 -158.131   7.59978 -0.367963  0.323798  -0.299125   0.261852 -0.0185367  -0.00160081 -0.000901578  0.000995097 0.00841001 -0.0211487 -0.0201591 1 0 0
             98.8299  2.72128  22.1248 -158.113   7.60225 -0.366899  0.321062  -0.281861   0.268475 -0.0382083  -0.00155666 -0.000917861  0.000978518 0.00889046 -0.0212315 -0.0189873 1 0 0
             98.9301  1.78877  22.8952 -157.253   7.5739 -0.34031 0.323649    -0.283312     0.270695 -0.000644399  -0.00156147 -0.000932006    0.0010009 0.00922694 -0.0213472  -0.019876 1 0 0
             98.9301  1.75612  22.9613 -157.249   7.57408 -0.341253  0.320049  -0.27797   0.26656 -0.022779 -0.00152727 -0.00100071 0.000998248 0.00896368 -0.0215939 -0.0188922 1 0 0
               99.03  1.35358  23.1691 -156.638   7.54923 -0.318088  0.327709 -0.238943  0.286618 0.0225441 -0.00157937 -0.00102084 0.000987277 0.00904242 -0.0227576  -0.020597 1 0 0
               99.03  1.36326  23.1063 -156.659   7.54824 -0.319008  0.321932  -0.238536   0.282927 -0.0108815  -0.00159948 -0.000955611   0.00100559 0.00833851 -0.0228511 -0.0192638 1 0 0
             99.1302  2.08441   23.047 -156.041   7.52342 -0.291411  0.326882 -0.223527   0.29636 0.0100049  -0.00161865 -0.000967832   0.00100533 0.00823245 -0.0229954  -0.020506 1 0 0
             99.1302  2.11219  23.0254 -156.063   7.52218 -0.292113   0.32172  -0.225143   0.294959 -0.0207209  -0.00165637 -0.000944395   0.00102513 0.00756317 -0.0229754 -0.0192915 1 0 0
               99.23   2.7689  22.9347 -155.399   7.50193 -0.264738  0.324867  -0.192164   0.295558 0.00984353  -0.00168321 -0.000953694   0.00101489 0.00759682 -0.0233579  -0.020096 1 0 0
               99.23  2.69866  22.9013 -155.445   7.50205 -0.265029  0.321132  -0.186066   0.295689 -0.0135372  -0.00163045 -0.000917956   0.00105724 0.00738719 -0.0234624 -0.0190367 1 0 0
             99.3299  3.13124  22.5375 -154.662   7.48226 -0.231536  0.323264   -0.196361    0.357277 -0.00916182  -0.00165901 -0.000923015   0.00103953 0.00741554 -0.0230638 -0.0197468 1 0 0
             99.3299  3.09277  22.5023 -154.667  7.48224 -0.23098 0.320504  -0.193235   0.361986 -0.0266052  -0.00162068 -0.000886948   0.00104289 0.00732441 -0.0229151 -0.0189357 1 0 0
             99.4305  3.55781  22.2962 -153.652   7.46523 -0.195764  0.317073  -0.164588   0.393071 -0.0297415  -0.00167098 -0.000882596   0.00102101 0.00713229 -0.0236366 -0.0188279 1 0 0
             99.4305  3.50086  22.2918 -153.676  7.46631 -0.19487 0.316681    -0.1574   0.398051 -0.0338693   -0.0016216 -0.000877912   0.00104395 0.00745831 -0.0236102  -0.018485 1 0 0
             99.5303  3.28858  22.2497 -152.222   7.44692 -0.149541  0.315697  -0.161201   0.448971 -0.0282306 -0.00163326 -0.00088026  0.00103149 0.00746631 -0.0226744 -0.0191397 1 0 0
             99.5303  3.26457  22.2554 -152.182   7.44737 -0.147645  0.316258  -0.159595   0.459292 -0.0261651  -0.00159134 -0.000889024  0.000994048 0.00785115 -0.0223092 -0.0190968 1 0 0
             99.6302  2.55885  22.1808 -150.545   7.42854 -0.100449  0.320551 -0.158203  0.472469 0.0186045  -0.00159435 -0.000900487  0.000995031 0.00765153 -0.0218604 -0.0203313 1 0 0
             99.6302  2.51616   22.177 -150.544    7.42949 -0.0992945    0.32011 -0.15244 0.478703 0.014742 -0.00154971 -0.00089732 0.000993768 0.00796782 -0.0217606 -0.0200171 1 0 0
               99.73   2.0318  22.0228 -148.593   7.40964 -0.046913  0.328741 -0.167926  0.502097 0.0513961  -0.00154623 -0.000911047  0.000993431 0.00793003 -0.0206842 -0.0212595 1 0 0
               99.73  2.05324  22.0246 -148.551    7.41122 -0.0467922    0.32681 -0.157623  0.503392  0.039017   -0.0015525 -0.000914446  0.000953567 0.00811572 -0.0209333 -0.0205592 1 0 0
             99.8299  1.73948  22.3203 -146.858    7.39281 0.00862558   0.334668 -0.167427  0.500824 0.0469247  -0.00159501 -0.000923742  0.000922274  0.0087153 -0.0196907 -0.0210997 1 0 0
             99.8299  1.66315  22.3662 -146.906    7.39347 0.00611478   0.331057 -0.159101  0.487998 0.0261226  -0.00153316 -0.000959609  0.000968421 0.00826579 -0.0203761 -0.0202539 1 0 0
             99.9305   1.4673  22.4796 -145.866   7.3716  0.05453 0.341492 -0.202446   0.46382 0.0424309  -0.00159385 -0.000984778  0.000944244 0.00814758 -0.0197915  -0.021972 1 0 0
             99.9305 1.42806 22.4826  -145.9   7.37436 0.0527022  0.337257 -0.181569  0.454378 0.0156413  -0.00155573 -0.000972898  0.000978572 0.00808034 -0.0207514 -0.0207216 1 0 0
              100.03  2.19954  22.5527 -144.742   7.35529 0.0993989  0.342402 -0.209439  0.426814 0.0200515  -0.00162006 -0.000973984  0.000937794 0.00861398 -0.0204401 -0.0212296 1 0 0
              100.03  2.17417  22.5562 -144.782   7.35729 0.0961989  0.338198   -0.192865    0.409537 -0.00564405   -0.0015906 -0.000970184  0.000980847 0.00816901 -0.0215216 -0.0202278 1 0 0
              100.13  3.15452  22.3494 -143.848  7.33866 0.131497 0.343015 -0.193506  0.355818 0.0109481  -0.00164647 -0.000979127  0.000958841 0.00806707 -0.0221063  -0.021225 1 0 0
              100.13  3.13137  22.3205 -143.903  7.34072 0.128923 0.338592  -0.176567   0.342999 -0.0158396  -0.00162677 -0.000943919   0.00101297 0.00772815 -0.0230339 -0.0201437 1 0 0
              100.23  3.62558  21.7861 -143.098  7.32319 0.151451  0.34094   -0.20562   0.254859 -0.0226811  -0.00166422 -0.000958355   0.00101287 0.00717973 -0.0243235 -0.0212575 1 0 0
              100.23  3.46306  21.7674 -143.167  7.32464 0.150211 0.336979  -0.192104   0.248974 -0.0474679  -0.00152315 -0.000930987   0.00107657 0.00699006 -0.0248611 -0.0202048 1 0 0
              100.33  3.85988  21.8491 -142.509  7.30087 0.172512 0.337355  -0.242722   0.223763 -0.0544763  -0.00155828 -0.000950611   0.00106632 0.00690079 -0.0247595  -0.021452 1 0 0
              100.33 3.83424 21.8844 -142.54 7.30124 0.17263 0.33258  -0.236397   0.226532 -0.0830398  -0.00154215 -0.000978987   0.00109655 0.00672186 -0.0248165 -0.0202365 1 0 0
              100.43   4.0489  21.9276 -141.926  7.27571 0.192843 0.326309  -0.261365   0.202515 -0.0860036  -0.00157698 -0.000982037   0.00108382 0.00659959  -0.024974 -0.0208026 1 0 0
              100.43 4.01143  21.907 -141.96  7.27627 0.194117 0.323071 -0.254763  0.211618 -0.106953  -0.00155578 -0.000952538   0.00111183 0.00674419 -0.0248403 -0.0198014 1 0 0
              100.53  3.27096  22.1125 -141.556  7.25172 0.209824 0.312604  -0.249682   0.176979 -0.0882215  -0.00160011 -0.000945307   0.00111048 0.00640567 -0.0255222 -0.0198539 1 0 0
              100.53  3.13786  22.1284 -141.595  7.25273 0.212872 0.312355  -0.243417   0.193131 -0.0924774  -0.00149381 -0.000945416   0.00114244 0.00705486 -0.0251701 -0.0194175 1 0 0
              100.63   1.3326   21.756 -141.375  7.22816 0.228329 0.311247  -0.212297   0.175702 -0.0204056  -0.00155083 -0.000957598   0.00112852  0.0066321  -0.025169 -0.0206047 1 0 0
              100.63  1.19328  21.7248 -141.402  7.22798 0.232219 0.310466  -0.212557   0.196635 -0.0269393  -0.00143907 -0.000915884   0.00114549  0.0071975  -0.024444 -0.0201205 1 0 0
              100.73 0.673195  21.2522 -140.287  7.20505 0.254078  0.31087 -0.188975  0.181972 0.0044608  -0.00150902 -0.000907008   0.00111276 0.00732845  -0.023747 -0.0204992 1 0 0
              100.73 0.716516  21.2674 -140.255  7.20567  0.25763 0.310528   -0.185862    0.201571 -0.00020902  -0.00154833 -0.000909635    0.0010785  0.0079843 -0.0232629 -0.0200352 1 0 0
              100.83 0.886508  21.2428 -139.459  7.18271 0.279729 0.314672 -0.185971  0.167923 0.0205766  -0.00158711 -0.000919275   0.00106344 0.00815687 -0.0219706 -0.0206854 1 0 0
              100.83 0.879041   21.284 -139.491  7.18341 0.281165 0.314278 -0.181898  0.175611 0.0168849  -0.00159268 -0.000950515   0.00108983 0.00847816 -0.0218811 -0.0203903 1 0 0
              100.93  1.43745  21.5531 -138.878  7.16627 0.299018 0.321985 -0.136999  0.157162 0.0477671  -0.00166511 -0.000952949    0.0010632 0.00864931 -0.0215135 -0.0212678 1 0 0
              100.93 1.41647 21.5715 -138.89 7.16687 0.29978 0.31973 -0.132109  0.162517 0.0336757  -0.00164918 -0.000963395   0.00107428 0.00874575 -0.0215172 -0.0205975 1 0 0
              101.03  1.98162  21.6501 -138.507   7.1522  0.31375 0.327545 -0.126632  0.149197 0.0518284  -0.0017424 -0.00096122  0.00104078 0.00860714 -0.0215236 -0.0214732 1 0 0
              101.03  1.85553  21.6637 -138.561  7.15217 0.313362 0.325086 -0.123684  0.148273 0.0365227  -0.00163765 -0.000971087   0.00108991 0.00842627 -0.0216066 -0.0208583 1 0 0
              101.13  2.55102  21.1984 -138.237   7.1391 0.325385 0.333382 -0.116037  0.122632 0.0474944  -0.00169667 -0.000976718   0.00107862 0.00814245 -0.0215945  -0.021889 1 0 0
              101.13  2.48971  21.1725 -138.264  7.13991 0.324418 0.329923 -0.108147  0.119282 0.0275274  -0.00164113 -0.000947833   0.00110526 0.00791987 -0.0219373 -0.0210758 1 0 0
              101.23  2.84419  20.7812 -137.739 7.12556 0.33644 0.33504 -0.116492   0.12019 0.0262813  -0.00167192 -0.000956107    0.0010923 0.00766212 -0.0213602 -0.0217199 1 0 0
              101.23  2.80507  20.7978 -137.693  7.12741 0.336488 0.332835 -0.103065  0.121366   0.01135   -0.0016121 -0.000964922   0.00105462 0.00783377 -0.0217781 -0.0209693 1 0 0
              101.33  3.08465  20.7594 -136.983   7.1119 0.348615 0.338054 -0.100166   0.10853 0.0245014  -0.00162885 -0.000982809   0.00103958 0.00756147 -0.0207796 -0.0218893 1 0 0
              101.33  3.04896   20.776 -136.988  7.1154 0.34819 0.33507 -0.0748228   0.107213 0.00190691   -0.0015819 -0.000984272   0.00105027 0.00785272 -0.0216801 -0.0207313 1 0 0
              101.43  3.12892  20.4065 -136.229  7.10567 0.361796 0.338829 -0.0777752   0.108474  0.0041703  -0.00162523 -0.000983849   0.00100825 0.00803696 -0.0208238 -0.0213955 1 0 0
              101.43  3.05672  20.3972 -136.257  7.10939 0.359502 0.335645 -0.0505931  0.0976267 -0.0181955  -0.00154496 -0.000965186   0.00104022 0.00804279 -0.0220562 -0.0203391 1 0 0
              101.53  3.42047  20.6396 -135.564  7.10731 0.364287 0.336522 -0.0408296  0.0616397 -0.0165993  -0.00158901 -0.000964775   0.00103299 0.00799021  -0.022923 -0.0209135 1 0 0
              101.53  3.37141  20.6878 -135.594  7.11039 0.363252 0.334043 -0.0195548  0.0572415 -0.0342584 -0.00153797 -0.00100278  0.00106864 0.00815656 -0.0238156 -0.0199835 1 0 0
              101.63  3.34755  21.1283 -135.058  7.11027 0.367095  0.33203 0.00209609  0.0537751 -0.0243542  -0.00156483 -0.000999123   0.00105835 0.00811802  -0.024089 -0.0201873 1 0 0
              101.63  3.30286  21.1312 -135.076 7.11148 0.36639 0.32951 0.0111219 0.0513844 -0.039402  -0.00152112 -0.000996652   0.00107768 0.00803975 -0.0244567 -0.0194957 1 0 0
              101.73  3.37987  21.1621 -134.559  7.10702 0.377853 0.328057 0.00448569   0.076272 -0.0219102  -0.00154008 -0.000999922   0.00104906 0.00823844 -0.0229197 -0.0198239 1 0 0
              101.73  3.40466  21.1155 -134.573  7.10817 0.375262 0.326186  0.0133175  0.0630279 -0.0321402  -0.00155888 -0.000955854   0.00106327 0.00780077 -0.0236173 -0.0194814 1 0 0
              101.83 3.24737 21.1054 -134.29  7.10369 0.382156 0.328613  -0.020575  0.0591333 -0.0112737  -0.00160466 -0.000964343   0.00103963 0.00765456 -0.0227224 -0.0205608 1 0 0
              101.83  3.18923  21.1143 -134.325  7.10491 0.381161 0.327851 -0.0123557  0.0536882  -0.015953   -0.0015533 -0.000970124   0.00107463 0.00759569  -0.023161 -0.0203449 1 0 0
              101.93  3.32032  21.2552 -134.082  7.10206 0.383908 0.329049  -0.018471  0.0641271 -0.0059931 -0.00160157 -0.00097186  0.00105538 0.00711182  -0.023429 -0.0210706 1 0 0
              101.93  3.28409  21.2734 -134.129  7.10514  0.38342 0.328377 0.000256126   0.0608411  -0.0115474 -0.00157364 -0.00098088  0.00110276 0.00738628 -0.0242212 -0.0206689 1 0 0
              102.03  3.38939  21.1653 -133.882  7.10105 0.392634 0.332732 -0.0156889  0.0763007  0.0107164  -0.00163744 -0.000982241    0.0010464 0.00756868 -0.0233246 -0.0215772 1 0 0
              102.03   3.3207  21.1605 -133.921  7.10179 0.393014 0.331159 -0.0100247  0.0789505 0.00102374  -0.00158207 -0.000971604   0.00108229  0.0076525 -0.0234254 -0.0210901 1 0 0
              102.13  3.49425  21.1674 -133.737  7.09702 0.400011 0.336209 -0.030003 0.0828053 0.0202452  -0.00160473 -0.000985392   0.00107123  0.0074512 -0.0231023 -0.0220751 1 0 0
              102.13   3.4524  21.1812 -133.766  7.09935 0.401106 0.334221 -0.0146909  0.0889999 0.00690826  -0.00156908 -0.000987544   0.00110012 0.00785031 -0.0234816 -0.0212851 1 0 0
              102.23  3.51366  21.1366 -133.533  7.09522 0.408178 0.339209 -0.0227462  0.0788257  0.0207379 -0.00156301 -0.00100497  0.00110508 0.00763728 -0.0232439 -0.0221791 1 0 0
              102.23 3.52079 21.1184 -133.51  7.09606 0.409702    0.336  -0.0150084   0.0891972 0.000185365  -0.00156167 -0.000980171   0.00108237  0.0078716 -0.0232162  -0.021137 1 0 0
              102.33   3.5123  21.1624 -133.209  7.09113 0.419719 0.332286 -0.0378467   0.100776 -0.0216637  -0.00157633 -0.000969777   0.00106943 0.00756475 -0.0227205 -0.0207773 1 0 0
              102.33   3.4814  21.1718 -133.209  7.09306 0.420603 0.331415 -0.0256631   0.105491 -0.0285201 -0.00154218 -0.00097204   0.0010714 0.00793463 -0.0230389 -0.0202984 1 0 0
              102.43  3.54074  21.5355 -132.916  7.08457 0.429208 0.337431 -0.0572395  0.0969261 0.00479431  -0.00156692 -0.000998927   0.00106203 0.00764005 -0.0224728 -0.0220539 1 0 0
              102.43 3.53828 21.5576 -132.92  7.08754 0.431118 0.335474 -0.0378093   0.107872 -0.0108876 -0.00156143 -0.00100788  0.00106838 0.00828101 -0.0228957 -0.0210483 1 0 0
              102.53  3.54926  21.6738 -132.578  7.08147 0.439266 0.340437 -0.0495862   0.108982  0.0189591 -0.00159254 -0.00102327  0.00106126 0.00788493 -0.0229314  -0.022283 1 0 0
              102.53  3.49692  21.6612 -132.587  7.08329 0.440577 0.336928  -0.0356546    0.118111 -0.00457726  -0.00154125 -0.000999703   0.00106861 0.00817644 -0.0231502 -0.0210606 1 0 0
              102.63  3.39139   21.696 -132.215  7.07559 0.449776 0.340649 -0.0568371   0.111507  0.0125772 -0.00158516 -0.00100777  0.00107029 0.00773397 -0.0228574 -0.0220538 1 0 0
              102.63 3.35093 21.6921 -132.22  7.07774 0.452229 0.336839 -0.0399519   0.126689  -0.013418  -0.00154476 -0.000988952     0.001074  0.0082689 -0.0230357 -0.0206215 1 0 0
              102.73  3.22899  21.6639 -131.768   7.0741 0.458269 0.340503 -0.0459538   0.109543 0.00333453 -0.00154751 -0.00101024   0.0010977 0.00767524 -0.0237772 -0.0217693 1 0 0
              102.73  3.22171   21.659 -131.745  7.07489 0.461972 0.337852 -0.0374978   0.132656 -0.0181989  -0.00153661 -0.000992212   0.00107415 0.00837269 -0.0234508    -0.0205 1 0 0
              102.83  3.18187  21.4324 -131.181  7.06645 0.475377 0.340779 -0.0666596   0.144075 0.00170843 -0.00153368 -0.00101183  0.00107082 0.00805862 -0.0228006 -0.0216347 1 0 0
              102.83  3.18554  21.4109 -131.181  7.06885 0.477531 0.338517 -0.0483892   0.158097 -0.0184874  -0.00153503 -0.000977302   0.00107056 0.00867333 -0.0231068 -0.0204244 1 0 0
              102.93  3.26947  21.4058 -130.364  7.06598 0.488102 0.337869 -0.0340575   0.133321 -0.0124518 -0.00160542 -0.00096331  0.00104578  0.0082591 -0.0238639 -0.0208225 1 0 0
              102.93  3.18181  21.4217 -130.362  7.06471 0.492171 0.334243 -0.0379353   0.157684 -0.0352923  -0.00152878 -0.000969249   0.00104031 0.00870588 -0.0230144 -0.0196102 1 0 0
              103.03  3.10337  21.4376 -129.416   7.0541 0.513741 0.331432 -0.0623657   0.175511 -0.0304223   -0.0015255 -0.000971314   0.00102275 0.00896168 -0.0214602 -0.0197762 1 0 0
              103.03 3.14108   21.42 -129.39  7.05511 0.513993 0.329644 -0.0554102   0.177857 -0.0409521 -0.0015504 -0.0009519 0.00099821 0.00902621 -0.0216679 -0.0192501 1 0 0
              103.13  3.05236  21.6396 -128.572  7.04477  0.53035 0.325388 -0.0770885   0.163727 -0.0431524  -0.00159169 -0.000944564  0.000975526 0.00862324 -0.0210301 -0.0195093 1 0 0
              103.13  3.01126   21.658 -128.596  7.04757  0.53066 0.326569 -0.0610941   0.163768  -0.038927  -0.00155233 -0.000957023   0.00100102 0.00906518 -0.0216583 -0.0195031 1 0 0
              103.23  3.19884  21.9723 -127.791  7.03773 0.543674 0.327642 -0.0783192   0.152381 -0.0178033 -0.00160928 -0.00095295 0.000975763 0.00863986 -0.0214501 -0.0206387 1 0 0
              103.23  3.14775   21.992 -127.824  7.03967 0.543532 0.327207 -0.0672774   0.151211 -0.0211622  -0.00156409 -0.000970892   0.00101001 0.00879975 -0.0219226 -0.0203862 1 0 0
              103.33  3.36248  22.0424 -127.214  7.03314 0.555957 0.324621 -0.0671486   0.136121 -0.0252497  -0.00155629 -0.000974361    0.0010257 0.00843507 -0.0221638 -0.0204768 1 0 0
              103.33  3.39094  22.0093 -127.196  7.03429 0.556165 0.325491 -0.0613548   0.136802 -0.0213516  -0.00157675 -0.000940728   0.00100798 0.00865047 -0.0224121 -0.0205711 1 0 0
              103.43  3.47172   22.111 -126.822  7.02493 0.566629 0.326896 -0.0750054   0.114616 -0.0113335  -0.00158374 -0.000950676   0.00100459 0.00825188 -0.0221886 -0.0214732 1 0 0
              103.43  3.44533  22.1269 -126.859  7.02732 0.566433 0.327881 -0.0615109   0.112273 -0.0075209  -0.00156617 -0.000962589   0.00104149 0.00853186 -0.0228219 -0.0215183 1 0 0
              103.53  3.52574  21.8437 -126.695   7.0188 0.580732 0.323861 -0.0815841   0.104542 -0.0221262  -0.00158275 -0.000937062   0.00100678 0.00873034 -0.0221361 -0.0208947 1 0 0
              103.53  3.47978  21.8314 -126.729  7.01973 0.580607 0.325195 -0.0767679   0.102761 -0.0152753  -0.00154804 -0.000922254   0.00103906 0.00888243 -0.0223802 -0.0211538 1 0 0
              103.63  3.79326  21.8748 -126.538  7.01092 0.587157 0.328432 -0.0921043  0.0615454 0.00241939 -0.00155734 -0.00093303  0.00105035 0.00876175 -0.0225033 -0.0220517 1 0 0
              103.63  3.83382  21.8839 -126.514  7.01207 0.586294 0.327647  -0.0845795   0.0572144 -0.00255121  -0.00158636 -0.000943811   0.00102973 0.00866223 -0.0229188 -0.0218339 1 0 0
              103.73 3.81628 22.0576 -126.49  7.00187 0.583783 0.331711  -0.10255  0.010478 0.0177508  -0.00159666 -0.000957751   0.00103143 0.00781307 -0.0232557  -0.022949 1 0 0
              103.73  3.75958  22.0817 -126.526  7.00253 0.584741  0.32981 -0.0968061  0.0162379 0.00571612  -0.00155164 -0.000977064   0.00106619 0.00796306 -0.0233142 -0.0223087 1 0 0
              103.83  3.94285   22.109 -126.279  6.98816 0.585433 0.331446  -0.138907 0.00190013 0.00447276 -0.00152742  -0.0009848  0.00106915 0.00776798 -0.0227984 -0.0226969 1 0 0
              103.83  3.97725  22.1009 -126.265  6.98969 0.587444 0.329847   -0.128551   0.0135915 -0.00672789 -0.00155547 -0.00097289  0.00105563 0.00824381 -0.0229492 -0.0219548 1 0 0
             103.931  4.56642  22.1828 -126.053  6.97487 0.584802 0.330069  -0.157948 -0.0141467 -0.0152178  -0.00160337 -0.000958507    0.0010375 0.00787043   -0.02315 -0.0224172 1 0 0
             103.931   4.5344  22.1979 -126.076  6.97628 0.587428 0.327977   -0.147767 0.000562383   -0.029585  -0.00157946 -0.000966187   0.00106012 0.00841665 -0.0231957 -0.0214957 1 0 0
              104.03  4.90575  22.3487 -126.002  6.96174 0.581734 0.325696  -0.167839   -0.03551 -0.0367834 -0.00155611 -0.00097977  0.00108378 0.00791118 -0.0238001  -0.021874 1 0 0
              104.03  4.92253  22.3281 -126.006  6.96251 0.584539 0.323473  -0.161558 -0.0180863 -0.0516946 -0.00157525 -0.00095215  0.00108579 0.00845726 -0.0236304 -0.0209427 1 0 0
              104.13  5.14942  22.5922 -125.734  6.94678 0.579455 0.318926  -0.176123 -0.0459174 -0.0538888  -0.00155277 -0.000962082   0.00110334 0.00828047 -0.0239921 -0.0211627 1 0 0
              104.13  5.19962  22.5719 -125.698  6.94677 0.581751 0.317355  -0.175417 -0.0314346 -0.0641834  -0.0015914 -0.00093991  0.00106738 0.00867442 -0.0236801 -0.0205286 1 0 0
              104.23  5.06103  22.6126 -125.695  6.92472  0.57656 0.313057  -0.209615 -0.0489031 -0.0482071  -0.00155519 -0.000956715   0.00108649 0.00828063 -0.0231492 -0.0210955 1 0 0
              104.23  5.09714  22.5648 -125.679  6.92479 0.579623 0.311607  -0.208535 -0.0296348  -0.058023  -0.00158794 -0.000903681   0.00106621  0.0088642 -0.0227426 -0.0204125 1 0 0
              104.33  4.68679  22.7181 -125.492   6.9015 0.570938 0.307505  -0.256235 -0.0668753 -0.0518169  -0.00155928 -0.000922542   0.00108353 0.00829847 -0.0231332 -0.0209744 1 0 0
              104.33  4.69693  22.7235 -125.474  6.90181 0.574089 0.307393   -0.25497 -0.0486688 -0.0542389   -0.0015647 -0.000923807   0.00106623 0.00899375 -0.0227762 -0.0205946 1 0 0
              104.43  4.34065  22.9942 -124.889  6.87404 0.563039 0.307148  -0.275535 -0.0747747 -0.0159941  -0.00152647 -0.000953258   0.00109692 0.00832479 -0.0231206 -0.0216557 1 0 0
              104.43   4.4051  22.9714 -124.816  6.87279 0.567026 0.305443  -0.282344 -0.0499417 -0.0266555  -0.00156812 -0.000930703   0.00102544 0.00896093 -0.0222786 -0.0209426 1 0 0
              104.53  3.84297  23.0338 -124.617  6.83827 0.562646 0.305742  -0.318207 -0.0213709 0.00881907  -0.00159616 -0.000925572   0.00100836 0.00865092 -0.0215486 -0.0215314 1 0 0
              104.53 3.79034  23.041 -124.64  6.83865 0.565883 0.305121   -0.315666 -0.00250006  0.00316276  -0.00155482 -0.000924887   0.00102867 0.00933774 -0.0212092 -0.0209883 1 0 0
              104.63  2.90036  22.3002 -124.358  6.80522  0.56228 0.310846   -0.307859 -0.00464575   0.0438205  -0.00155656 -0.000936853     0.001043 0.00875453 -0.0210704 -0.0220444 1 0 0
              104.63  2.85868   22.264 -124.359  6.80743 0.564849 0.310435 -0.294849 0.0100273 0.0387819  -0.00151348 -0.000892543   0.00104167 0.00947055 -0.0212666 -0.0214745 1 0 0
              104.73  1.92647  21.8325 -124.089  6.77155 0.566602  0.31907  -0.325032 0.00681357  0.0419664  -0.00149601 -0.000916634   0.00102664 0.00951126 -0.0202909 -0.0225396 1 0 0
              104.73  1.90285  21.8545 -124.072  6.77215 0.568358 0.316254 -0.319552 0.0180263 0.0239501  -0.00146544 -0.000934727   0.00101001 0.00974149 -0.0202361 -0.0215782 1 0 0
              104.83 0.918406  21.9724 -124.276  6.74186 0.568657 0.321009 -0.290258 0.0337204 0.0201712  -0.00139594 -0.000978436   0.00103637 0.00952584 -0.0204439 -0.0222427 1 0 0
              104.83  1.00141   21.997 -124.283  6.74372 0.569246 0.318976  -0.276426  0.0381972 0.00451785  -0.00147959 -0.000999324   0.00104431 0.00970362 -0.0209373 -0.0214039 1 0 0
              104.93  0.50362  21.8955 -124.207  6.71819 0.575733 0.317659   -0.26469  0.0450218 -0.0108566  -0.00152891 -0.000964582    0.0010002  0.0100236 -0.0209737 -0.0209385 1 0 0
              104.93 0.500979  21.8877 -124.213  6.71936 0.574541 0.314251  -0.254522  0.0401226 -0.0299982  -0.00152395 -0.000957251    0.0010077 0.00968908 -0.0215033  -0.020139 1 0 0
              105.03 0.825797  22.6023 -124.145  6.69645 0.577913 0.307053  -0.232039  0.0424289 -0.0394018  -0.00153851 -0.000941036   0.00101214 0.00951589 -0.0219932 -0.0194496 1 0 0
              105.03 0.871072  22.6715 -124.136  6.69733 0.576803 0.309123  -0.2283 0.034473 -0.02846 -0.00157759 -0.00101483  0.00100671 0.00948145 -0.0223521 -0.0200137 1 0 0
              105.13  1.32619  23.0616 -123.804  6.67034 0.580603 0.309995   -0.247204   0.0284699 -0.00821466  -0.00167665 -0.000978825  0.000937397 0.00946926 -0.0216257 -0.0206013 1 0 0
              105.13  1.23186   23.072 -123.859 6.67087 0.57923 0.31077   -0.243399   0.0198702 -0.00367323  -0.00159978 -0.000990049  0.000990055 0.00928645 -0.0219378 -0.0209116 1 0 0
              105.23  1.76166   23.529 -122.921  6.64787 0.585408 0.303255  -0.237883  0.0439393 -0.0297531  -0.00163909 -0.000943237  0.000952162 0.00956295 -0.0219364  -0.019477 1 0 0
              105.23  1.75626  23.5339 -122.873  6.64773 0.583303 0.306226   -0.24064  0.0303331 -0.0120098   -0.0016136 -0.000951516    0.0009068 0.00929578 -0.0220996 -0.0204771 1 0 0
              105.33  1.84664  24.0101 -121.179  6.62278 0.584365  0.30521 -0.246164 0.0215547 0.0198546  -0.00166191 -0.000925195   0.00087592 0.00891717 -0.0221437 -0.0204904 1 0 0
              105.33  1.76002  24.0374 -121.171  6.62349 0.581743 0.308126 -0.244221 0.0047095 0.0375577  -0.00156824 -0.000952648   0.00086907 0.00863278 -0.0225426  -0.021497 1 0 0
              105.43 0.571669  23.9489 -120.502  6.59441 0.580027 0.321688 -0.266726 0.0658345   0.12489  -0.00157054 -0.000958988  0.000876725 0.00796082 -0.0222075 -0.0230509 1 0 0
              105.43 0.446917  23.9263 -120.585  6.59448 0.580553 0.321916  -0.26582 0.0684645   0.12592 -0.00147824 -0.00093386 0.000953618 0.00809564 -0.0221485 -0.0230387 1 0 0
              105.53 0.228073   22.026 -120.274  6.57235 0.588536 0.330364 -0.260819  0.104226 0.0878105  -0.00153468 -0.000903498  0.000934814 0.00794336 -0.0231137 -0.0224708 1 0 0
              105.53 0.223115  21.9235 -120.335  6.57033 0.590898 0.329365 -0.271428  0.119021 0.0828503  -0.00155444 -0.000798631  0.000989471 0.00821512 -0.0223837 -0.0221036 1 0 0
              105.63 0.503148  20.0342 -120.511  6.54696 0.604505 0.331838 -0.262323  0.123176 0.0248519 -0.00157212 -0.00078343 0.000979326 0.00835914 -0.0229328 -0.0213781 1 0 0
              105.63 0.553292  20.0272 -120.539   6.5471 0.605568 0.334538 -0.262576  0.129862 0.0413674  -0.00163379 -0.000775923   0.00100609 0.00891908 -0.0228218 -0.0219298 1 0 0
              105.73 0.903652  18.4991 -120.566  6.52284 0.616617 0.336529   -0.267724   0.0923869 -0.00219388  -0.00161527 -0.000782661    0.0010277 0.00896359 -0.0233134 -0.0218887 1 0 0
              105.73 0.872628  18.5258 -120.591  6.52288 0.617695 0.339107 -0.269007 0.0979028 0.0120697  -0.00159181 -0.000809336   0.00105224  0.0094207 -0.0231521 -0.0223789 1 0 0
              105.83 0.929041  18.1757 -120.372  6.48496 0.622598 0.343051  -0.336667  0.0303798 0.00864967  -0.00159413 -0.000807572   0.00104403 0.00895269 -0.0216534 -0.0233344 1 0 0
              105.83 0.842199    18.28 -120.352  6.48542 0.623261 0.342337  -0.333634  0.0335491 0.00424739 -0.00149784 -0.00091475  0.00102578 0.00910935 -0.0217048 -0.0230697 1 0 0
              105.93 0.742273  18.6183 -121.188  6.44161 0.626515 0.348145 -0.373836 0.0314982 0.0324945 -0.00150461 -0.00091616  0.00102486 0.00874258 -0.0200933 -0.0240949 1 0 0
              105.93 0.740802  18.6828 -121.218  6.44409 0.629029 0.346125 -0.357589  0.046811 0.0179717  -0.00151195 -0.000981409   0.00105576 0.00948285 -0.0205386  -0.023171 1 0 0
              106.03 0.552801  18.3081 -122.354  6.40469 0.640439 0.344614 -0.369457  0.129611 0.0178061  -0.00153678 -0.000942069   0.00102104 0.00941059 -0.0197414 -0.0225519 1 0 0
              106.03 0.466813   18.324 -122.402  6.40913  0.64048 0.345061 -0.342514  0.129021 0.0178536  -0.00146254 -0.000959627   0.00106948 0.00987951 -0.0208931 -0.0224316 1 0 0
              106.13 0.889364  17.3698 -122.876  6.37686 0.651561 0.347539 -0.325691  0.104174 0.0200345  -0.00147584 -0.000953913   0.00104104 0.00974618  -0.021148 -0.0225628 1 0 0
              106.13 0.966036  17.2952 -122.834  6.37961 0.651143 0.344557  -0.307204    0.10254 0.00236805  -0.00153803 -0.000878521   0.00100026 0.00973357 -0.0219891 -0.0217617 1 0 0
              106.23 1.65653 16.8153 -122.78  6.34561 0.652959 0.355226 -0.303495 0.0455554 0.0398767  -0.00159689 -0.000889141   0.00100027 0.00885549 -0.0217087 -0.0238629 1 0 0
              106.23  1.60841  16.8526 -122.741  6.34861 0.654704 0.350711 -0.283753 0.0554079 0.0112635  -0.00153335 -0.000927424  0.000964876 0.00925175 -0.0223348 -0.0224182 1 0 0
              106.33  2.31942  16.3874 -122.362  6.32322 0.660656 0.353183  -0.24057 0.0112802  0.012301  -0.00152433 -0.000919716  0.000967383   0.009693 -0.0221727 -0.0224675 1 0 0
              106.33   2.2922  16.3933 -122.373  6.32523 0.660525 0.349599  -0.223953   0.011421 -0.0111622  -0.00149835 -0.000926235  0.000979148 0.00971552 -0.0228415 -0.0213799 1 0 0
              106.43  2.20131  16.8436 -122.205  6.31161 0.657592 0.340523  -0.194691  -0.024495 -0.0633578 -0.00148782 -0.00090897   0.0010174 0.00978124 -0.0246175 -0.0201035 1 0 0
              106.43  2.21079  16.8667 -122.185  6.31177 0.657378 0.338585  -0.192747 -0.0249183 -0.0747958  -0.00149137 -0.000933579  0.000998817  0.0096628 -0.0246973 -0.0196043 1 0 0
              106.53  2.74035  17.2454 -122.253  6.28666 0.660756 0.325568   -0.24641 -0.0206673  -0.112158  -0.00148494 -0.000905644   0.00100518  0.0102025 -0.0235523 -0.0186879 1 0 0
              106.53  2.80878  17.2311 -122.279   6.2859 0.657016 0.327837  -0.251929  -0.041508 -0.0978286  -0.00156278 -0.000891362   0.00102893 0.00942378 -0.0237626 -0.0195687 1 0 0
              106.63  3.31788  17.9127 -122.776  6.25645 0.656292 0.317229  -0.257073 -0.0361294  -0.106181  -0.00161866 -0.000861317   0.00102114 0.00969657 -0.0227802 -0.0194539 1 0 0
              106.63  3.27831  17.9109 -122.783  6.25468  0.65287 0.319676  -0.269019 -0.0561594 -0.0903148  -0.00157826 -0.000854578   0.00102658 0.00885505 -0.0226681 -0.0204401 1 0 0
              106.73  3.30914  17.8506 -123.325  6.22856 0.654696 0.305973  -0.239476   -0.03045 -0.0846661  -0.00163656 -0.000796977  0.000982261 0.00965619 -0.0220831 -0.0192685 1 0 0
              106.73  3.22577  17.8127 -123.349  6.22735 0.650756 0.310922  -0.249147 -0.0540078  -0.054153  -0.00155678 -0.000750464   0.00100272 0.00888012 -0.0221601 -0.0210069 1 0 0
              106.83   3.3307  17.9159 -123.663  6.20642 0.647113 0.301337  -0.226972 -0.0826345 -0.0546172  -0.00164116 -0.000703875  0.000970075 0.00946728 -0.0224664  -0.019726 1 0 0
              106.83  3.22746  17.9884 -123.699  6.20304  0.64286 0.309264   -0.247077    -0.11122 -0.00715772  -0.00154683 -0.000767395   0.00100882 0.00858629 -0.0222553 -0.0223248 1 0 0
             106.931  2.93487  18.6509 -123.242  6.17326 0.633277 0.309406  -0.232946  -0.133723 0.00254381  -0.00152118 -0.000764839  0.000995182 0.00871345 -0.0208366 -0.0223376 1 0 0
             106.931 2.93715 18.6976 -123.16  6.17187 0.628796 0.314564 -0.240547 -0.160826    0.0332  -0.00149991 -0.000810449  0.000916232 0.00791108 -0.0211478 -0.0240446 1 0 0
              107.03  2.38713  19.2401 -123.321  6.14797 0.613376 0.314195  -0.243971  -0.142208 -0.0070169  -0.00157069 -0.000774235    0.0009184  0.0078493 -0.0212244 -0.0237277 1 0 0
              107.03   2.2616  19.3237 -123.379  6.14855 0.611924 0.318852 -0.241842 -0.153203 0.0193364  -0.00146337 -0.000856077  0.000977306 0.00786497  -0.021564 -0.0249651 1 0 0
              107.13 2.57027 20.0604 -123.26  6.11873  0.60291 0.315452    -0.25508  -0.0908651 -0.00424331  -0.00150271 -0.000806869  0.000958928 0.00784738 -0.0203361 -0.0242751 1 0 0
              107.13  2.63204  20.1322 -123.226  6.12149 0.602235 0.318101  -0.240511  -0.096445 0.00965383  -0.00155651 -0.000883232  0.000927905 0.00813362 -0.0211076 -0.0248208 1 0 0
              107.23  2.80324  20.6868 -123.423  6.09985 0.600632 0.309801   -0.220174  -0.0627406 -0.00997656  -0.00152171 -0.000862285  0.000920065 0.00882191 -0.0207346 -0.0227973 1 0 0
              107.23 2.84063 20.6878 -123.43   6.1023 0.599635 0.312963  -0.206652 -0.0710262 0.00706705  -0.00156495 -0.000863748  0.000924082 0.00901541 -0.0214992  -0.023525 1 0 0
              107.33  2.61558  21.2301 -123.575  6.08002  0.59755 0.311021   -0.214087   -0.040714 -0.00192042  -0.00155382 -0.000858559   0.00091681 0.00942012 -0.0209146 -0.0228933 1 0 0
              107.33  2.60247  21.2485 -123.567  6.08203 0.594718 0.313473  -0.202893 -0.0582345  0.0120069  -0.00154134 -0.000877297  0.000908196  0.0091793 -0.0217421 -0.0236256 1 0 0
              107.43  2.35887  21.4519 -123.442  6.06301  0.59016 0.313835  -0.201434    -0.0293 0.00325839  -0.00152773 -0.000884955  0.000925552 0.00927077 -0.0219947 -0.0234337 1 0 0
              107.43  2.38498  21.4278 -123.412    6.064 0.587287 0.313633  -0.194455 -0.0449658 0.00350524  -0.00154663 -0.000860345  0.000894466 0.00879049 -0.0226028 -0.0236105 1 0 0
              107.53  2.45075  21.3999 -122.588   6.0426 0.585518 0.313818   -0.218821   -0.021527 -0.00615053 -0.00156557 -0.00085398 0.000894492 0.00894876 -0.0223172 -0.0236165 1 0 0
              107.53   2.4459  21.4078 -122.543  6.04257 0.583516 0.312563  -0.217982 -0.0313153 -0.0119245  -0.00154547 -0.000862551  0.000852003 0.00849403  -0.022537 -0.0235092 1 0 0
              107.63  2.42404  21.3786 -121.236  6.02554 0.583039 0.310424   -0.225867 -0.00736508 -0.00767963  -0.00150474 -0.000882641  0.000880223 0.00899119 -0.0233621 -0.0229741 1 0 0
              107.63  2.44607  21.3637 -121.217   6.0252 0.581786 0.309206  -0.227301 -0.0129786 -0.0134007   -0.0015205 -0.000867521  0.000860506 0.00864582 -0.0234139 -0.0228346 1 0 0
              107.73  2.46507  21.6005 -119.436  6.00273  0.58282 0.305415  -0.259816 0.00767581 -0.0158574  -0.00144554 -0.000891537  0.000914035 0.00893184 -0.0236736 -0.0221354 1 0 0
              107.73  2.57313  21.6084 -119.382  6.0011  0.5821 0.30627   -0.270898   0.0034758 -0.00983352  -0.00153468 -0.000901898  0.000863687 0.00867509 -0.0233425 -0.0225433 1 0 0
              107.83 2.56893 22.0564 -117.52   5.9742 0.585538 0.304336   -0.276511   0.0310476 -0.00132469  -0.00147692 -0.000917943  0.000893505 0.00894653 -0.0232352 -0.0220941 1 0 0
              107.83  2.62658  22.0379 -117.483  5.97097 0.585315 0.304477   -0.296072   0.0307237 0.000554271  -0.00151966 -0.000900171  0.000859121 0.00862865  -0.022448 -0.0223383 1 0 0
              107.93  2.44665  22.0474 -115.255  5.93734 0.592489 0.304117  -0.306188  0.0544189 0.00406602  -0.00146887 -0.000903271  0.000879875 0.00877029  -0.021496 -0.0221456 1 0 0
              107.93  2.48484  22.0204 -115.193  5.93532 0.591428 0.304083   -0.31828  0.0490583 0.00547485    -0.001483 -0.000877313  0.000821738 0.00838242 -0.0210922 -0.0223877 1 0 0
              108.03  2.48524  22.3869 -112.846  5.90181 0.595505 0.310426 -0.323387 0.0406887 0.0198619  -0.00143126 -0.000919078  0.000866119 0.00844496 -0.0208527 -0.0234101 1 0 0
              108.03 2.52199 22.3998 -112.82  5.90056 0.596784 0.309916 -0.330701 0.0479609 0.0170014  -0.00145716 -0.000935727  0.000842379 0.00858415 -0.0204359  -0.023224 1 0 0
              108.13  2.57693  23.1355 -110.764  5.87154 0.600451 0.313178 -0.299604 0.0483926 0.0213899 -0.00143571  -0.0009588 0.000872316 0.00863104 -0.0209698 -0.0234256 1 0 0
              108.13  2.64663  23.1315 -110.716  5.86907 0.602422  0.31112 -0.313558 0.0608223 0.0105538  -0.00148731 -0.000960863   0.00082875 0.00875935 -0.0202034 -0.0228621 1 0 0
              108.23  2.66746   23.478 -108.828  5.84321  0.60862 0.313189 -0.294136 0.0685602 0.0146982  -0.0014511 -0.00100339 0.000854394 0.00898716 -0.0210893 -0.0228293 1 0 0
              108.23 2.73378 23.4162 -108.79  5.84036 0.609194 0.311272  -0.311108  0.0738699 0.00523485  -0.00150307 -0.000944083  0.000817225  0.0088229 -0.0202852 -0.0224618 1 0 0
              108.33  2.66384  23.5192 -107.536  5.80916 0.621832 0.314752  -0.297608  0.0856438 0.00901519  -0.00146892 -0.000973596  0.000820771 0.00966605 -0.0198816 -0.0225321 1 0 0
              108.33 2.65294 23.4836  -107.6  5.80799 0.621268 0.312235   -0.303611    0.084322 -0.00340583  -0.00148333 -0.000932481  0.000882865 0.00931034 -0.0196076 -0.0220884 1 0 0
             108.431  2.12536  23.5263 -106.857  5.77964  0.63147 0.307016  -0.261562  0.0843395 -0.0371955  -0.00145102 -0.000919319  0.000869998 0.00932243 -0.0196056 -0.0213621 1 0 0
             108.431  2.17273  23.4901 -106.843  5.77859 0.630063 0.305764  -0.267515  0.0777649 -0.0424878  -0.00149189 -0.000882662  0.000855477 0.00887282 -0.0193963 -0.0213096 1 0 0
              108.53  1.89682   23.836 -106.191  5.75792 0.639604 0.296139  -0.217967  0.0786763 -0.0816517   -0.0015191 -0.000853903  0.000830486  0.0091117 -0.0201655 -0.0203361 1 0 0
              108.53  1.92932  23.8503 -106.197  5.75758 0.637673 0.297181  -0.221076  0.0667247 -0.0750608   -0.0015525 -0.000874391  0.000836575 0.00871755 -0.0201447 -0.0208482 1 0 0
              108.63  1.91338  24.4152 -105.672  5.73597 0.647018 0.284322 -0.185122 0.0549686 -0.108167   -0.0014961 -0.000883444   0.00083389 0.00902254 -0.0198027 -0.0199476 1 0 0
              108.63  1.98984  24.3795 -105.666  5.73681 0.643862  0.28753 -0.182774 0.0350763 -0.089293  -0.00156311 -0.000866614  0.000832135 0.00857751 -0.0201071 -0.0210473 1 0 0
              108.73  1.62113  24.5154 -105.853  5.72379 0.646242 0.273172  -0.104241 0.00991287 -0.0984516  -0.00158769 -0.000839778  0.000796332 0.00825275 -0.0204773 -0.0202251 1 0 0
              108.73  1.55051  24.4312 -105.941  5.72501 0.644032 0.276877  -0.0986089 -0.00541998  -0.0771327  -0.00155004 -0.000770481  0.000873501 0.00805726 -0.0208302 -0.0213108 1 0 0
              108.83  1.16102  25.0449 -106.447  5.71549 0.645946 0.265705 -0.0738255 -0.0238398  -0.080912  -0.00148956 -0.000779934  0.000882758 0.00847966 -0.0205461 -0.0204401 1 0 0
              108.83  1.29025  25.0611 -106.417   5.7172 0.643538 0.271833 -0.0673925 -0.0427996 -0.0467275  -0.00159561 -0.000809986  0.000861884 0.00840837 -0.0210277 -0.0220609 1 0 0
             108.931  1.45204  25.5954 -107.126  5.71567  0.63924 0.267512 -0.0215523 -0.0415974 -0.0280504  -0.00156888 -0.000803147  0.000856754 0.00850933 -0.0215935 -0.0218075 1 0 0
             108.931  1.48296  25.5534 -107.182  5.71703 0.636331 0.271945  -0.0157566  -0.0603883 -0.00437057   -0.0016147 -0.000777647  0.000907241 0.00825007 -0.0219935 -0.0230452 1 0 0
              109.03  1.74809   24.956 -108.087  5.71029 0.634042 0.263457 -0.0164197 -0.0665364 -0.0327069  -0.00159209 -0.000738513  0.000889802 0.00833922 -0.0209248 -0.0217394 1 0 0
              109.03  1.82521  24.8991 -108.052  5.71187 0.631199 0.270127 -0.00902661   -0.086478    0.002426  -0.00164374 -0.000702484  0.000862562 0.00826951 -0.0214264 -0.0234154 1 0 0
              109.13  1.84513    24.28 -109.115  5.71853  0.62089 0.267303  0.0170035 -0.0710494  -0.022385    -0.001647 -0.000671544  0.000844863 0.00803837  -0.022661 -0.0231803 1 0 0
              109.13  1.78272    24.34 -109.169  5.71913  0.62073 0.274028  0.0186104 -0.0783716  0.0118029  -0.00161011 -0.000733126  0.000893696  0.0084318 -0.0228025 -0.0245672 1 0 0
              109.23  1.76218  23.8287 -110.146  5.72557 0.611057 0.269206   0.0420071  -0.0910513 -0.00575035  -0.00157717 -0.000714067  0.000907193 0.00810564 -0.0234266 -0.0237487 1 0 0
              109.23  1.67308  23.9059 -110.205  5.72598 0.611662 0.276092  0.0426031 -0.0934067  0.0279062  -0.00151725 -0.000787859  0.000961136 0.00867213 -0.0234777 -0.0250189 1 0 0
              109.33   1.9496   23.612 -110.559  5.73288 0.604671 0.277749  0.0510305 -0.0823797  0.0246875  -0.00149772 -0.000785961  0.000970008 0.00891485 -0.0238776 -0.0246539 1 0 0
              109.33  1.96468  23.6521 -110.542  5.73171 0.604646  0.28069  0.0419421 -0.0848057  0.0405649  -0.00151245 -0.000828649  0.000953185 0.00904546 -0.0235457 -0.0253294 1 0 0
             109.431  2.09885  23.4452 -110.503  5.72985 0.599311 0.277521 0.00402702 -0.0786159 0.00868786  -0.00150343 -0.000786113  0.000930344 0.00900575 -0.0225827  -0.024267 1 0 0
             109.431  2.09969  23.4969 -110.463  5.72796 0.598707  0.28007 -0.00892579  -0.0840325   0.0231068 -0.00149711 -0.00084381 0.000893419 0.00895758 -0.0221164 -0.0249677 1 0 0
              109.53  2.02616  23.6569 -110.243  5.72748 0.594723 0.274034  -0.0100775   -0.062653 -0.00414591  -0.00146381 -0.000811916  0.000899414 0.00918101 -0.0220712 -0.0234943 1 0 0
              109.53  2.07383  23.6949 -110.212  5.72624 0.592129 0.276908 -0.0197227 -0.0792339  0.0133107 -0.00150003 -0.00086536 0.000872637 0.00878636 -0.0218743   -0.02449 1 0 0
              109.63  2.04504  24.1578 -109.869  5.71977 0.592348 0.271083 -0.0654577 -0.0401031  -0.018792  -0.00142133 -0.000861459  0.000887679 0.00942807 -0.0211549 -0.0230482 1 0 0
              109.63  2.16591  24.1461 -109.809  5.71849 0.588022 0.273297   -0.076455  -0.0650785 -0.00484481  -0.00151477 -0.000876348   0.00083538 0.00863692 -0.0210016 -0.0240672 1 0 0
              109.73  2.42936  24.4655 -109.309  5.70397  0.58664 0.275477   -0.12237 -0.0280775 0.00476725 -0.00154428 -0.00089136 0.000816081 0.00891963 -0.0199326  -0.024333 1 0 0
              109.73  2.44489  24.4485 -109.289   5.7031 0.582072 0.274835  -0.128555 -0.0535407 0.00450746  -0.00154958 -0.000898434  0.000799175 0.00790701 -0.0199337 -0.0248041 1 0 0
              109.83  2.72646  24.7434 -108.308  5.68143 0.580074 0.266768  -0.170818 -0.0157271 -0.0250946  -0.00159227 -0.000850659  0.000742273 0.00743637 -0.0185543  -0.023762 1 0 0
              109.83  2.68983  24.7762 -108.288  5.68301 0.578197 0.268461  -0.161086 -0.0282162 -0.0153922 -0.00153863 -0.00088922   0.0007303 0.00723531 -0.0190721 -0.0242934 1 0 0
              109.93  2.82525  25.0069 -107.323  5.67474 0.577721 0.254747  -0.119053 -0.0172452 -0.0551485  -0.00154753 -0.000808119  0.000695287 0.00713065 -0.0201796 -0.0221362 1 0 0
              109.93   2.8318  25.0354 -107.334  5.67647 0.576657 0.260085   -0.11025 -0.0278907 -0.0257898  -0.00154862 -0.000840589  0.000710722 0.00734282 -0.0206819 -0.0233905 1 0 0
              110.03    2.695  25.6431 -106.801  5.65826 0.575898 0.254023  -0.137833 -0.0010707 -0.0370648  -0.00155951 -0.000826025  0.000678201 0.00707017 -0.0193785 -0.0230468 1 0 0
              110.03  2.66772  25.6598 -106.811  5.66101 0.575136   0.2582   -0.122121 -0.00836315   -0.014905 -0.00152473  -0.0008428 0.000694287 0.00732655 -0.0201163 -0.0239291 1 0 0
              110.13   2.7229  26.4617 -106.502  5.64977 0.580059  0.25461  -0.101388  0.0355675 -0.0208789  -0.00145883 -0.000858526  0.000717997 0.00792393 -0.0200765 -0.0232709 1 0 0
              110.13  2.77371   26.448 -106.519  5.65233 0.578205 0.257487   -0.086654   0.0230264 -0.00546297  -0.00150861 -0.000847883  0.000738173 0.00783759 -0.0208344 -0.0240224 1 0 0
              110.23  2.72248  26.7273 -106.538  5.64408 0.583117 0.252356   -0.07666  0.0490119 -0.0182883  -0.00146835 -0.000816349  0.000735162 0.00782246 -0.0208432 -0.0232524 1 0 0
              110.23  2.79597  26.6908 -106.489  5.64676 0.581224 0.255631  -0.0615585   0.0368847 -0.00143632  -0.00150476 -0.000790851  0.000698929 0.00777562 -0.0216368 -0.0240701 1 0 0
              110.33 2.87254 26.8468 -106.44  5.64958 0.582708 0.261644 -0.00771804   0.0287769   0.0223457  -0.00145191 -0.000865981  0.000759348 0.00803344 -0.0230147  -0.024838 1 0 0
              110.33  2.93034  26.8277 -106.449  5.65128 0.580901 0.262979 0.00232316  0.0176012  0.0299609  -0.00150391 -0.000854261  0.000771867 0.00781715 -0.0235628 -0.0253096 1 0 0
              110.43  2.90998  26.8961 -106.315  5.64921 0.580406 0.266859 0.00504683 0.00871125  0.0331263  -0.00145282 -0.000888231  0.000793813 0.00758357 -0.0231206 -0.0257067 1 0 0
              110.43  2.95711  26.9116 -106.311  5.65126 0.580184  0.26761  0.0171395 0.00706045  0.0363245  -0.00148982 -0.000902821  0.000795093 0.00766593 -0.0236678 -0.0257909 1 0 0
              110.53  3.04239  27.1565 -106.072  5.65156 0.579081 0.271647   0.0209295 -0.00846065   0.0333548  -0.00142152 -0.000952914  0.000818739 0.00762236 -0.0234007 -0.0260133 1 0 0
              110.53  3.14445  27.1522 -106.042  5.65287 0.578566 0.270867  0.0287167 -0.0103331  0.0290102  -0.00150417 -0.000950147  0.000794835 0.00750515 -0.0237684 -0.0258438 1 0 0
              110.63  2.93722  27.3988 -105.929  5.66107 0.579391 0.277566  0.0498002 -0.0033139  0.0410179 -0.00138314 -0.00101936 0.000840177 0.00806956 -0.0244229 -0.0260389 1 0 0
              110.63  3.00155  27.3696 -105.945  5.66149 0.579033 0.275372  0.0531569 -0.0032095  0.0288802  -0.00145235 -0.000989235   0.00085381 0.00783238 -0.0245592 -0.0255625 1 0 0
              110.73  3.00003  27.5396 -105.762   5.6662 0.584805 0.278917 0.0509884  0.016904 0.0345994 -0.00133665 -0.00104662 0.000874041 0.00866603 -0.0242306 -0.0250297 1 0 0
              110.73  3.15416  27.4491 -105.738  5.66581 0.582135 0.274272  0.0493976 0.00598852  0.0115564  -0.00147624 -0.000965297   0.00084971 0.00773143 -0.0242442 -0.0244207 1 0 0
              110.83   3.1732  27.3753 -105.446  5.67216 0.591198 0.280392 0.0558261 0.0305162 0.0267196  -0.00144315 -0.000997199  0.000850651 0.00915848 -0.0241628 -0.0242874 1 0 0
              110.83  3.23329  27.3154 -105.437  5.67122 0.587158 0.275124   0.0506656   0.0108168 0.000863435  -0.00149858 -0.000951063  0.000840352 0.00782912 -0.0240566 -0.0237838 1 0 0
              110.93   3.1147  27.2723 -105.375  5.67987 0.593011 0.277307 0.0658918 0.0360626 0.0101153 -0.00143516 -0.00100311 0.000865828 0.00859897 -0.0245162 -0.0235443 1 0 0
              110.93  3.16664  27.1844 -105.412   5.6783 0.587634 0.272309  0.0563946 0.00959207 -0.0127663  -0.00150511 -0.000932403   0.00089327 0.00705031 -0.0242756 -0.0233327 1 0 0
              111.03  3.18278  27.0201 -105.318  5.68698 0.589049 0.266606  0.0577206 0.00739845 -0.0318397  -0.00147396 -0.000936985  0.000921798 0.00696954 -0.0248494 -0.0225753 1 0 0
              111.03   3.2687  26.9442 -105.304  5.68519 0.586351 0.264717    0.04628 -0.0059826 -0.0395487  -0.00155739 -0.000872656  0.000903444 0.00621948 -0.0244704 -0.0226571 1 0 0
              111.13  3.35178  26.7931 -105.122  5.69112 0.589441  0.24807  0.0541799 0.00744295  -0.092284  -0.00154806 -0.000837684  0.000916962 0.00599199 -0.0244786 -0.0205455 1 0 0
              111.13  3.38289  26.6876 -105.108  5.68921 0.588117 0.249751   0.0410172 -0.00161069   -0.081381  -0.00157842 -0.000741198  0.000895662 0.00577109 -0.0240162  -0.021248 1 0 0
             111.231  3.37001  26.9251 -104.791  5.69101 0.587883 0.235333   0.0255942 0.000627478   -0.109573  -0.00153406 -0.000744389  0.000925432 0.00547728 -0.0236486  -0.020433 1 0 0
             111.231   3.4537  26.8683 -104.735  5.68916 0.586968  0.24086   0.0120445 -0.00916126  -0.0785267  -0.00159656 -0.000699857  0.000870853 0.00565222  -0.023235 -0.0219101 1 0 0
              111.33  3.61193  27.0109 -104.276  5.68644 0.585422 0.234414  -0.0215125 -0.00344591  -0.0783777   -0.0016183 -0.000710483  0.000866904 0.00549959  -0.022768 -0.0223377 1 0 0
              111.33  3.59182   26.954 -104.268  5.68495 0.586984 0.240283  -0.0316208 0.000224469  -0.0483814 -0.00160089 -0.00065531 0.000853487 0.00618868 -0.0223731 -0.0234602 1 0 0
              111.43  3.88278  27.2038 -103.795  5.67515 0.589947 0.238181 -0.0738754  0.0144275 -0.0470031  -0.00158617 -0.000684059  0.000866786 0.00653568 -0.0214191 -0.0238219 1 0 0
              111.43  3.97005  27.2008 -103.737  5.67392 0.589176  0.24263 -0.0823395  0.0061652 -0.0236226  -0.00164886 -0.000691203  0.000813944 0.00666379 -0.0211994 -0.0249233 1 0 0
              111.53  4.24218  27.6946 -103.376  5.66556 0.593621  0.23532 -0.0762638  0.0421805 -0.0472187 -0.00164884 -0.00067969 0.000817158 0.00677926 -0.0210419 -0.0240886 1 0 0
              111.53  4.26433  27.7352 -103.343  5.66534 0.593308  0.24131 -0.0782074  0.0354575 -0.0177394   -0.0016552 -0.000725996  0.000790393 0.00714648 -0.0210798 -0.0253381 1 0 0
              111.63  4.23708  28.2587 -103.193  5.66177 0.600219 0.232705 -0.0547517   0.048778  -0.038043  -0.00165545 -0.000714116  0.000798151 0.00734291 -0.0215327 -0.0239882 1 0 0
              111.63  4.20924  28.2345 -103.206  5.66117 0.598624 0.237656 -0.0586816  0.0360467 -0.0125387  -0.00163428 -0.000697265   0.00080704 0.00738057 -0.0215053 -0.0252457 1 0 0
             111.731  4.11394  28.6127 -103.032  5.65444 0.604073 0.237753  -0.0554777   0.0463105 -0.00733897  -0.00165979 -0.000711207  0.000806925 0.00765473 -0.0212506 -0.0253147 1 0 0
             111.731 4.08329 28.6155    -103  5.65435 0.602037 0.240173  -0.056603  0.0318476 0.00796262  -0.00161435 -0.000725006  0.000780902 0.00743359 -0.0213325 -0.0262175 1 0 0
              111.83 4.09101  29.076 -102.96  5.64785 0.603147  0.24417 -0.0539743  0.0395021  0.0215262   -0.0015448 -0.000792308  0.000797665 0.00729062 -0.0212623 -0.0269635 1 0 0
              111.83  4.17824  29.0886 -102.922  5.64779 0.602015 0.245933 -0.0552946  0.0311639  0.0318547  -0.00161432 -0.000812273  0.000765869 0.00719786 -0.0213179 -0.0275413 1 0 0
              111.93  4.32923  29.3324 -102.915  5.64613 0.602878 0.243891 -0.0254889  0.0205477  0.0070909  -0.00156848 -0.000856219  0.000790778  0.0066528  -0.021809 -0.0270002 1 0 0
              111.93  4.37287  29.2915 -102.901  5.64616 0.603598 0.245576 -0.0257426  0.0237616  0.0156169  -0.00160575 -0.000814514   0.00077473 0.00694465 -0.0218181  -0.027255 1 0 0
              112.03  4.27807  29.7123 -102.876  5.64121 0.610088 0.245082  -0.027514  0.0376423 0.00355093  -0.00150658 -0.000854049  0.000799935 0.00734943 -0.0211865 -0.0266967 1 0 0
              112.03  4.36307  29.7063 -102.812  5.64159 0.609248 0.245706 -0.0257823  0.0326063 0.00719591   -0.0015597 -0.000854275  0.000743712 0.00724565 -0.0213278 -0.0269406 1 0 0
              112.13  4.49141  30.0931 -102.807  5.64368  0.61167 0.247688 -0.00759001   0.0338441   0.0204023 -0.00153746 -0.00084336  0.00074014 0.00725591 -0.0221387 -0.0270073 1 0 0
              112.13  4.50069  30.1391 -102.806  5.64393 0.610613 0.246751 -0.00607458   0.0283588   0.0163061 -0.00154546 -0.00089193  0.00074316  0.0069766 -0.0222288 -0.0269657 1 0 0
              112.23  4.72692  30.0576 -102.808  5.64687 0.610565 0.248519 0.00298012  0.0233446  0.0329864  -0.00156588 -0.000872184   0.00074967 0.00654124 -0.0229198  -0.027073 1 0 0
              112.23  4.71419  30.0623 -102.806  5.64732 0.610823 0.247855 0.00590575  0.0255191  0.0293352  -0.00155172 -0.000875996  0.000749273 0.00654947 -0.0230175 -0.0268624 1 0 0
              112.33  4.74265  29.9675 -102.936  5.65376 0.611031 0.249345 0.0223807 0.0154823 0.0312389  -0.00150581 -0.000869825  0.000775128 0.00626047 -0.0240406 -0.0266449 1 0 0
              112.33 4.75457 29.9692 -102.98  5.65451 0.611276 0.248382 0.0269315 0.0177189 0.0260979  -0.00151406 -0.000859323  0.000794172 0.00623673 -0.0242039 -0.0263692 1 0 0
              112.63  4.64884  30.0176 -103.017  5.65135 0.611605 0.250165 0.00787429   0.017911  0.0351303  -0.00150563 -0.000892668  0.000780317 0.00639707 -0.0234165 -0.0268278 1 0 0
              112.63  4.66602  30.0025 -103.015  5.65137 0.612234 0.250038 0.00794333  0.0215851  0.0340147  -0.00151322 -0.000881405  0.000777382 0.00650443 -0.0233949 -0.0266981 1 0 0
              112.83  4.68537  29.9758 -103.026  5.65296  0.61306 0.248753 0.0175373 0.0273885 0.0267533   -0.0015131 -0.000852918  0.000790518 0.00657667 -0.0237431 -0.0262245 1 0 0
              112.83  4.68537  29.9758 -103.026  5.65296  0.61306 0.248753 0.0175373 0.0273885 0.0267533   -0.0015131 -0.000852918  0.000790518 0.00657667 -0.0237431 -0.0262245 1 0 0
              112.93 4.76271 30.0619 -102.88  5.65329 0.616001 0.251804 -0.0124074  0.0286401  0.0321521   -0.0015131 -0.000852918  0.000790518 0.00657667 -0.0237431 -0.0262245 1 0 0
              112.93  4.70504  29.6821 -102.613  5.65394 0.615842 0.249955 -0.00361772   0.0315593   0.0137248  -0.00148529 -0.000808094   0.00077017 0.00641985 -0.0238203 -0.0259865 1 0 0
              113.13  5.04461  29.6729 -101.796  5.64968 0.624934 0.260345 -0.060528 0.0530088 0.0718961  -0.00147913 -0.000802238  0.000778183 0.00663478 -0.0239492 -0.0261016 1 0 0
              113.13  5.04165  29.6428 -101.796  5.64535 0.618193 0.253377 -0.0800654     0.0243   0.042176  -0.00147253 -0.000788484  0.000785009  0.0062175 -0.0237931 -0.0260357 1 0 0
              113.23   5.1471  28.9198 -101.461  5.64488 0.623664  0.25767 -0.0873937   0.043289  0.0678076  -0.00150956 -0.000770749  0.000795739 0.00626756 -0.0240433 -0.0259233 1 0 0
              113.23  5.12666  28.8744 -101.505  5.64291 0.618147    0.254 -0.0985673  0.0170924  0.0542514  -0.00151096 -0.000719601  0.000830474 0.00559357 -0.0237846 -0.0261892 1 0 0
              113.33  5.06981  27.7863 -101.435  5.64243  0.61801 0.261281 -0.0929848  0.0198656   0.076499  -0.00150816 -0.000774034  0.000919166 0.00551218 -0.0249908 -0.0262029 1 0 0
              113.33  5.10018  27.6776 -101.456  5.63997 0.615047 0.259847  -0.107833 0.00565997    0.07114  -0.00155382 -0.000656839  0.000923532 0.00493619 -0.0244565 -0.0265011 1 0 0
              113.43  5.04453   26.434 -101.396   5.6354 0.615192 0.268975 -0.0879693 0.00400591  0.0859649 -0.00152427 -0.00066611 0.000989696 0.00498837 -0.0255412  -0.026551 1 0 0
              113.43  5.0611 26.4066 -101.41  5.63181  0.61379 0.267781   -0.109313 -0.00227395    0.080996  -0.00155334 -0.000637544  0.000992563 0.00458979 -0.0245966 -0.0266856 1 0 0
              113.53  4.66152  25.0052 -101.443  5.61898 0.611672 0.271831  -0.117303 -0.0147934  0.0528803  -0.00149242 -0.000618193   0.00103024 0.00417503 -0.0242781 -0.0264183 1 0 0
              113.53  4.71367  24.9607 -101.424  5.61491 0.611302 0.271951   -0.14107 -0.0160885  0.0539816   -0.0015486 -0.000570452  0.000999422 0.00405145 -0.0231867 -0.0266792 1 0 0
              113.63  4.42776  24.2778 -101.285  5.60418 0.605063 0.275578  -0.133486 -0.0470155  0.0183218  -0.00153924 -0.000601416   0.00104436 0.00369048 -0.0239233 -0.0268758 1 0 0
              113.63  4.40962  24.3117 -101.307  5.60053 0.608261 0.278107  -0.155044 -0.0315844  0.0280448  -0.00153587 -0.000635277     0.001062 0.00451429 -0.0228284 -0.0270685 1 0 0
              113.83  4.28434  23.5839 -100.324  5.56328  0.61217 0.266963   -0.159533 -0.00136651  -0.0352916  -0.00150594 -0.000563888   0.00107305 0.00476934 -0.0215545 -0.0251552 1 0 0
              114.23  4.39512  23.6082 -100.164  5.55297 0.613632  0.27374   -0.209699  0.00176467 -0.00891774  -0.00155966 -0.000605736  0.000910636 0.00531764 -0.0194626 -0.0264949 1 0 0
              114.33  4.52066  23.7784 -99.5842  5.52681  0.61497 0.268699  -0.216396  -0.014228 -0.0162704   -0.0015438 -0.000584302  0.000886142 0.00516971 -0.0184797 -0.0259484 1 0 0
              114.33 4.11584 23.6836 -99.957  5.52699 0.614568 0.267369  -0.212821 -0.0151094 -0.0224386  -0.00126611 -0.000452129   0.00124894 0.00499084 -0.0184855 -0.0257033 1 0 0
              114.43  4.29259  24.1444 -99.5266  5.50337 0.607409 0.270885  -0.206218  -0.054627 0.00975594   -0.0012415 -0.000445024   0.00127945 0.00467799  -0.018057 -0.0268257 1 0 0
              114.43  5.25984  24.8715 -99.0209  5.50338 0.608809 0.273037  -0.212431 -0.0524476  0.0195152 -0.00206625 -0.00127953 0.000846594 0.00516402 -0.0181453 -0.0271047 1 0 0
              114.53  5.72275  24.9357 -98.5193  5.49165 0.594648 0.276117 -0.185651 -0.126664 0.0227332 -0.00214285 -0.00129264 0.000842923 0.00445513  -0.019973  -0.027594 1 0 0
              114.53  5.69954  24.9245 -98.5428  5.49185 0.593604 0.276237 -0.184431 -0.132212 0.0240678 -0.00212847 -0.00127847 0.000865062 0.00425157 -0.0200476 -0.0277513 1 0 0
              114.63  5.96455  25.3593 -98.1626  5.47287 0.581731 0.273696  -0.181715  -0.141869 0.00966752 -0.00210034 -0.00126547  0.00085954 0.00433962 -0.0198184 -0.0268155 1 0 0
              114.63  5.96549  25.3846 -98.1692  5.47255 0.579859 0.273211 -0.183956 -0.152356 0.0085019 -0.00210463 -0.00129308 0.000869038 0.00388033 -0.0197542 -0.0269799 1 0 0
              114.73  5.97624  25.5611 -98.2738  5.45319 0.553655 0.276418 -0.203448 -0.193639 0.0247029 -0.00209854 -0.00129227 0.000861357 0.00240669 -0.0199617 -0.0282242 1 0 0
              114.73  6.00993   25.558 -98.3118  5.45309 0.553041 0.275527 -0.204145 -0.196394 0.0203278  -0.0021524 -0.00128516 0.000898096   0.002198 -0.0199308 -0.0280975 1 0 0
              114.83  6.08762  25.0824 -98.4028  5.43224 0.532111 0.271837 -0.195014 -0.194986  0.011589 -0.00211147 -0.00119712 0.000876192 0.00162206 -0.0196726 -0.0272359 1 0 0
              114.83 6.11579 25.1178 -98.398   5.4323  0.53286 0.272947 -0.195014 -0.191843 0.0168279 -0.00213983 -0.00123542 0.000875334 0.00187491 -0.0196973 -0.0273847 1 0 0
              114.93  6.18916  24.0921 -98.3571  5.39507 0.509671 0.270355  -0.251517  -0.214175 -0.0117479 -0.00206442 -0.00119597 0.000806716 0.00107102 -0.0166208 -0.0276397 1 0 0
              114.93 6.18767 24.0806 -98.349   5.3965 0.512557 0.272945    -0.242891    -0.199528 -0.000377715 -0.00205827 -0.00118309 0.000797229 0.00193376 -0.0170174 -0.0277596 1 0 0
              115.03 6.29484  23.791 -97.688  5.37116 0.496617 0.262458  -0.223689  -0.161087 -0.0198407 -0.00201052 -0.00109706 0.000746271 0.00197588 -0.0161895 -0.0258049 1 0 0
              115.03  6.29541  23.8489 -97.6381  5.37275 0.497491 0.265614   -0.213904   -0.158225 -0.00481926 -0.00198853 -0.00116463 0.000704256 0.00244581 -0.0167064  -0.026301 1 0 0
              115.13  6.36035  23.4481 -97.1083  5.35353 0.486766  0.26542  -0.232671 -0.0905218 -0.0119113 -0.00205014 -0.00121827 0.000637534 0.00272625 -0.0173007 -0.0261312 1 0 0
              115.13  6.25164  23.3879 -97.1517  5.35506 0.486074 0.267991  -0.222877 -0.0958115 0.00119425 -0.00195142 -0.00114904 0.000674439  0.0027664 -0.0177945 -0.0267337 1 0 0
              115.23  6.37632  23.7305 -96.8049  5.33205  0.48123 0.267837  -0.250786 -0.0773713 -0.0136434 -0.00195013 -0.00116111 0.000689367 0.00352198  -0.017902 -0.0264452 1 0 0
              115.23  6.41254   23.758 -96.7589  5.33356 0.478035 0.268465  -0.242591  -0.096877 -0.0082844 -0.00197164 -0.00119677 0.000644081 0.00280698 -0.0183805 -0.0269884 1 0 0
              115.33  6.09388  24.5538 -96.5564  5.30151 0.474112 0.261568  -0.291924 -0.0826416 -0.0474807 -0.00187964 -0.00112034 0.000625997 0.00348646 -0.0169795 -0.0258926 1 0 0
              115.33  6.16615  24.6101 -96.5103  5.30292 0.469753 0.262261  -0.284915  -0.109724 -0.0413896 -0.00194089 -0.00118245    0.000586 0.00244116 -0.0174439 -0.0266325 1 0 0
              115.43  6.06885  25.2908 -95.9316  5.26855  0.46237 0.254394  -0.372844 -0.0958814 -0.0631862 -0.00191945 -0.00118131 0.000567029  0.0028704 -0.0170402 -0.0258875 1 0 0
              115.43  6.07006  25.2707 -95.9038  5.27125  0.45506 0.256494  -0.359594   -0.13857 -0.0495841 -0.00191192  -0.0011544 0.000535752 0.00129044  -0.017842 -0.0272409 1 0 0
              115.53  6.35748  25.4835 -94.5893  5.24047 0.446012 0.254438  -0.393854  -0.120599 -0.0307727 -0.00197401 -0.00114286 0.000564938 0.00228095 -0.0193134 -0.0269949 1 0 0
              115.53  6.32521  25.4633 -94.4965  5.24218 0.439334 0.254591  -0.384455  -0.159885 -0.0253517 -0.00189846 -0.00112315 0.000469573 0.000703725  -0.0198524  -0.0279699 1 0 0
              115.63 6.20743 25.4758 -92.676  5.20671  0.42117 0.247369   -0.43359   -0.16492 -0.0201634 -0.00196561 -0.00108167 0.000494717 5.89117e-05  -0.0209643  -0.0270927 1 0 0
              115.63  6.11838  25.4754 -92.6829  5.20836 0.415554 0.249401   -0.423485   -0.199501 -0.00688273 -0.00187334 -0.00107285 0.000499472 -0.00112354  -0.0215229  -0.0283155 1 0 0
              115.73  5.22184  25.0355 -89.9075  5.16615 0.397609 0.244136 -0.440041 -0.163603 0.0107983 -0.00187588 -0.00100282 0.000469176 -0.00151098  -0.0217153  -0.0273029 1 0 0
              115.73  5.13648  25.0471 -89.9151  5.16709 0.395184 0.247977 -0.434141 -0.179316 0.0305038 -0.00178522  -0.0010097 0.000478694 -0.00174947  -0.0220703  -0.0284317 1 0 0
              115.83  3.04251  24.9277 -86.7702  5.13038 0.378413 0.260402 -0.424243 -0.131684 0.0728245 -0.00187245 -0.00110787 0.000402061 -0.0014674 -0.0234752 -0.0295426 1 0 0
              115.83  2.87419   24.957 -86.8988  5.12998 0.378196 0.262596    -0.425 -0.134351 0.0835656 -0.00174637 -0.00112659 0.000532466 -0.0013347 -0.0234334 -0.0300516 1 0 0
              115.93  1.25735  23.9244 -83.4161  5.08038  0.36511 0.277978  -0.430713 -0.0885689   0.113605 -0.00161454 -0.00117903  0.00052722 -0.00143948  -0.0222758  -0.0312884 1 0 0
              115.93  1.49422   23.911 -83.3852  5.0809 0.36585 0.27829  -0.429475 -0.0852191   0.114777  -0.0018578 -0.00117241 0.000493466 -0.00128544  -0.0224279  -0.0312564 1 0 0
              116.03 0.975159  23.1885 -80.2033  5.03136 0.349501 0.293023  -0.396498 -0.0873281   0.105051 -0.00184932 -0.00124989 0.000434196 -0.00208437  -0.0209066   -0.032604 1 0 0
              116.03  1.01801   23.256 -80.2707  5.03189 0.353815 0.291993  -0.394196 -0.0659456  0.0990068 -0.00192764 -0.00132639 0.000499593 -0.00130652  -0.0211387  -0.0318923 1 0 0
              116.13 0.972897  23.0451 -77.9108  4.99769 0.345665 0.303972  -0.331316 -0.0428564  0.0873311 -0.00201384  -0.0013676 0.000475301 -0.00143396  -0.0214448  -0.0325103 1 0 0
              116.13 0.927029  23.0838 -77.9962  4.99834 0.351191 0.300319  -0.328126 -0.0137014  0.0689672 -0.00200713 -0.00141182 0.000557161 -0.000596552   -0.0217973   -0.0311514 1 0 0
              116.23 0.831731  22.9245 -76.4608  4.97067 0.351805 0.309275 -0.278075 0.0268273 0.0560612 -0.00203284  -0.0013925 0.000544867 -0.000508158   -0.0223481   -0.0316559 1 0 0
              116.23 0.866964  23.0102 -76.5188  4.96967 0.357093 0.304647 -0.284472 0.0558003 0.0327285 -0.00209754 -0.00149112 0.000602206 0.000350958  -0.0224012  -0.0300457 1 0 0
              116.33 0.731167  23.2409 -75.3476  4.94045 0.364067 0.308109 -0.279491 0.0948336 0.0210583 -0.00203737 -0.00144853 0.000614687 0.000494454   -0.022163  -0.0301987 1 0 0
              116.33 0.771599  23.3144 -75.4094  4.94124 0.368691 0.302548   -0.278811    0.121595 -0.00549255  -0.0021108 -0.00153159 0.000676028 0.00111734 -0.0225436   -0.02855 1 0 0
              116.43 0.990428   22.799 -73.9255  4.91033 0.383315 0.304173   -0.28936    0.19036 -0.0066717  -0.0021125 -0.00153615 0.000641513 0.00109358 -0.0221064  -0.028927 1 0 0
              116.43 0.940723  22.7165 -73.9727  4.91093 0.386565 0.298979  -0.288886   0.210964 -0.0317238 -0.00208209 -0.00144848 0.000686556 0.00143189 -0.0224053 -0.0274931 1 0 0
              116.53 0.989848  22.2648 -72.7808  4.88129 0.411649 0.296061  -0.324043   0.269717 -0.0400371 -0.00219645 -0.00145342 0.000651461 0.00156895 -0.0225713 -0.0275651 1 0 0
              116.53 0.859527  22.2475 -72.8519  4.88096 0.413794 0.292232  -0.326793   0.283989 -0.0594068 -0.00208611 -0.00143464 0.000722924  0.0018263 -0.0226221 -0.0264532 1 0 0
              116.63  1.23727  22.1286 -71.1677  4.83842 0.439825 0.286739  -0.335786   0.293229 -0.0382044 -0.00207898  -0.0014288 0.000679133  0.0019814 -0.0209897 -0.0262604 1 0 0
              116.63  1.19282  22.1457 -71.1672  4.83973 0.442033 0.285272  -0.330906   0.306387 -0.0468197 -0.00203278 -0.00144823 0.000678891 0.00229224 -0.0214038 -0.0256925 1 0 0
              116.73 1.61102 22.1005 -69.917  4.81001 0.471889 0.278954   -0.301221    0.319958 -0.00788345 -0.00221971 -0.00142449 0.000626486 0.00149704 -0.0216916 -0.0254762 1 0 0
              116.73  1.44179  22.0916 -70.0181  4.81088 0.475233 0.280679   -0.296752    0.336339 -0.00148644 -0.00208009 -0.00141308 0.000726627 0.00221402 -0.0221219 -0.0255068 1 0 0
              116.83  1.57279  22.1127 -69.3259  4.77925 0.503171 0.280418 -0.282104  0.279893 0.0242416 -0.00204191  -0.0013817 0.000712767 0.00173445  -0.021469 -0.0254278 1 0 0
              116.83 1.58962 22.1056 -69.343  4.78009 0.504925 0.282442  -0.27757  0.287513 0.0330519 -0.00206809 -0.00137458 0.000729289 0.00212159 -0.0218227 -0.0257187 1 0 0
              116.93  2.02119  22.0976 -69.1583  4.74736  0.52863 0.283732 -0.288834  0.256312 0.0196191  -0.0020976 -0.00135899 0.000683868 0.00167697 -0.0208266 -0.0255969 1 0 0
              116.93 1.98934 22.0848  -69.23  4.74917 0.530093 0.286225 -0.278461  0.261211 0.0317384 -0.00209561 -0.00134143 0.000756029 0.00189359  -0.021365 -0.0261332 1 0 0
              117.03  2.43989  22.2707 -69.0462   4.7288 0.556222 0.288194 -0.243987  0.266005 0.0187094 -0.00225028  -0.0013208 0.000715821 0.00148208 -0.0222896 -0.0263127 1 0 0
              117.03  2.30734  22.3078 -69.0847  4.72986 0.556522 0.290973 -0.236278    0.2645  0.032782 -0.00213208 -0.00135816 0.000752883 0.00154052  -0.022572 -0.0270265 1 0 0
              117.13  2.47905  21.5848 -68.9117  4.71019 0.586523 0.296519 -0.220197  0.274502 0.0479006 -0.00224505 -0.00136383 0.000730005 0.00173146 -0.0234997 -0.0273265 1 0 0
              117.13 2.36565 21.5145 -68.973  4.71112 0.585476 0.297706 -0.213393  0.267945 0.0556086 -0.00215392 -0.00129622 0.000785462 0.00145946 -0.0236238 -0.0278314 1 0 0
              117.23 2.23194 20.6027 -68.946  4.68937  0.61001 0.298654 -0.235326  0.245063 0.0186814 -0.00230289 -0.00130001 0.000737876 0.00117007 -0.0235973 -0.0274028 1 0 0
              117.23  2.01185  20.5812 -69.0007  4.68995 0.608404 0.300854 -0.229389  0.234303 0.0320331 -0.00210293 -0.00128702 0.000790266 0.000885006  -0.0235789  -0.0281685 1 0 0
              117.33 2.15273 19.6477 -68.661  4.66655 0.632806 0.298462 -0.254784  0.271539  0.014471  -0.0022533 -0.00128606 0.000731089 0.000648461  -0.0236624  -0.0273758 1 0 0
              117.33  1.97103  19.6174 -68.7237  4.66719 0.631147 0.301276 -0.249214  0.261019 0.0298111 -0.00209194 -0.00126457 0.000791053 0.000408262  -0.0236508  -0.0282014 1 0 0
              117.43  2.04674  18.3575 -68.1379  4.63793 0.657126 0.301501 -0.275525   0.27214 0.0248493 -0.00218207 -0.00125131 0.000785179 0.00040982 -0.0231396 -0.0277635 1 0 0
              117.43  1.92883  18.3516 -68.1171  4.63878 0.653044 0.304865 -0.268582  0.250309 0.0427895 -0.00206043 -0.00126736 0.000766068 -0.000241591   -0.0229875   -0.0288491 1 0 0
              117.53  2.00223  17.5937 -66.5963  4.60682 0.679773 0.307507 -0.299284   0.28953  0.034203 -0.00213214 -0.00127522  0.00074323 4.52454e-05   -0.022412  -0.0284839 1 0 0
              117.53  1.87957   17.599 -66.5596  4.60873 0.678765 0.309556 -0.288476  0.283058 0.0451942 -0.00199376 -0.00129013 0.000712365 -0.0002309 -0.0226863 -0.0290815 1 0 0
              117.63  1.59394  16.8386 -64.9768   4.5769 0.713915 0.308317 -0.321626  0.327126 0.0121831  -0.0019553 -0.00125206 0.000764126 0.00041027  -0.022725  -0.028036 1 0 0
              117.63  1.64677  16.8552 -64.9159  4.57901 0.712736 0.311073 -0.310979  0.319394 0.0263581 -0.00198303  -0.0012816 0.000709723 0.000121929  -0.0230172  -0.0287699 1 0 0
              117.73  1.24942  16.9039 -63.4139  4.54875 0.744934 0.306081  -0.319346   0.308129 -0.0130786 -0.00200061 -0.00125361 0.000741822 -7.35353e-05   -0.0232976   -0.0279143 1 0 0
              117.73  1.25067  16.9917 -63.4084  4.54954 0.741521 0.309316  -0.314161   0.289912 0.00430708 -0.00200037 -0.00135877 0.000738924 -0.000597502   -0.0231394   -0.0288552 1 0 0
              117.83  1.41708  17.8198 -62.3214  4.51921 0.776723 0.306339  -0.309124   0.320465 -0.0201577 -0.00208113 -0.00134141 0.000729434 -8.06215e-05    -0.023714   -0.0282567 1 0 0
              117.83  1.37213  17.8756 -62.3724  4.51828 0.772997 0.309101   -0.311149    0.301836 -0.00556101 -0.00205853 -0.00141079 0.000777323 -0.000523324   -0.0232365   -0.0290387 1 0 0
              117.93  1.63026  18.4503 -61.7523  4.48727 0.804427 0.303914  -0.280395   0.311503 -0.0244393 -0.00208359 -0.00138756  0.00079746 -0.000460423   -0.0231777   -0.0284794 1 0 0
              117.93  1.60421  18.4606 -61.7562  4.48596 0.803403 0.307561   -0.285829    0.305464 -0.00710413   -0.002065 -0.00140004 0.000799986 -0.000331175   -0.0228508   -0.0292254 1 0 0
              118.03  1.82704  18.7956 -61.4862  4.46096 0.835743 0.299699  -0.249304   0.301527 -0.0109496 -0.00217885  -0.0013702 0.000790544 -0.000405858   -0.0233154   -0.0280463 1 0 0
              118.03   1.7494  18.7779 -61.5203  4.45926 0.834547 0.303585  -0.256782   0.294783 0.00779093 -0.00212158 -0.00135289 0.000820377 -0.000230486   -0.0228815   -0.0288451 1 0 0
              118.13  1.98499  18.6047 -61.5877  4.44225 0.859768 0.302575 -0.165036  0.260109 0.0163623 -0.00209635 -0.00131383 0.000867055 -0.00100087   -0.023326  -0.0287211 1 0 0
              118.13  2.00885  18.6347 -61.5769  4.44092 0.860937 0.305399 -0.172477  0.263707 0.0300777 -0.00212148 -0.00133698 0.000856301 -0.000499944    -0.023171    -0.029195 1 0 0
              118.23  2.11539  18.6081 -61.9281  4.42569 0.882499 0.304888 -0.120923  0.207645 0.0167466 -0.00213722 -0.00131601 0.000850419 -0.000777253   -0.0229287   -0.0287629 1 0 0
              118.23  2.08003  18.6325 -61.9232  4.42433  0.88145 0.307041 -0.128363  0.201139  0.028673 -0.00210974 -0.00134096 0.000844295 -0.00065919  -0.0225109  -0.0292723 1 0 0
              118.33  2.57467  18.5349 -62.1249  4.41471 0.899617 0.309692 -0.0909686   0.193351  0.0251719 -0.00221522 -0.00132624 0.000816818 -0.000934544   -0.0225749   -0.0293818 1 0 0
              118.33  2.41272  18.5595 -62.1721  4.41383 0.900564 0.310729 -0.0949385   0.197614   0.029928 -0.00206968 -0.00134375   0.0008618 -0.000611733   -0.0224925   -0.0294977 1 0 0
              118.43  2.64686  17.9302 -62.9955  4.40624 0.918633 0.314211 -0.0672681   0.178559  0.0333339 -0.00204385 -0.00133571 0.000888934 -0.000927324   -0.0224003   -0.0297133 1 0 0
              118.43  2.67864  17.9066 -62.9761  4.40472 0.918664 0.313274 -0.075816  0.180088 0.0278134 -0.00207434 -0.00130799 0.000867641 -0.000760836   -0.0221251   -0.0294028 1 0 0
              118.53  3.03667  18.4712 -64.0102  4.39409 0.930131 0.320259 -0.0843353   0.143766  0.0445059 -0.00218043 -0.00135104 0.000795625 -0.000782307   -0.0213079   -0.0301202 1 0 0
